
*** 04-prototype-development/contracts/soroban-vault/src/lib.rs:144:9: replace Vault::withdraw -> i128 with 1

*** mutation diff:
--- 04-prototype-development/contracts/soroban-vault/src/lib.rs
+++ replace Vault::withdraw -> i128 with 1
@@ -136,50 +136,17 @@
         Self::set_total_shares(&env, Self::checked_add(&env, total, shares));
         Self::touch(&env, &from);
 
         shares
     }
 
     /// Burn `shares` and return the corresponding amount of the underlying token.
     pub fn withdraw(env: Env, from: Address, shares: i128) -> i128 {
-        from.require_auth();
-        Self::require_not_paused(&env);
-        Self::require_positive(&env, shares);
-
-        let balance = Self::balance_internal(&env, &from);
-        if balance < shares {
-            panic_with_error!(&env, VaultError::InsufficientBalance);
-        }
-
-        let token_addr = Self::token_address(&env);
-        let client = token::TokenClient::new(&env, &token_addr);
-        let vault = env.current_contract_address();
-
-        let total = Self::total_shares_internal(&env);
-        let assets = client.balance(&vault);
-
-        // amount = shares * assets / total
-        let amount = if total == 0 {
-            0
-        } else {
-            Self::checked_mul(&env, shares, assets) / total
-        };
-
-        // Effects before interaction (CEI) — the reentrancy discipline from
-        // scenario S02.
-        Self::set_balance(&env, &from, Self::checked_sub(&env, balance, shares));
-        Self::set_total_shares(&env, Self::checked_sub(&env, total, shares));
-
-        if amount > 0 {
-            client.transfer(&vault, &from, &amount);
-        }
-        Self::touch(&env, &from);
-
-        amount
+        1 /* ~ changed by cargo-mutants ~ */
     }
 
     /// Move `shares` between two holders.
     pub fn transfer_shares(env: Env, from: Address, to: Address, shares: i128) {
         // I5 — the sender must authorize. Dropping this is `bug_missing_auth`,
         // the SOR-001 / Wormhole bug class.
         #[cfg(not(feature = "bug_missing_auth"))]
         from.require_auth();


*** /Users/igorfambonatti/.rustup/toolchains/stable-aarch64-apple-darwin/bin/cargo test --no-run --verbose --package=soroban-vault@0.1.0
       Fresh unicode-ident v1.0.24
       Fresh proc-macro2 v1.0.106
       Fresh quote v1.0.45
       Fresh syn v2.0.117
       Fresh version_check v0.9.5
       Fresh cfg-if v1.0.4
       Fresh typenum v1.20.1
       Fresh serde_derive v1.0.228
       Fresh zeroize_derive v1.5.0
       Fresh memchr v2.8.2
       Fresh itoa v1.0.18
       Fresh autocfg v1.5.1
       Fresh zeroize v1.9.0
       Fresh subtle v2.6.1
       Fresh const-oid v0.9.6
       Fresh strsim v0.11.1
       Fresh ident_case v1.0.1
       Fresh serde_core v1.0.228
       Fresh zmij v1.0.21
       Fresh getrandom v0.2.17
       Fresh darling_core v0.23.0
       Fresh semver v1.0.28
       Fresh dyn-clone v1.0.20
       Fresh serde v1.0.228
       Fresh serde_json v1.0.150
       Fresh rand_core v0.6.4
       Fresh zerocopy v0.8.52
       Fresh darling_macro v0.23.0
       Fresh crate-git-revision v0.0.6
       Fresh ppv-lite86 v0.2.21
       Fresh generic-array v0.14.9
       Fresh num-traits v0.2.19
       Fresh darling v0.23.0
       Fresh schemars v0.8.22
       Fresh data-encoding v2.11.0
       Fresh hex v0.4.3
       Fresh libc v0.2.186
       Fresh once_cell v1.21.4
       Fresh cfg_eval v0.1.2
       Fresh serde_with_macros v3.21.0
       Fresh block-buffer v0.10.4
       Fresh crypto-common v0.1.6
       Fresh cpufeatures v0.2.17
       Fresh rand_chacha v0.3.1
       Fresh paste v1.0.15
       Fresh ethnum v1.5.3
       Fresh escape-bytes v0.1.1
       Fresh num-integer v0.1.46
       Fresh enum-ordinalize-derive v4.3.2
       Fresh ff v0.13.1
       Fresh digest v0.10.7
       Fresh rand v0.8.6
       Fresh num-bigint v0.4.6
       Fresh enum-ordinalize v4.3.2
       Fresh rustc_version v0.4.1
       Fresh der v0.7.10
       Fresh ark-serialize-derive v0.5.0
       Fresh base16ct v0.2.0
       Fresh arrayvec v0.7.6
       Fresh stellar-strkey v0.0.13
       Fresh ark-std v0.5.0
       Fresh hashbrown v0.17.1
       Fresh either v1.16.0
       Fresh equivalent v1.0.2
       Fresh ark-ff-macros v0.5.0
       Fresh sec1 v0.7.3
       Fresh educe v0.6.0
       Fresh group v0.13.0
       Fresh signature v2.2.0
       Fresh sha2 v0.10.9
       Fresh itertools v0.13.0
       Fresh ark-serialize v0.5.0
       Fresh indexmap v2.14.0
       Fresh crypto-bigint v0.5.5
       Fresh ark-ff-asm v0.5.0
       Fresh base64 v0.22.1
       Fresh fnv v1.0.7
       Fresh allocator-api2 v0.2.21
       Fresh ahash v0.8.12
       Fresh hmac v0.12.1
       Fresh derive_arbitrary v1.3.2
       Fresh wasmparser v0.116.1
       Fresh ark-ff v0.5.0
       Fresh elliptic-curve v0.13.8
       Fresh hashbrown v0.15.5
       Fresh rfc6979 v0.4.0
       Fresh soroban-env-macros v26.1.3
       Fresh arbitrary v1.3.2
       Fresh num-derive v0.4.2
       Fresh thiserror-impl v1.0.69
       Fresh ark-poly v0.5.0
       Fresh libm v0.2.16
       Fresh static_assertions v1.1.0
       Fresh indexmap-nostd v0.4.0
       Fresh downcast-rs v1.2.1
       Fresh ecdsa v0.16.9
       Fresh serde_with v3.21.0
       Fresh smallvec v1.15.2
       Fresh wasmparser-nostd v0.100.2
       Fresh getrandom v0.3.4
       Fresh thiserror v1.0.69
       Fresh wasmi_core v0.13.0
       Fresh ark-ec v0.5.0
       Fresh spin v0.9.8
       Fresh wasmi_arena v0.4.1
       Fresh curve25519-dalek v4.1.3
       Fresh stellar-xdr v26.0.1
       Fresh primeorder v0.13.6
       Fresh rand_core v0.9.5
       Fresh soroban-wasmi v0.31.1-soroban.20.0.1
       Fresh darling_core v0.20.11
       Fresh ed25519 v2.2.3
       Fresh keccak v0.1.6
       Fresh errno v0.3.14
       Fresh bitflags v2.13.1
       Fresh byteorder v1.5.0
       Fresh ark-bls12-381 v0.5.0
       Fresh darling_macro v0.20.11
       Fresh hash32 v0.3.1
       Fresh rustix v1.1.4
       Fresh getrandom v0.4.3
       Fresh ed25519-dalek v2.2.0
       Fresh sha3 v0.10.9
       Fresh ark-bn254 v0.5.0
       Fresh soroban-spec v26.1.0
       Fresh prettyplease v0.2.37
       Fresh p256 v0.13.2
       Fresh k256 v0.13.4
       Fresh soroban-builtin-sdk-macros v26.1.3
       Fresh fastrand v2.5.0
       Fresh stable_deref_trait v1.2.1
       Fresh hex-literal v0.4.1
       Fresh dtor-proc-macro v0.0.6
       Fresh darling v0.20.11
       Fresh soroban-env-common v26.1.3
       Fresh soroban-spec-rust v26.1.0
       Fresh wait-timeout v0.2.1
       Fresh macro-string v0.1.4
       Fresh ctor-proc-macro v0.0.6
       Fresh dtor v0.1.1
       Fresh tempfile v3.27.0
       Fresh soroban-env-host v26.1.3
       Fresh heapless v0.8.0
       Fresh quick-error v1.2.3
       Fresh bit-vec v0.8.0
       Fresh heck v0.5.0
       Fresh rand_xorshift v0.4.0
       Fresh rand v0.9.5
       Fresh rand_chacha v0.9.0
       Fresh bytes-lit v0.0.5
       Fresh visibility v0.1.1
       Fresh rusty-fork v0.3.1
       Fresh stellar-strkey v0.0.16
       Fresh bit-set v0.8.0
       Fresh soroban-sdk-macros v26.1.0
       Fresh ctor v0.5.0
       Fresh soroban-ledger-snapshot v26.1.0
       Fresh unarray v0.1.4
       Fresh regex-syntax v0.8.11
       Fresh proptest v1.11.0
       Fresh soroban-sdk v26.1.0
       Fresh proptest-arbitrary-interop v0.1.0
       Dirty soroban-vault v0.1.0 (/private/var/folders/bw/48pkqypd3pd7_c8l3ckzlmdw0000gp/T/cargo-mutants-stellar-studies-f5sPjy.tmp/04-prototype-development/contracts/soroban-vault): the file `04-prototype-development/contracts/soroban-vault/src/lib.rs` has changed (1789676065.535221939s, 1m 50s after last build at 1789675955.722617819s)
   Compiling soroban-vault v0.1.0 (/private/var/folders/bw/48pkqypd3pd7_c8l3ckzlmdw0000gp/T/cargo-mutants-stellar-studies-f5sPjy.tmp/04-prototype-development/contracts/soroban-vault)
     Running `/Users/igorfambonatti/.rustup/toolchains/stable-aarch64-apple-darwin/bin/rustc --crate-name soroban_vault --edition=2021 04-prototype-development/contracts/soroban-vault/src/lib.rs --error-format=json --json=diagnostic-rendered-ansi,artifacts,future-incompat --emit=dep-info,link -C embed-bitcode=no -C debuginfo=2 -C split-debuginfo=unpacked --test --check-cfg 'cfg(docsrs,test)' --check-cfg 'cfg(feature, values("bug_missing_auth", "bug_no_ttl", "bug_overflow", "bug_reinit", "bug_self_transfer", "bug_temp_nonce", "bug_zero_amount"))' -C metadata=1d80e85bbbdf9027 -C extra-filename=-bce8593a16df1a94 --out-dir /private/var/folders/bw/48pkqypd3pd7_c8l3ckzlmdw0000gp/T/cargo-mutants-stellar-studies-f5sPjy.tmp/target/debug/deps -C incremental=/private/var/folders/bw/48pkqypd3pd7_c8l3ckzlmdw0000gp/T/cargo-mutants-stellar-studies-f5sPjy.tmp/target/debug/incremental -L dependency=/private/var/folders/bw/48pkqypd3pd7_c8l3ckzlmdw0000gp/T/cargo-mutants-stellar-studies-f5sPjy.tmp/target/debug/deps --extern arbitrary=/private/var/folders/bw/48pkqypd3pd7_c8l3ckzlmdw0000gp/T/cargo-mutants-stellar-studies-f5sPjy.tmp/target/debug/deps/libarbitrary-b15fe09805a10503.rlib --extern proptest=/private/var/folders/bw/48pkqypd3pd7_c8l3ckzlmdw0000gp/T/cargo-mutants-stellar-studies-f5sPjy.tmp/target/debug/deps/libproptest-ebc82c2f62035854.rlib --extern proptest_arbitrary_interop=/private/var/folders/bw/48pkqypd3pd7_c8l3ckzlmdw0000gp/T/cargo-mutants-stellar-studies-f5sPjy.tmp/target/debug/deps/libproptest_arbitrary_interop-8fcd0e348bdb6c2d.rlib --extern soroban_sdk=/private/var/folders/bw/48pkqypd3pd7_c8l3ckzlmdw0000gp/T/cargo-mutants-stellar-studies-f5sPjy.tmp/target/debug/deps/libsoroban_sdk-e62747f56c1fb4bb.rlib`
     Running `/Users/igorfambonatti/.rustup/toolchains/stable-aarch64-apple-darwin/bin/rustc --crate-name soroban_vault --edition=2021 04-prototype-development/contracts/soroban-vault/src/lib.rs --error-format=json --json=diagnostic-rendered-ansi,artifacts,future-incompat --crate-type lib --emit=dep-info,metadata,link -C embed-bitcode=no -C debuginfo=2 -C split-debuginfo=unpacked --check-cfg 'cfg(docsrs,test)' --check-cfg 'cfg(feature, values("bug_missing_auth", "bug_no_ttl", "bug_overflow", "bug_reinit", "bug_self_transfer", "bug_temp_nonce", "bug_zero_amount"))' -C metadata=3876bb9ecdd8693e -C extra-filename=-89a10c6dc4b3cd63 --out-dir /private/var/folders/bw/48pkqypd3pd7_c8l3ckzlmdw0000gp/T/cargo-mutants-stellar-studies-f5sPjy.tmp/target/debug/deps -C incremental=/private/var/folders/bw/48pkqypd3pd7_c8l3ckzlmdw0000gp/T/cargo-mutants-stellar-studies-f5sPjy.tmp/target/debug/incremental -L dependency=/private/var/folders/bw/48pkqypd3pd7_c8l3ckzlmdw0000gp/T/cargo-mutants-stellar-studies-f5sPjy.tmp/target/debug/deps --extern soroban_sdk=/private/var/folders/bw/48pkqypd3pd7_c8l3ckzlmdw0000gp/T/cargo-mutants-stellar-studies-f5sPjy.tmp/target/debug/deps/libsoroban_sdk-e62747f56c1fb4bb.rmeta`
warning: unused variable: `env`
   --> 04-prototype-development/contracts/soroban-vault/src/lib.rs:143:21
    |
143 |     pub fn withdraw(env: Env, from: Address, shares: i128) -> i128 {
    |                     ^^^ help: if this is intentional, prefix it with an underscore: `_env`
    |
    = note: `#[warn(unused_variables)]` (part of `#[warn(unused)]`) on by default

warning: unused variable: `from`
   --> 04-prototype-development/contracts/soroban-vault/src/lib.rs:143:31
    |
143 |     pub fn withdraw(env: Env, from: Address, shares: i128) -> i128 {
    |                               ^^^^ help: if this is intentional, prefix it with an underscore: `_from`

warning: unused variable: `shares`
   --> 04-prototype-development/contracts/soroban-vault/src/lib.rs:143:46
    |
143 |     pub fn withdraw(env: Env, from: Address, shares: i128) -> i128 {
    |                                              ^^^^^^ help: if this is intentional, prefix it with an underscore: `_shares`

warning: `soroban-vault` (lib) generated 3 warnings (run `cargo fix --lib -p soroban-vault` to apply 3 suggestions)
     Running `/Users/igorfambonatti/.rustup/toolchains/stable-aarch64-apple-darwin/bin/rustc --crate-name proptest_ai --edition=2021 04-prototype-development/contracts/soroban-vault/tests/proptest_ai.rs --error-format=json --json=diagnostic-rendered-ansi,artifacts,future-incompat --emit=dep-info,link -C embed-bitcode=no -C debuginfo=2 -C split-debuginfo=unpacked --test --check-cfg 'cfg(docsrs,test)' --check-cfg 'cfg(feature, values("bug_missing_auth", "bug_no_ttl", "bug_overflow", "bug_reinit", "bug_self_transfer", "bug_temp_nonce", "bug_zero_amount"))' -C metadata=5763f149b77c10de -C extra-filename=-f790cf1d5da483ca --out-dir /private/var/folders/bw/48pkqypd3pd7_c8l3ckzlmdw0000gp/T/cargo-mutants-stellar-studies-f5sPjy.tmp/target/debug/deps -C incremental=/private/var/folders/bw/48pkqypd3pd7_c8l3ckzlmdw0000gp/T/cargo-mutants-stellar-studies-f5sPjy.tmp/target/debug/incremental -L dependency=/private/var/folders/bw/48pkqypd3pd7_c8l3ckzlmdw0000gp/T/cargo-mutants-stellar-studies-f5sPjy.tmp/target/debug/deps --extern arbitrary=/private/var/folders/bw/48pkqypd3pd7_c8l3ckzlmdw0000gp/T/cargo-mutants-stellar-studies-f5sPjy.tmp/target/debug/deps/libarbitrary-b15fe09805a10503.rlib --extern proptest=/private/var/folders/bw/48pkqypd3pd7_c8l3ckzlmdw0000gp/T/cargo-mutants-stellar-studies-f5sPjy.tmp/target/debug/deps/libproptest-ebc82c2f62035854.rlib --extern proptest_arbitrary_interop=/private/var/folders/bw/48pkqypd3pd7_c8l3ckzlmdw0000gp/T/cargo-mutants-stellar-studies-f5sPjy.tmp/target/debug/deps/libproptest_arbitrary_interop-8fcd0e348bdb6c2d.rlib --extern soroban_sdk=/private/var/folders/bw/48pkqypd3pd7_c8l3ckzlmdw0000gp/T/cargo-mutants-stellar-studies-f5sPjy.tmp/target/debug/deps/libsoroban_sdk-e62747f56c1fb4bb.rlib --extern soroban_vault=/private/var/folders/bw/48pkqypd3pd7_c8l3ckzlmdw0000gp/T/cargo-mutants-stellar-studies-f5sPjy.tmp/target/debug/deps/libsoroban_vault-89a10c6dc4b3cd63.rlib`
     Running `/Users/igorfambonatti/.rustup/toolchains/stable-aarch64-apple-darwin/bin/rustc --crate-name proptest_baseline --edition=2021 04-prototype-development/contracts/soroban-vault/tests/proptest_baseline.rs --error-format=json --json=diagnostic-rendered-ansi,artifacts,future-incompat --emit=dep-info,link -C embed-bitcode=no -C debuginfo=2 -C split-debuginfo=unpacked --test --check-cfg 'cfg(docsrs,test)' --check-cfg 'cfg(feature, values("bug_missing_auth", "bug_no_ttl", "bug_overflow", "bug_reinit", "bug_self_transfer", "bug_temp_nonce", "bug_zero_amount"))' -C metadata=8c7067f738ca187b -C extra-filename=-3e562011cbd3d845 --out-dir /private/var/folders/bw/48pkqypd3pd7_c8l3ckzlmdw0000gp/T/cargo-mutants-stellar-studies-f5sPjy.tmp/target/debug/deps -C incremental=/private/var/folders/bw/48pkqypd3pd7_c8l3ckzlmdw0000gp/T/cargo-mutants-stellar-studies-f5sPjy.tmp/target/debug/incremental -L dependency=/private/var/folders/bw/48pkqypd3pd7_c8l3ckzlmdw0000gp/T/cargo-mutants-stellar-studies-f5sPjy.tmp/target/debug/deps --extern arbitrary=/private/var/folders/bw/48pkqypd3pd7_c8l3ckzlmdw0000gp/T/cargo-mutants-stellar-studies-f5sPjy.tmp/target/debug/deps/libarbitrary-b15fe09805a10503.rlib --extern proptest=/private/var/folders/bw/48pkqypd3pd7_c8l3ckzlmdw0000gp/T/cargo-mutants-stellar-studies-f5sPjy.tmp/target/debug/deps/libproptest-ebc82c2f62035854.rlib --extern proptest_arbitrary_interop=/private/var/folders/bw/48pkqypd3pd7_c8l3ckzlmdw0000gp/T/cargo-mutants-stellar-studies-f5sPjy.tmp/target/debug/deps/libproptest_arbitrary_interop-8fcd0e348bdb6c2d.rlib --extern soroban_sdk=/private/var/folders/bw/48pkqypd3pd7_c8l3ckzlmdw0000gp/T/cargo-mutants-stellar-studies-f5sPjy.tmp/target/debug/deps/libsoroban_sdk-e62747f56c1fb4bb.rlib --extern soroban_vault=/private/var/folders/bw/48pkqypd3pd7_c8l3ckzlmdw0000gp/T/cargo-mutants-stellar-studies-f5sPjy.tmp/target/debug/deps/libsoroban_vault-89a10c6dc4b3cd63.rlib`
warning: `soroban-vault` (lib test) generated 3 warnings (3 duplicates)
    Finished `test` profile [unoptimized + debuginfo] target(s) in 2.39s
  Executable `/private/var/folders/bw/48pkqypd3pd7_c8l3ckzlmdw0000gp/T/cargo-mutants-stellar-studies-f5sPjy.tmp/target/debug/deps/soroban_vault-bce8593a16df1a94`
  Executable `/private/var/folders/bw/48pkqypd3pd7_c8l3ckzlmdw0000gp/T/cargo-mutants-stellar-studies-f5sPjy.tmp/target/debug/deps/proptest_ai-f790cf1d5da483ca`
  Executable `/private/var/folders/bw/48pkqypd3pd7_c8l3ckzlmdw0000gp/T/cargo-mutants-stellar-studies-f5sPjy.tmp/target/debug/deps/proptest_baseline-3e562011cbd3d845`

*** result: Success

*** /Users/igorfambonatti/.rustup/toolchains/stable-aarch64-apple-darwin/bin/cargo test --verbose --package=soroban-vault@0.1.0 --test proptest_ai
       Fresh unicode-ident v1.0.24
       Fresh version_check v0.9.5
       Fresh cfg-if v1.0.4
       Fresh typenum v1.20.1
       Fresh memchr v2.8.2
       Fresh itoa v1.0.18
       Fresh autocfg v1.5.1
       Fresh subtle v2.6.1
       Fresh proc-macro2 v1.0.106
       Fresh const-oid v0.9.6
       Fresh ident_case v1.0.1
       Fresh strsim v0.11.1
       Fresh quote v1.0.45
       Fresh serde_core v1.0.228
       Fresh zmij v1.0.21
       Fresh semver v1.0.28
       Fresh dyn-clone v1.0.20
       Fresh data-encoding v2.11.0
       Fresh syn v2.0.117
       Fresh serde_json v1.0.150
       Fresh getrandom v0.2.17
       Fresh zerocopy v0.8.52
       Fresh num-traits v0.2.19
       Fresh once_cell v1.21.4
       Fresh escape-bytes v0.1.1
       Fresh ethnum v1.5.3
       Fresh rustc_version v0.4.1
       Fresh serde_derive v1.0.228
       Fresh zeroize_derive v1.5.0
       Fresh rand_core v0.6.4
       Fresh darling_core v0.23.0
       Fresh ppv-lite86 v0.2.21
       Fresh libc v0.2.186
       Fresh paste v1.0.15
       Fresh cfg_eval v0.1.2
       Fresh enum-ordinalize-derive v4.3.2
       Fresh num-integer v0.1.46
       Fresh ark-serialize-derive v0.5.0
       Fresh serde v1.0.228
       Fresh zeroize v1.9.0
       Fresh darling_macro v0.23.0
       Fresh cpufeatures v0.2.17
       Fresh rand_chacha v0.3.1
       Fresh ff v0.13.1
       Fresh num-bigint v0.4.6
       Fresh enum-ordinalize v4.3.2
       Fresh base16ct v0.2.0
       Fresh arrayvec v0.7.6
       Fresh hashbrown v0.17.1
       Fresh either v1.16.0
       Fresh generic-array v0.14.9
       Fresh crate-git-revision v0.0.6
       Fresh darling v0.23.0
       Fresh schemars v0.8.22
       Fresh hex v0.4.3
       Fresh rand v0.8.6
       Fresh der v0.7.10
       Fresh equivalent v1.0.2
       Fresh educe v0.6.0
       Fresh itertools v0.13.0
       Fresh group v0.13.0
       Fresh ark-ff-macros v0.5.0
       Fresh block-buffer v0.10.4
       Fresh crypto-common v0.1.6
       Fresh serde_with_macros v3.21.0
       Fresh ark-std v0.5.0
       Fresh crypto-bigint v0.5.5
       Fresh sec1 v0.7.3
       Fresh indexmap v2.14.0
       Fresh ark-ff-asm v0.5.0
       Fresh base64 v0.22.1
       Fresh fnv v1.0.7
       Fresh allocator-api2 v0.2.21
       Fresh ahash v0.8.12
       Fresh digest v0.10.7
       Fresh wasmparser v0.116.1
       Fresh hashbrown v0.15.5
       Fresh derive_arbitrary v1.3.2
       Fresh thiserror-impl v1.0.69
       Fresh num-derive v0.4.2
       Fresh indexmap-nostd v0.4.0
       Fresh stellar-strkey v0.0.13
       Fresh sha2 v0.10.9
       Fresh ark-serialize v0.5.0
       Fresh signature v2.2.0
       Fresh elliptic-curve v0.13.8
       Fresh hmac v0.12.1
       Fresh arbitrary v1.3.2
       Fresh libm v0.2.16
       Fresh downcast-rs v1.2.1
       Fresh static_assertions v1.1.0
       Fresh wasmparser-nostd v0.100.2
       Fresh ark-ff v0.5.0
       Fresh rfc6979 v0.4.0
       Fresh thiserror v1.0.69
       Fresh wasmi_core v0.13.0
       Fresh getrandom v0.3.4
       Fresh serde_with v3.21.0
       Fresh wasmi_arena v0.4.1
       Fresh spin v0.9.8
       Fresh smallvec v1.15.2
       Fresh ed25519 v2.2.3
       Fresh soroban-env-macros v26.1.3
       Fresh ark-poly v0.5.0
       Fresh ecdsa v0.16.9
       Fresh soroban-wasmi v0.31.1-soroban.20.0.1
       Fresh rand_core v0.9.5
       Fresh stellar-xdr v26.0.1
       Fresh primeorder v0.13.6
       Fresh curve25519-dalek v4.1.3
       Fresh darling_core v0.20.11
       Fresh keccak v0.1.6
       Fresh ark-ec v0.5.0
       Fresh errno v0.3.14
       Fresh bitflags v2.13.1
       Fresh byteorder v1.5.0
       Fresh prettyplease v0.2.37
       Fresh p256 v0.13.2
       Fresh k256 v0.13.4
       Fresh ed25519-dalek v2.2.0
       Fresh getrandom v0.4.3
       Fresh darling_macro v0.20.11
       Fresh sha3 v0.10.9
       Fresh rustix v1.1.4
       Fresh ark-bls12-381 v0.5.0
       Fresh ark-bn254 v0.5.0
       Fresh hash32 v0.3.1
       Fresh soroban-spec v26.1.0
       Fresh soroban-builtin-sdk-macros v26.1.3
       Fresh fastrand v2.5.0
       Fresh hex-literal v0.4.1
       Fresh stable_deref_trait v1.2.1
       Fresh dtor-proc-macro v0.0.6
       Fresh soroban-env-common v26.1.3
       Fresh darling v0.20.11
       Fresh dtor v0.1.1
       Fresh tempfile v3.27.0
       Fresh soroban-spec-rust v26.1.0
       Fresh soroban-env-host v26.1.3
       Fresh heapless v0.8.0
       Fresh macro-string v0.1.4
       Fresh wait-timeout v0.2.1
       Fresh heck v0.5.0
       Fresh ctor-proc-macro v0.0.6
       Fresh bit-vec v0.8.0
       Fresh quick-error v1.2.3
       Fresh rand v0.9.5
       Fresh rand_xorshift v0.4.0
       Fresh stellar-strkey v0.0.16
       Fresh bit-set v0.8.0
       Fresh ctor v0.5.0
       Fresh rusty-fork v0.3.1
       Fresh soroban-sdk-macros v26.1.0
       Fresh soroban-ledger-snapshot v26.1.0
       Fresh rand_chacha v0.9.0
       Fresh bytes-lit v0.0.5
       Fresh visibility v0.1.1
       Fresh unarray v0.1.4
       Fresh regex-syntax v0.8.11
       Fresh proptest v1.11.0
       Fresh soroban-sdk v26.1.0
warning: unused variable: `env`
   --> 04-prototype-development/contracts/soroban-vault/src/lib.rs:143:21
    |
143 |     pub fn withdraw(env: Env, from: Address, shares: i128) -> i128 {
    |                     ^^^ help: if this is intentional, prefix it with an underscore: `_env`
    |
    = note: `#[warn(unused_variables)]` (part of `#[warn(unused)]`) on by default

warning: unused variable: `from`
   --> 04-prototype-development/contracts/soroban-vault/src/lib.rs:143:31
    |
143 |     pub fn withdraw(env: Env, from: Address, shares: i128) -> i128 {
    |                               ^^^^ help: if this is intentional, prefix it with an underscore: `_from`

warning: unused variable: `shares`
   --> 04-prototype-development/contracts/soroban-vault/src/lib.rs:143:46
    |
143 |     pub fn withdraw(env: Env, from: Address, shares: i128) -> i128 {
    |                                              ^^^^^^ help: if this is intentional, prefix it with an underscore: `_shares`

       Fresh proptest-arbitrary-interop v0.1.0
warning: `soroban-vault` (lib) generated 3 warnings (run `cargo fix --lib -p soroban-vault` to apply 3 suggestions)
       Fresh soroban-vault v0.1.0 (/private/var/folders/bw/48pkqypd3pd7_c8l3ckzlmdw0000gp/T/cargo-mutants-stellar-studies-f5sPjy.tmp/04-prototype-development/contracts/soroban-vault)
    Finished `test` profile [unoptimized + debuginfo] target(s) in 0.17s
     Running `/private/var/folders/bw/48pkqypd3pd7_c8l3ckzlmdw0000gp/T/cargo-mutants-stellar-studies-f5sPjy.tmp/target/debug/deps/proptest_ai-f790cf1d5da483ca`

running 11 tests
test prop_sequence_state_invariants ... FAILED
test prop_i11_temporary_tier_non_interference ... FAILED
test prop_i5_no_auth_cannot_decrease_balance ... FAILED
test prop_n3_views_are_pure ... ok
test prop_i10_balance_ttl_on_first_write ... ok
test prop_i9_reinitialize_rejected ... ok
test prop_n1_instance_ttl ... ok
test prop_i8_transfer_shares ... ok
test prop_i4_admin_custody ... ok
test prop_exact_share_accounting ... FAILED
test prop_i12_pause_semantics has been running for over 60 seconds
test prop_i12_pause_semantics ... FAILED

failures:

---- prop_sequence_state_invariants stdout ----
proptest: FileFailurePersistence::SourceParallel set, but failed to find lib.rs or main.rs
Writing test snapshot file for test "prop_sequence_state_invariants" to "test_snapshots/prop_sequence_state_invariants.1.json".
Writing test snapshot file for test "prop_sequence_state_invariants" to "test_snapshots/prop_sequence_state_invariants.2.json".
Writing test snapshot file for test "prop_sequence_state_invariants" to "test_snapshots/prop_sequence_state_invariants.3.json".
Writing test snapshot file for test "prop_sequence_state_invariants" to "test_snapshots/prop_sequence_state_invariants.4.json".
Writing test snapshot file for test "prop_sequence_state_invariants" to "test_snapshots/prop_sequence_state_invariants.5.json".
Writing test snapshot file for test "prop_sequence_state_invariants" to "test_snapshots/prop_sequence_state_invariants.6.json".
Writing test snapshot file for test "prop_sequence_state_invariants" to "test_snapshots/prop_sequence_state_invariants.7.json".
Writing test snapshot file for test "prop_sequence_state_invariants" to "test_snapshots/prop_sequence_state_invariants.8.json".
Writing test snapshot file for test "prop_sequence_state_invariants" to "test_snapshots/prop_sequence_state_invariants.9.json".
Writing test snapshot file for test "prop_sequence_state_invariants" to "test_snapshots/prop_sequence_state_invariants.10.json".
Writing test snapshot file for test "prop_sequence_state_invariants" to "test_snapshots/prop_sequence_state_invariants.11.json".
Writing test snapshot file for test "prop_sequence_state_invariants" to "test_snapshots/prop_sequence_state_invariants.12.json".
Writing test snapshot file for test "prop_sequence_state_invariants" to "test_snapshots/prop_sequence_state_invariants.13.json".
Writing test snapshot file for test "prop_sequence_state_invariants" to "test_snapshots/prop_sequence_state_invariants.14.json".
Writing test snapshot file for test "prop_sequence_state_invariants" to "test_snapshots/prop_sequence_state_invariants.15.json".
Writing test snapshot file for test "prop_sequence_state_invariants" to "test_snapshots/prop_sequence_state_invariants.16.json".
Writing test snapshot file for test "prop_sequence_state_invariants" to "test_snapshots/prop_sequence_state_invariants.17.json".
Writing test snapshot file for test "prop_sequence_state_invariants" to "test_snapshots/prop_sequence_state_invariants.18.json".
Writing test snapshot file for test "prop_sequence_state_invariants" to "test_snapshots/prop_sequence_state_invariants.19.json".
Writing test snapshot file for test "prop_sequence_state_invariants" to "test_snapshots/prop_sequence_state_invariants.20.json".
Writing test snapshot file for test "prop_sequence_state_invariants" to "test_snapshots/prop_sequence_state_invariants.21.json".
Writing test snapshot file for test "prop_sequence_state_invariants" to "test_snapshots/prop_sequence_state_invariants.22.json".
Writing test snapshot file for test "prop_sequence_state_invariants" to "test_snapshots/prop_sequence_state_invariants.23.json".
Writing test snapshot file for test "prop_sequence_state_invariants" to "test_snapshots/prop_sequence_state_invariants.24.json".
Writing test snapshot file for test "prop_sequence_state_invariants" to "test_snapshots/prop_sequence_state_invariants.25.json".
Writing test snapshot file for test "prop_sequence_state_invariants" to "test_snapshots/prop_sequence_state_invariants.26.json".
Writing test snapshot file for test "prop_sequence_state_invariants" to "test_snapshots/prop_sequence_state_invariants.27.json".
Writing test snapshot file for test "prop_sequence_state_invariants" to "test_snapshots/prop_sequence_state_invariants.28.json".
Writing test snapshot file for test "prop_sequence_state_invariants" to "test_snapshots/prop_sequence_state_invariants.29.json".
Writing test snapshot file for test "prop_sequence_state_invariants" to "test_snapshots/prop_sequence_state_invariants.30.json".
Writing test snapshot file for test "prop_sequence_state_invariants" to "test_snapshots/prop_sequence_state_invariants.31.json".
Writing test snapshot file for test "prop_sequence_state_invariants" to "test_snapshots/prop_sequence_state_invariants.32.json".
Writing test snapshot file for test "prop_sequence_state_invariants" to "test_snapshots/prop_sequence_state_invariants.33.json".
Writing test snapshot file for test "prop_sequence_state_invariants" to "test_snapshots/prop_sequence_state_invariants.34.json".
Writing test snapshot file for test "prop_sequence_state_invariants" to "test_snapshots/prop_sequence_state_invariants.35.json".
Writing test snapshot file for test "prop_sequence_state_invariants" to "test_snapshots/prop_sequence_state_invariants.36.json".
Writing test snapshot file for test "prop_sequence_state_invariants" to "test_snapshots/prop_sequence_state_invariants.37.json".

thread 'prop_sequence_state_invariants' (3074842) panicked at 04-prototype-development/contracts/soroban-vault/tests/proptest_ai.rs:505:1:
Test failed: withdraw at step 0: paid out 1, harness expected 0 (shares = 1, A0 = 0, T0 = 0) at 04-prototype-development/contracts/soroban-vault/tests/proptest_ai.rs:654.
minimal failing input: ops = [
    Withdraw {
        actor: 0,
        shares: 1,
    },
]
	successes: 0
	local rejects: 0
	global rejects: 0

note: run with `RUST_BACKTRACE=1` environment variable to display a backtrace

---- prop_i11_temporary_tier_non_interference stdout ----
proptest: FileFailurePersistence::SourceParallel set, but failed to find lib.rs or main.rs
Writing test snapshot file for test "prop_i11_temporary_tier_non_interference" to "test_snapshots/prop_i11_temporary_tier_non_interference.1.json".
Writing test snapshot file for test "prop_i11_temporary_tier_non_interference" to "test_snapshots/prop_i11_temporary_tier_non_interference.2.json".
Writing test snapshot file for test "prop_i11_temporary_tier_non_interference" to "test_snapshots/prop_i11_temporary_tier_non_interference.3.json".
Writing test snapshot file for test "prop_i11_temporary_tier_non_interference" to "test_snapshots/prop_i11_temporary_tier_non_interference.4.json".
Writing test snapshot file for test "prop_i11_temporary_tier_non_interference" to "test_snapshots/prop_i11_temporary_tier_non_interference.5.json".
Writing test snapshot file for test "prop_i11_temporary_tier_non_interference" to "test_snapshots/prop_i11_temporary_tier_non_interference.6.json".
Writing test snapshot file for test "prop_i11_temporary_tier_non_interference" to "test_snapshots/prop_i11_temporary_tier_non_interference.7.json".
Writing test snapshot file for test "prop_i11_temporary_tier_non_interference" to "test_snapshots/prop_i11_temporary_tier_non_interference.8.json".
Writing test snapshot file for test "prop_i11_temporary_tier_non_interference" to "test_snapshots/prop_i11_temporary_tier_non_interference.9.json".
Writing test snapshot file for test "prop_i11_temporary_tier_non_interference" to "test_snapshots/prop_i11_temporary_tier_non_interference.10.json".
Writing test snapshot file for test "prop_i11_temporary_tier_non_interference" to "test_snapshots/prop_i11_temporary_tier_non_interference.11.json".
Writing test snapshot file for test "prop_i11_temporary_tier_non_interference" to "test_snapshots/prop_i11_temporary_tier_non_interference.12.json".
Writing test snapshot file for test "prop_i11_temporary_tier_non_interference" to "test_snapshots/prop_i11_temporary_tier_non_interference.13.json".
Writing test snapshot file for test "prop_i11_temporary_tier_non_interference" to "test_snapshots/prop_i11_temporary_tier_non_interference.14.json".
Writing test snapshot file for test "prop_i11_temporary_tier_non_interference" to "test_snapshots/prop_i11_temporary_tier_non_interference.15.json".
Writing test snapshot file for test "prop_i11_temporary_tier_non_interference" to "test_snapshots/prop_i11_temporary_tier_non_interference.16.json".
Writing test snapshot file for test "prop_i11_temporary_tier_non_interference" to "test_snapshots/prop_i11_temporary_tier_non_interference.17.json".
Writing test snapshot file for test "prop_i11_temporary_tier_non_interference" to "test_snapshots/prop_i11_temporary_tier_non_interference.18.json".
Writing test snapshot file for test "prop_i11_temporary_tier_non_interference" to "test_snapshots/prop_i11_temporary_tier_non_interference.19.json".
Writing test snapshot file for test "prop_i11_temporary_tier_non_interference" to "test_snapshots/prop_i11_temporary_tier_non_interference.20.json".
Writing test snapshot file for test "prop_i11_temporary_tier_non_interference" to "test_snapshots/prop_i11_temporary_tier_non_interference.21.json".
Writing test snapshot file for test "prop_i11_temporary_tier_non_interference" to "test_snapshots/prop_i11_temporary_tier_non_interference.22.json".
Writing test snapshot file for test "prop_i11_temporary_tier_non_interference" to "test_snapshots/prop_i11_temporary_tier_non_interference.23.json".
Writing test snapshot file for test "prop_i11_temporary_tier_non_interference" to "test_snapshots/prop_i11_temporary_tier_non_interference.24.json".
Writing test snapshot file for test "prop_i11_temporary_tier_non_interference" to "test_snapshots/prop_i11_temporary_tier_non_interference.25.json".
Writing test snapshot file for test "prop_i11_temporary_tier_non_interference" to "test_snapshots/prop_i11_temporary_tier_non_interference.26.json".
Writing test snapshot file for test "prop_i11_temporary_tier_non_interference" to "test_snapshots/prop_i11_temporary_tier_non_interference.27.json".
Writing test snapshot file for test "prop_i11_temporary_tier_non_interference" to "test_snapshots/prop_i11_temporary_tier_non_interference.28.json".
Writing test snapshot file for test "prop_i11_temporary_tier_non_interference" to "test_snapshots/prop_i11_temporary_tier_non_interference.29.json".
Writing test snapshot file for test "prop_i11_temporary_tier_non_interference" to "test_snapshots/prop_i11_temporary_tier_non_interference.30.json".
Writing test snapshot file for test "prop_i11_temporary_tier_non_interference" to "test_snapshots/prop_i11_temporary_tier_non_interference.31.json".
Writing test snapshot file for test "prop_i11_temporary_tier_non_interference" to "test_snapshots/prop_i11_temporary_tier_non_interference.32.json".
Writing test snapshot file for test "prop_i11_temporary_tier_non_interference" to "test_snapshots/prop_i11_temporary_tier_non_interference.33.json".
Writing test snapshot file for test "prop_i11_temporary_tier_non_interference" to "test_snapshots/prop_i11_temporary_tier_non_interference.34.json".
Writing test snapshot file for test "prop_i11_temporary_tier_non_interference" to "test_snapshots/prop_i11_temporary_tier_non_interference.35.json".
Writing test snapshot file for test "prop_i11_temporary_tier_non_interference" to "test_snapshots/prop_i11_temporary_tier_non_interference.36.json".
Writing test snapshot file for test "prop_i11_temporary_tier_non_interference" to "test_snapshots/prop_i11_temporary_tier_non_interference.37.json".
Writing test snapshot file for test "prop_i11_temporary_tier_non_interference" to "test_snapshots/prop_i11_temporary_tier_non_interference.38.json".
Writing test snapshot file for test "prop_i11_temporary_tier_non_interference" to "test_snapshots/prop_i11_temporary_tier_non_interference.39.json".
Writing test snapshot file for test "prop_i11_temporary_tier_non_interference" to "test_snapshots/prop_i11_temporary_tier_non_interference.40.json".
Writing test snapshot file for test "prop_i11_temporary_tier_non_interference" to "test_snapshots/prop_i11_temporary_tier_non_interference.41.json".
Writing test snapshot file for test "prop_i11_temporary_tier_non_interference" to "test_snapshots/prop_i11_temporary_tier_non_interference.42.json".
Writing test snapshot file for test "prop_i11_temporary_tier_non_interference" to "test_snapshots/prop_i11_temporary_tier_non_interference.43.json".
Writing test snapshot file for test "prop_i11_temporary_tier_non_interference" to "test_snapshots/prop_i11_temporary_tier_non_interference.44.json".
Writing test snapshot file for test "prop_i11_temporary_tier_non_interference" to "test_snapshots/prop_i11_temporary_tier_non_interference.45.json".
Writing test snapshot file for test "prop_i11_temporary_tier_non_interference" to "test_snapshots/prop_i11_temporary_tier_non_interference.46.json".
Writing test snapshot file for test "prop_i11_temporary_tier_non_interference" to "test_snapshots/prop_i11_temporary_tier_non_interference.47.json".
Writing test snapshot file for test "prop_i11_temporary_tier_non_interference" to "test_snapshots/prop_i11_temporary_tier_non_interference.48.json".
Writing test snapshot file for test "prop_i11_temporary_tier_non_interference" to "test_snapshots/prop_i11_temporary_tier_non_interference.49.json".
Writing test snapshot file for test "prop_i11_temporary_tier_non_interference" to "test_snapshots/prop_i11_temporary_tier_non_interference.50.json".
Writing test snapshot file for test "prop_i11_temporary_tier_non_interference" to "test_snapshots/prop_i11_temporary_tier_non_interference.51.json".
Writing test snapshot file for test "prop_i11_temporary_tier_non_interference" to "test_snapshots/prop_i11_temporary_tier_non_interference.52.json".
Writing test snapshot file for test "prop_i11_temporary_tier_non_interference" to "test_snapshots/prop_i11_temporary_tier_non_interference.54.json".
Writing test snapshot file for test "prop_i11_temporary_tier_non_interference" to "test_snapshots/prop_i11_temporary_tier_non_interference.53.json".
Writing test snapshot file for test "prop_i11_temporary_tier_non_interference" to "test_snapshots/prop_i11_temporary_tier_non_interference.55.json".

thread 'prop_i11_temporary_tier_non_interference' (3074834) panicked at 04-prototype-development/contracts/soroban-vault/tests/proptest_ai.rs:1615:1:
Test failed: run A: last_activity(pool[0]) == None after a successful Withdraw { actor: 0, shares: 1 }, expected Some(1000) at 04-prototype-development/contracts/soroban-vault/tests/proptest_ai.rs:1639.
minimal failing input: ops = [
    Withdraw {
        actor: 0,
        shares: 1,
    },
]
	successes: 0
	local rejects: 0
	global rejects: 0


---- prop_i5_no_auth_cannot_decrease_balance stdout ----
proptest: FileFailurePersistence::SourceParallel set, but failed to find lib.rs or main.rs
Writing test snapshot file for test "prop_i5_no_auth_cannot_decrease_balance" to "test_snapshots/prop_i5_no_auth_cannot_decrease_balance.1.json".
Writing test snapshot file for test "prop_i5_no_auth_cannot_decrease_balance" to "test_snapshots/prop_i5_no_auth_cannot_decrease_balance.2.json".
Writing test snapshot file for test "prop_i5_no_auth_cannot_decrease_balance" to "test_snapshots/prop_i5_no_auth_cannot_decrease_balance.3.json".
Writing test snapshot file for test "prop_i5_no_auth_cannot_decrease_balance" to "test_snapshots/prop_i5_no_auth_cannot_decrease_balance.4.json".
Writing test snapshot file for test "prop_i5_no_auth_cannot_decrease_balance" to "test_snapshots/prop_i5_no_auth_cannot_decrease_balance.5.json".
Writing test snapshot file for test "prop_i5_no_auth_cannot_decrease_balance" to "test_snapshots/prop_i5_no_auth_cannot_decrease_balance.6.json".
Writing test snapshot file for test "prop_i5_no_auth_cannot_decrease_balance" to "test_snapshots/prop_i5_no_auth_cannot_decrease_balance.7.json".
Writing test snapshot file for test "prop_i5_no_auth_cannot_decrease_balance" to "test_snapshots/prop_i5_no_auth_cannot_decrease_balance.8.json".
Writing test snapshot file for test "prop_i5_no_auth_cannot_decrease_balance" to "test_snapshots/prop_i5_no_auth_cannot_decrease_balance.9.json".
Writing test snapshot file for test "prop_i5_no_auth_cannot_decrease_balance" to "test_snapshots/prop_i5_no_auth_cannot_decrease_balance.10.json".
Writing test snapshot file for test "prop_i5_no_auth_cannot_decrease_balance" to "test_snapshots/prop_i5_no_auth_cannot_decrease_balance.11.json".
Writing test snapshot file for test "prop_i5_no_auth_cannot_decrease_balance" to "test_snapshots/prop_i5_no_auth_cannot_decrease_balance.12.json".
Writing test snapshot file for test "prop_i5_no_auth_cannot_decrease_balance" to "test_snapshots/prop_i5_no_auth_cannot_decrease_balance.13.json".
Writing test snapshot file for test "prop_i5_no_auth_cannot_decrease_balance" to "test_snapshots/prop_i5_no_auth_cannot_decrease_balance.14.json".
Writing test snapshot file for test "prop_i5_no_auth_cannot_decrease_balance" to "test_snapshots/prop_i5_no_auth_cannot_decrease_balance.15.json".
Writing test snapshot file for test "prop_i5_no_auth_cannot_decrease_balance" to "test_snapshots/prop_i5_no_auth_cannot_decrease_balance.16.json".
Writing test snapshot file for test "prop_i5_no_auth_cannot_decrease_balance" to "test_snapshots/prop_i5_no_auth_cannot_decrease_balance.17.json".
Writing test snapshot file for test "prop_i5_no_auth_cannot_decrease_balance" to "test_snapshots/prop_i5_no_auth_cannot_decrease_balance.18.json".
Writing test snapshot file for test "prop_i5_no_auth_cannot_decrease_balance" to "test_snapshots/prop_i5_no_auth_cannot_decrease_balance.19.json".
Writing test snapshot file for test "prop_i5_no_auth_cannot_decrease_balance" to "test_snapshots/prop_i5_no_auth_cannot_decrease_balance.20.json".
Writing test snapshot file for test "prop_i5_no_auth_cannot_decrease_balance" to "test_snapshots/prop_i5_no_auth_cannot_decrease_balance.21.json".
Writing test snapshot file for test "prop_i5_no_auth_cannot_decrease_balance" to "test_snapshots/prop_i5_no_auth_cannot_decrease_balance.22.json".
Writing test snapshot file for test "prop_i5_no_auth_cannot_decrease_balance" to "test_snapshots/prop_i5_no_auth_cannot_decrease_balance.23.json".
Writing test snapshot file for test "prop_i5_no_auth_cannot_decrease_balance" to "test_snapshots/prop_i5_no_auth_cannot_decrease_balance.24.json".
Writing test snapshot file for test "prop_i5_no_auth_cannot_decrease_balance" to "test_snapshots/prop_i5_no_auth_cannot_decrease_balance.25.json".
Writing test snapshot file for test "prop_i5_no_auth_cannot_decrease_balance" to "test_snapshots/prop_i5_no_auth_cannot_decrease_balance.26.json".
Writing test snapshot file for test "prop_i5_no_auth_cannot_decrease_balance" to "test_snapshots/prop_i5_no_auth_cannot_decrease_balance.27.json".
Writing test snapshot file for test "prop_i5_no_auth_cannot_decrease_balance" to "test_snapshots/prop_i5_no_auth_cannot_decrease_balance.28.json".
Writing test snapshot file for test "prop_i5_no_auth_cannot_decrease_balance" to "test_snapshots/prop_i5_no_auth_cannot_decrease_balance.29.json".
Writing test snapshot file for test "prop_i5_no_auth_cannot_decrease_balance" to "test_snapshots/prop_i5_no_auth_cannot_decrease_balance.30.json".
Writing test snapshot file for test "prop_i5_no_auth_cannot_decrease_balance" to "test_snapshots/prop_i5_no_auth_cannot_decrease_balance.31.json".
Writing test snapshot file for test "prop_i5_no_auth_cannot_decrease_balance" to "test_snapshots/prop_i5_no_auth_cannot_decrease_balance.32.json".
Writing test snapshot file for test "prop_i5_no_auth_cannot_decrease_balance" to "test_snapshots/prop_i5_no_auth_cannot_decrease_balance.33.json".
Writing test snapshot file for test "prop_i5_no_auth_cannot_decrease_balance" to "test_snapshots/prop_i5_no_auth_cannot_decrease_balance.34.json".
Writing test snapshot file for test "prop_i5_no_auth_cannot_decrease_balance" to "test_snapshots/prop_i5_no_auth_cannot_decrease_balance.35.json".
Writing test snapshot file for test "prop_i5_no_auth_cannot_decrease_balance" to "test_snapshots/prop_i5_no_auth_cannot_decrease_balance.36.json".
Writing test snapshot file for test "prop_i5_no_auth_cannot_decrease_balance" to "test_snapshots/prop_i5_no_auth_cannot_decrease_balance.37.json".
Writing test snapshot file for test "prop_i5_no_auth_cannot_decrease_balance" to "test_snapshots/prop_i5_no_auth_cannot_decrease_balance.38.json".
Writing test snapshot file for test "prop_i5_no_auth_cannot_decrease_balance" to "test_snapshots/prop_i5_no_auth_cannot_decrease_balance.39.json".
Writing test snapshot file for test "prop_i5_no_auth_cannot_decrease_balance" to "test_snapshots/prop_i5_no_auth_cannot_decrease_balance.40.json".
Writing test snapshot file for test "prop_i5_no_auth_cannot_decrease_balance" to "test_snapshots/prop_i5_no_auth_cannot_decrease_balance.41.json".
Writing test snapshot file for test "prop_i5_no_auth_cannot_decrease_balance" to "test_snapshots/prop_i5_no_auth_cannot_decrease_balance.42.json".
Writing test snapshot file for test "prop_i5_no_auth_cannot_decrease_balance" to "test_snapshots/prop_i5_no_auth_cannot_decrease_balance.43.json".
Writing test snapshot file for test "prop_i5_no_auth_cannot_decrease_balance" to "test_snapshots/prop_i5_no_auth_cannot_decrease_balance.44.json".
Writing test snapshot file for test "prop_i5_no_auth_cannot_decrease_balance" to "test_snapshots/prop_i5_no_auth_cannot_decrease_balance.45.json".
Writing test snapshot file for test "prop_i5_no_auth_cannot_decrease_balance" to "test_snapshots/prop_i5_no_auth_cannot_decrease_balance.46.json".
Writing test snapshot file for test "prop_i5_no_auth_cannot_decrease_balance" to "test_snapshots/prop_i5_no_auth_cannot_decrease_balance.47.json".
Writing test snapshot file for test "prop_i5_no_auth_cannot_decrease_balance" to "test_snapshots/prop_i5_no_auth_cannot_decrease_balance.48.json".
Writing test snapshot file for test "prop_i5_no_auth_cannot_decrease_balance" to "test_snapshots/prop_i5_no_auth_cannot_decrease_balance.49.json".
Writing test snapshot file for test "prop_i5_no_auth_cannot_decrease_balance" to "test_snapshots/prop_i5_no_auth_cannot_decrease_balance.50.json".
Writing test snapshot file for test "prop_i5_no_auth_cannot_decrease_balance" to "test_snapshots/prop_i5_no_auth_cannot_decrease_balance.51.json".

thread 'prop_i5_no_auth_cannot_decrease_balance' (3074837) panicked at 04-prototype-development/contracts/soroban-vault/tests/proptest_ai.rs:1288:1:
Test failed: I5 broken: with auth revoked, withdraw returned Ok(Ok(())); expected a host-level auth abort (a VaultError here would mean the call was rejected for the wrong reason) at 04-prototype-development/contracts/soroban-vault/tests/proptest_ai.rs:1338.
minimal failing input: holder = 0, counterparty = 0, seed = 1, shares = 1, which = 0
	successes: 0
	local rejects: 0
	global rejects: 0


---- prop_exact_share_accounting stdout ----
proptest: FileFailurePersistence::SourceParallel set, but failed to find lib.rs or main.rs
Writing test snapshot file for test "prop_exact_share_accounting" to "test_snapshots/prop_exact_share_accounting.1.json".
Writing test snapshot file for test "prop_exact_share_accounting" to "test_snapshots/prop_exact_share_accounting.2.json".
Writing test snapshot file for test "prop_exact_share_accounting" to "test_snapshots/prop_exact_share_accounting.3.json".
Writing test snapshot file for test "prop_exact_share_accounting" to "test_snapshots/prop_exact_share_accounting.4.json".
Writing test snapshot file for test "prop_exact_share_accounting" to "test_snapshots/prop_exact_share_accounting.5.json".
Writing test snapshot file for test "prop_exact_share_accounting" to "test_snapshots/prop_exact_share_accounting.6.json".
Writing test snapshot file for test "prop_exact_share_accounting" to "test_snapshots/prop_exact_share_accounting.7.json".
Writing test snapshot file for test "prop_exact_share_accounting" to "test_snapshots/prop_exact_share_accounting.8.json".
Writing test snapshot file for test "prop_exact_share_accounting" to "test_snapshots/prop_exact_share_accounting.9.json".
Writing test snapshot file for test "prop_exact_share_accounting" to "test_snapshots/prop_exact_share_accounting.10.json".
Writing test snapshot file for test "prop_exact_share_accounting" to "test_snapshots/prop_exact_share_accounting.11.json".
Writing test snapshot file for test "prop_exact_share_accounting" to "test_snapshots/prop_exact_share_accounting.12.json".
Writing test snapshot file for test "prop_exact_share_accounting" to "test_snapshots/prop_exact_share_accounting.13.json".
Writing test snapshot file for test "prop_exact_share_accounting" to "test_snapshots/prop_exact_share_accounting.14.json".
Writing test snapshot file for test "prop_exact_share_accounting" to "test_snapshots/prop_exact_share_accounting.15.json".
Writing test snapshot file for test "prop_exact_share_accounting" to "test_snapshots/prop_exact_share_accounting.16.json".
Writing test snapshot file for test "prop_exact_share_accounting" to "test_snapshots/prop_exact_share_accounting.17.json".
Writing test snapshot file for test "prop_exact_share_accounting" to "test_snapshots/prop_exact_share_accounting.18.json".
Writing test snapshot file for test "prop_exact_share_accounting" to "test_snapshots/prop_exact_share_accounting.19.json".
Writing test snapshot file for test "prop_exact_share_accounting" to "test_snapshots/prop_exact_share_accounting.20.json".
Writing test snapshot file for test "prop_exact_share_accounting" to "test_snapshots/prop_exact_share_accounting.21.json".
Writing test snapshot file for test "prop_exact_share_accounting" to "test_snapshots/prop_exact_share_accounting.22.json".
Writing test snapshot file for test "prop_exact_share_accounting" to "test_snapshots/prop_exact_share_accounting.23.json".
Writing test snapshot file for test "prop_exact_share_accounting" to "test_snapshots/prop_exact_share_accounting.24.json".
Writing test snapshot file for test "prop_exact_share_accounting" to "test_snapshots/prop_exact_share_accounting.25.json".
Writing test snapshot file for test "prop_exact_share_accounting" to "test_snapshots/prop_exact_share_accounting.26.json".
Writing test snapshot file for test "prop_exact_share_accounting" to "test_snapshots/prop_exact_share_accounting.27.json".
Writing test snapshot file for test "prop_exact_share_accounting" to "test_snapshots/prop_exact_share_accounting.28.json".
Writing test snapshot file for test "prop_exact_share_accounting" to "test_snapshots/prop_exact_share_accounting.29.json".
Writing test snapshot file for test "prop_exact_share_accounting" to "test_snapshots/prop_exact_share_accounting.30.json".
Writing test snapshot file for test "prop_exact_share_accounting" to "test_snapshots/prop_exact_share_accounting.31.json".
Writing test snapshot file for test "prop_exact_share_accounting" to "test_snapshots/prop_exact_share_accounting.32.json".
Writing test snapshot file for test "prop_exact_share_accounting" to "test_snapshots/prop_exact_share_accounting.33.json".
Writing test snapshot file for test "prop_exact_share_accounting" to "test_snapshots/prop_exact_share_accounting.34.json".
Writing test snapshot file for test "prop_exact_share_accounting" to "test_snapshots/prop_exact_share_accounting.35.json".
Writing test snapshot file for test "prop_exact_share_accounting" to "test_snapshots/prop_exact_share_accounting.36.json".
Writing test snapshot file for test "prop_exact_share_accounting" to "test_snapshots/prop_exact_share_accounting.37.json".
Writing test snapshot file for test "prop_exact_share_accounting" to "test_snapshots/prop_exact_share_accounting.38.json".
Writing test snapshot file for test "prop_exact_share_accounting" to "test_snapshots/prop_exact_share_accounting.39.json".
Writing test snapshot file for test "prop_exact_share_accounting" to "test_snapshots/prop_exact_share_accounting.40.json".
Writing test snapshot file for test "prop_exact_share_accounting" to "test_snapshots/prop_exact_share_accounting.41.json".
Writing test snapshot file for test "prop_exact_share_accounting" to "test_snapshots/prop_exact_share_accounting.42.json".
Writing test snapshot file for test "prop_exact_share_accounting" to "test_snapshots/prop_exact_share_accounting.43.json".
Writing test snapshot file for test "prop_exact_share_accounting" to "test_snapshots/prop_exact_share_accounting.44.json".
Writing test snapshot file for test "prop_exact_share_accounting" to "test_snapshots/prop_exact_share_accounting.45.json".
Writing test snapshot file for test "prop_exact_share_accounting" to "test_snapshots/prop_exact_share_accounting.46.json".
Writing test snapshot file for test "prop_exact_share_accounting" to "test_snapshots/prop_exact_share_accounting.47.json".
Writing test snapshot file for test "prop_exact_share_accounting" to "test_snapshots/prop_exact_share_accounting.48.json".
Writing test snapshot file for test "prop_exact_share_accounting" to "test_snapshots/prop_exact_share_accounting.49.json".
Writing test snapshot file for test "prop_exact_share_accounting" to "test_snapshots/prop_exact_share_accounting.50.json".
Writing test snapshot file for test "prop_exact_share_accounting" to "test_snapshots/prop_exact_share_accounting.51.json".
Writing test snapshot file for test "prop_exact_share_accounting" to "test_snapshots/prop_exact_share_accounting.52.json".
Writing test snapshot file for test "prop_exact_share_accounting" to "test_snapshots/prop_exact_share_accounting.53.json".
Writing test snapshot file for test "prop_exact_share_accounting" to "test_snapshots/prop_exact_share_accounting.54.json".
Writing test snapshot file for test "prop_exact_share_accounting" to "test_snapshots/prop_exact_share_accounting.55.json".
Writing test snapshot file for test "prop_exact_share_accounting" to "test_snapshots/prop_exact_share_accounting.56.json".
Writing test snapshot file for test "prop_exact_share_accounting" to "test_snapshots/prop_exact_share_accounting.57.json".
Writing test snapshot file for test "prop_exact_share_accounting" to "test_snapshots/prop_exact_share_accounting.58.json".
Writing test snapshot file for test "prop_exact_share_accounting" to "test_snapshots/prop_exact_share_accounting.59.json".
Writing test snapshot file for test "prop_exact_share_accounting" to "test_snapshots/prop_exact_share_accounting.60.json".
Writing test snapshot file for test "prop_exact_share_accounting" to "test_snapshots/prop_exact_share_accounting.61.json".
Writing test snapshot file for test "prop_exact_share_accounting" to "test_snapshots/prop_exact_share_accounting.62.json".
Writing test snapshot file for test "prop_exact_share_accounting" to "test_snapshots/prop_exact_share_accounting.63.json".
Writing test snapshot file for test "prop_exact_share_accounting" to "test_snapshots/prop_exact_share_accounting.64.json".
Writing test snapshot file for test "prop_exact_share_accounting" to "test_snapshots/prop_exact_share_accounting.65.json".
Writing test snapshot file for test "prop_exact_share_accounting" to "test_snapshots/prop_exact_share_accounting.66.json".
Writing test snapshot file for test "prop_exact_share_accounting" to "test_snapshots/prop_exact_share_accounting.67.json".
Writing test snapshot file for test "prop_exact_share_accounting" to "test_snapshots/prop_exact_share_accounting.68.json".
Writing test snapshot file for test "prop_exact_share_accounting" to "test_snapshots/prop_exact_share_accounting.69.json".
Writing test snapshot file for test "prop_exact_share_accounting" to "test_snapshots/prop_exact_share_accounting.70.json".
Writing test snapshot file for test "prop_exact_share_accounting" to "test_snapshots/prop_exact_share_accounting.71.json".
Writing test snapshot file for test "prop_exact_share_accounting" to "test_snapshots/prop_exact_share_accounting.72.json".
Writing test snapshot file for test "prop_exact_share_accounting" to "test_snapshots/prop_exact_share_accounting.73.json".
Writing test snapshot file for test "prop_exact_share_accounting" to "test_snapshots/prop_exact_share_accounting.74.json".
Writing test snapshot file for test "prop_exact_share_accounting" to "test_snapshots/prop_exact_share_accounting.75.json".
Writing test snapshot file for test "prop_exact_share_accounting" to "test_snapshots/prop_exact_share_accounting.76.json".
Writing test snapshot file for test "prop_exact_share_accounting" to "test_snapshots/prop_exact_share_accounting.77.json".
Writing test snapshot file for test "prop_exact_share_accounting" to "test_snapshots/prop_exact_share_accounting.78.json".
Writing test snapshot file for test "prop_exact_share_accounting" to "test_snapshots/prop_exact_share_accounting.79.json".
Writing test snapshot file for test "prop_exact_share_accounting" to "test_snapshots/prop_exact_share_accounting.80.json".
Writing test snapshot file for test "prop_exact_share_accounting" to "test_snapshots/prop_exact_share_accounting.81.json".
Writing test snapshot file for test "prop_exact_share_accounting" to "test_snapshots/prop_exact_share_accounting.82.json".
Writing test snapshot file for test "prop_exact_share_accounting" to "test_snapshots/prop_exact_share_accounting.83.json".
Writing test snapshot file for test "prop_exact_share_accounting" to "test_snapshots/prop_exact_share_accounting.84.json".
Writing test snapshot file for test "prop_exact_share_accounting" to "test_snapshots/prop_exact_share_accounting.85.json".
Writing test snapshot file for test "prop_exact_share_accounting" to "test_snapshots/prop_exact_share_accounting.86.json".
Writing test snapshot file for test "prop_exact_share_accounting" to "test_snapshots/prop_exact_share_accounting.87.json".
Writing test snapshot file for test "prop_exact_share_accounting" to "test_snapshots/prop_exact_share_accounting.88.json".
Writing test snapshot file for test "prop_exact_share_accounting" to "test_snapshots/prop_exact_share_accounting.89.json".
Writing test snapshot file for test "prop_exact_share_accounting" to "test_snapshots/prop_exact_share_accounting.90.json".
Writing test snapshot file for test "prop_exact_share_accounting" to "test_snapshots/prop_exact_share_accounting.91.json".
Writing test snapshot file for test "prop_exact_share_accounting" to "test_snapshots/prop_exact_share_accounting.92.json".
Writing test snapshot file for test "prop_exact_share_accounting" to "test_snapshots/prop_exact_share_accounting.93.json".
Writing test snapshot file for test "prop_exact_share_accounting" to "test_snapshots/prop_exact_share_accounting.94.json".
Writing test snapshot file for test "prop_exact_share_accounting" to "test_snapshots/prop_exact_share_accounting.95.json".
Writing test snapshot file for test "prop_exact_share_accounting" to "test_snapshots/prop_exact_share_accounting.96.json".
Writing test snapshot file for test "prop_exact_share_accounting" to "test_snapshots/prop_exact_share_accounting.97.json".
Writing test snapshot file for test "prop_exact_share_accounting" to "test_snapshots/prop_exact_share_accounting.98.json".
Writing test snapshot file for test "prop_exact_share_accounting" to "test_snapshots/prop_exact_share_accounting.99.json".
Writing test snapshot file for test "prop_exact_share_accounting" to "test_snapshots/prop_exact_share_accounting.100.json".
Writing test snapshot file for test "prop_exact_share_accounting" to "test_snapshots/prop_exact_share_accounting.101.json".
Writing test snapshot file for test "prop_exact_share_accounting" to "test_snapshots/prop_exact_share_accounting.102.json".
Writing test snapshot file for test "prop_exact_share_accounting" to "test_snapshots/prop_exact_share_accounting.103.json".
Writing test snapshot file for test "prop_exact_share_accounting" to "test_snapshots/prop_exact_share_accounting.104.json".
Writing test snapshot file for test "prop_exact_share_accounting" to "test_snapshots/prop_exact_share_accounting.105.json".
Writing test snapshot file for test "prop_exact_share_accounting" to "test_snapshots/prop_exact_share_accounting.106.json".
Writing test snapshot file for test "prop_exact_share_accounting" to "test_snapshots/prop_exact_share_accounting.107.json".
Writing test snapshot file for test "prop_exact_share_accounting" to "test_snapshots/prop_exact_share_accounting.108.json".
Writing test snapshot file for test "prop_exact_share_accounting" to "test_snapshots/prop_exact_share_accounting.109.json".
Writing test snapshot file for test "prop_exact_share_accounting" to "test_snapshots/prop_exact_share_accounting.110.json".
Writing test snapshot file for test "prop_exact_share_accounting" to "test_snapshots/prop_exact_share_accounting.111.json".
Writing test snapshot file for test "prop_exact_share_accounting" to "test_snapshots/prop_exact_share_accounting.112.json".

thread 'prop_exact_share_accounting' (3074832) panicked at 04-prototype-development/contracts/soroban-vault/tests/proptest_ai.rs:885:1:
Test failed: I1/withdraw: T == 2 after burning 1, expected 1 at 04-prototype-development/contracts/soroban-vault/tests/proptest_ai.rs:1035.
minimal failing input: seeder = 0, depositor = 0, d1 = 1, d2 = 1, donation = 0, w = 1
	successes: 0
	local rejects: 0
	global rejects: 0


---- prop_i12_pause_semantics stdout ----
proptest: FileFailurePersistence::SourceParallel set, but failed to find lib.rs or main.rs
Writing test snapshot file for test "prop_i12_pause_semantics" to "test_snapshots/prop_i12_pause_semantics.1.json".
Writing test snapshot file for test "prop_i12_pause_semantics" to "test_snapshots/prop_i12_pause_semantics.2.json".
Writing test snapshot file for test "prop_i12_pause_semantics" to "test_snapshots/prop_i12_pause_semantics.3.json".
Writing test snapshot file for test "prop_i12_pause_semantics" to "test_snapshots/prop_i12_pause_semantics.4.json".
Writing test snapshot file for test "prop_i12_pause_semantics" to "test_snapshots/prop_i12_pause_semantics.5.json".
Writing test snapshot file for test "prop_i12_pause_semantics" to "test_snapshots/prop_i12_pause_semantics.6.json".
Writing test snapshot file for test "prop_i12_pause_semantics" to "test_snapshots/prop_i12_pause_semantics.7.json".
Writing test snapshot file for test "prop_i12_pause_semantics" to "test_snapshots/prop_i12_pause_semantics.8.json".
Writing test snapshot file for test "prop_i12_pause_semantics" to "test_snapshots/prop_i12_pause_semantics.9.json".
Writing test snapshot file for test "prop_i12_pause_semantics" to "test_snapshots/prop_i12_pause_semantics.10.json".
Writing test snapshot file for test "prop_i12_pause_semantics" to "test_snapshots/prop_i12_pause_semantics.11.json".
Writing test snapshot file for test "prop_i12_pause_semantics" to "test_snapshots/prop_i12_pause_semantics.12.json".
Writing test snapshot file for test "prop_i12_pause_semantics" to "test_snapshots/prop_i12_pause_semantics.13.json".
Writing test snapshot file for test "prop_i12_pause_semantics" to "test_snapshots/prop_i12_pause_semantics.14.json".
Writing test snapshot file for test "prop_i12_pause_semantics" to "test_snapshots/prop_i12_pause_semantics.15.json".
Writing test snapshot file for test "prop_i12_pause_semantics" to "test_snapshots/prop_i12_pause_semantics.16.json".
Writing test snapshot file for test "prop_i12_pause_semantics" to "test_snapshots/prop_i12_pause_semantics.17.json".
Writing test snapshot file for test "prop_i12_pause_semantics" to "test_snapshots/prop_i12_pause_semantics.18.json".
Writing test snapshot file for test "prop_i12_pause_semantics" to "test_snapshots/prop_i12_pause_semantics.19.json".
Writing test snapshot file for test "prop_i12_pause_semantics" to "test_snapshots/prop_i12_pause_semantics.20.json".
Writing test snapshot file for test "prop_i12_pause_semantics" to "test_snapshots/prop_i12_pause_semantics.21.json".
Writing test snapshot file for test "prop_i12_pause_semantics" to "test_snapshots/prop_i12_pause_semantics.22.json".
Writing test snapshot file for test "prop_i12_pause_semantics" to "test_snapshots/prop_i12_pause_semantics.23.json".
Writing test snapshot file for test "prop_i12_pause_semantics" to "test_snapshots/prop_i12_pause_semantics.24.json".
Writing test snapshot file for test "prop_i12_pause_semantics" to "test_snapshots/prop_i12_pause_semantics.25.json".
Writing test snapshot file for test "prop_i12_pause_semantics" to "test_snapshots/prop_i12_pause_semantics.26.json".
Writing test snapshot file for test "prop_i12_pause_semantics" to "test_snapshots/prop_i12_pause_semantics.27.json".
Writing test snapshot file for test "prop_i12_pause_semantics" to "test_snapshots/prop_i12_pause_semantics.28.json".
Writing test snapshot file for test "prop_i12_pause_semantics" to "test_snapshots/prop_i12_pause_semantics.29.json".
Writing test snapshot file for test "prop_i12_pause_semantics" to "test_snapshots/prop_i12_pause_semantics.30.json".
Writing test snapshot file for test "prop_i12_pause_semantics" to "test_snapshots/prop_i12_pause_semantics.31.json".
Writing test snapshot file for test "prop_i12_pause_semantics" to "test_snapshots/prop_i12_pause_semantics.32.json".
Writing test snapshot file for test "prop_i12_pause_semantics" to "test_snapshots/prop_i12_pause_semantics.33.json".
Writing test snapshot file for test "prop_i12_pause_semantics" to "test_snapshots/prop_i12_pause_semantics.34.json".
Writing test snapshot file for test "prop_i12_pause_semantics" to "test_snapshots/prop_i12_pause_semantics.35.json".
Writing test snapshot file for test "prop_i12_pause_semantics" to "test_snapshots/prop_i12_pause_semantics.36.json".
Writing test snapshot file for test "prop_i12_pause_semantics" to "test_snapshots/prop_i12_pause_semantics.37.json".
Writing test snapshot file for test "prop_i12_pause_semantics" to "test_snapshots/prop_i12_pause_semantics.38.json".
Writing test snapshot file for test "prop_i12_pause_semantics" to "test_snapshots/prop_i12_pause_semantics.39.json".
Writing test snapshot file for test "prop_i12_pause_semantics" to "test_snapshots/prop_i12_pause_semantics.40.json".
Writing test snapshot file for test "prop_i12_pause_semantics" to "test_snapshots/prop_i12_pause_semantics.41.json".
Writing test snapshot file for test "prop_i12_pause_semantics" to "test_snapshots/prop_i12_pause_semantics.42.json".
Writing test snapshot file for test "prop_i12_pause_semantics" to "test_snapshots/prop_i12_pause_semantics.43.json".
Writing test snapshot file for test "prop_i12_pause_semantics" to "test_snapshots/prop_i12_pause_semantics.44.json".
Writing test snapshot file for test "prop_i12_pause_semantics" to "test_snapshots/prop_i12_pause_semantics.45.json".
Writing test snapshot file for test "prop_i12_pause_semantics" to "test_snapshots/prop_i12_pause_semantics.46.json".
Writing test snapshot file for test "prop_i12_pause_semantics" to "test_snapshots/prop_i12_pause_semantics.47.json".
Writing test snapshot file for test "prop_i12_pause_semantics" to "test_snapshots/prop_i12_pause_semantics.48.json".
Writing test snapshot file for test "prop_i12_pause_semantics" to "test_snapshots/prop_i12_pause_semantics.49.json".
Writing test snapshot file for test "prop_i12_pause_semantics" to "test_snapshots/prop_i12_pause_semantics.50.json".
Writing test snapshot file for test "prop_i12_pause_semantics" to "test_snapshots/prop_i12_pause_semantics.51.json".
Writing test snapshot file for test "prop_i12_pause_semantics" to "test_snapshots/prop_i12_pause_semantics.52.json".
Writing test snapshot file for test "prop_i12_pause_semantics" to "test_snapshots/prop_i12_pause_semantics.53.json".
Writing test snapshot file for test "prop_i12_pause_semantics" to "test_snapshots/prop_i12_pause_semantics.54.json".
Writing test snapshot file for test "prop_i12_pause_semantics" to "test_snapshots/prop_i12_pause_semantics.55.json".
Writing test snapshot file for test "prop_i12_pause_semantics" to "test_snapshots/prop_i12_pause_semantics.56.json".
Writing test snapshot file for test "prop_i12_pause_semantics" to "test_snapshots/prop_i12_pause_semantics.57.json".
Writing test snapshot file for test "prop_i12_pause_semantics" to "test_snapshots/prop_i12_pause_semantics.58.json".
Writing test snapshot file for test "prop_i12_pause_semantics" to "test_snapshots/prop_i12_pause_semantics.59.json".
Writing test snapshot file for test "prop_i12_pause_semantics" to "test_snapshots/prop_i12_pause_semantics.60.json".
Writing test snapshot file for test "prop_i12_pause_semantics" to "test_snapshots/prop_i12_pause_semantics.61.json".
Writing test snapshot file for test "prop_i12_pause_semantics" to "test_snapshots/prop_i12_pause_semantics.62.json".
Writing test snapshot file for test "prop_i12_pause_semantics" to "test_snapshots/prop_i12_pause_semantics.63.json".
Writing test snapshot file for test "prop_i12_pause_semantics" to "test_snapshots/prop_i12_pause_semantics.64.json".
Writing test snapshot file for test "prop_i12_pause_semantics" to "test_snapshots/prop_i12_pause_semantics.65.json".
Writing test snapshot file for test "prop_i12_pause_semantics" to "test_snapshots/prop_i12_pause_semantics.66.json".
Writing test snapshot file for test "prop_i12_pause_semantics" to "test_snapshots/prop_i12_pause_semantics.67.json".
Writing test snapshot file for test "prop_i12_pause_semantics" to "test_snapshots/prop_i12_pause_semantics.68.json".
Writing test snapshot file for test "prop_i12_pause_semantics" to "test_snapshots/prop_i12_pause_semantics.69.json".
Writing test snapshot file for test "prop_i12_pause_semantics" to "test_snapshots/prop_i12_pause_semantics.70.json".
Writing test snapshot file for test "prop_i12_pause_semantics" to "test_snapshots/prop_i12_pause_semantics.71.json".
Writing test snapshot file for test "prop_i12_pause_semantics" to "test_snapshots/prop_i12_pause_semantics.72.json".
Writing test snapshot file for test "prop_i12_pause_semantics" to "test_snapshots/prop_i12_pause_semantics.73.json".
Writing test snapshot file for test "prop_i12_pause_semantics" to "test_snapshots/prop_i12_pause_semantics.74.json".
Writing test snapshot file for test "prop_i12_pause_semantics" to "test_snapshots/prop_i12_pause_semantics.75.json".
Writing test snapshot file for test "prop_i12_pause_semantics" to "test_snapshots/prop_i12_pause_semantics.76.json".
Writing test snapshot file for test "prop_i12_pause_semantics" to "test_snapshots/prop_i12_pause_semantics.77.json".
Writing test snapshot file for test "prop_i12_pause_semantics" to "test_snapshots/prop_i12_pause_semantics.78.json".
Writing test snapshot file for test "prop_i12_pause_semantics" to "test_snapshots/prop_i12_pause_semantics.79.json".
Writing test snapshot file for test "prop_i12_pause_semantics" to "test_snapshots/prop_i12_pause_semantics.80.json".
Writing test snapshot file for test "prop_i12_pause_semantics" to "test_snapshots/prop_i12_pause_semantics.81.json".
Writing test snapshot file for test "prop_i12_pause_semantics" to "test_snapshots/prop_i12_pause_semantics.82.json".
Writing test snapshot file for test "prop_i12_pause_semantics" to "test_snapshots/prop_i12_pause_semantics.83.json".
Writing test snapshot file for test "prop_i12_pause_semantics" to "test_snapshots/prop_i12_pause_semantics.84.json".
Writing test snapshot file for test "prop_i12_pause_semantics" to "test_snapshots/prop_i12_pause_semantics.85.json".
Writing test snapshot file for test "prop_i12_pause_semantics" to "test_snapshots/prop_i12_pause_semantics.86.json".
Writing test snapshot file for test "prop_i12_pause_semantics" to "test_snapshots/prop_i12_pause_semantics.87.json".
Writing test snapshot file for test "prop_i12_pause_semantics" to "test_snapshots/prop_i12_pause_semantics.88.json".
Writing test snapshot file for test "prop_i12_pause_semantics" to "test_snapshots/prop_i12_pause_semantics.89.json".
Writing test snapshot file for test "prop_i12_pause_semantics" to "test_snapshots/prop_i12_pause_semantics.90.json".
Writing test snapshot file for test "prop_i12_pause_semantics" to "test_snapshots/prop_i12_pause_semantics.91.json".
Writing test snapshot file for test "prop_i12_pause_semantics" to "test_snapshots/prop_i12_pause_semantics.92.json".
Writing test snapshot file for test "prop_i12_pause_semantics" to "test_snapshots/prop_i12_pause_semantics.93.json".
Writing test snapshot file for test "prop_i12_pause_semantics" to "test_snapshots/prop_i12_pause_semantics.94.json".
Writing test snapshot file for test "prop_i12_pause_semantics" to "test_snapshots/prop_i12_pause_semantics.95.json".
Writing test snapshot file for test "prop_i12_pause_semantics" to "test_snapshots/prop_i12_pause_semantics.96.json".
Writing test snapshot file for test "prop_i12_pause_semantics" to "test_snapshots/prop_i12_pause_semantics.97.json".
Writing test snapshot file for test "prop_i12_pause_semantics" to "test_snapshots/prop_i12_pause_semantics.98.json".
Writing test snapshot file for test "prop_i12_pause_semantics" to "test_snapshots/prop_i12_pause_semantics.99.json".
Writing test snapshot file for test "prop_i12_pause_semantics" to "test_snapshots/prop_i12_pause_semantics.100.json".
Writing test snapshot file for test "prop_i12_pause_semantics" to "test_snapshots/prop_i12_pause_semantics.101.json".
Writing test snapshot file for test "prop_i12_pause_semantics" to "test_snapshots/prop_i12_pause_semantics.102.json".
Writing test snapshot file for test "prop_i12_pause_semantics" to "test_snapshots/prop_i12_pause_semantics.103.json".
Writing test snapshot file for test "prop_i12_pause_semantics" to "test_snapshots/prop_i12_pause_semantics.104.json".
Writing test snapshot file for test "prop_i12_pause_semantics" to "test_snapshots/prop_i12_pause_semantics.105.json".
Writing test snapshot file for test "prop_i12_pause_semantics" to "test_snapshots/prop_i12_pause_semantics.106.json".
Writing test snapshot file for test "prop_i12_pause_semantics" to "test_snapshots/prop_i12_pause_semantics.107.json".
Writing test snapshot file for test "prop_i12_pause_semantics" to "test_snapshots/prop_i12_pause_semantics.108.json".
Writing test snapshot file for test "prop_i12_pause_semantics" to "test_snapshots/prop_i12_pause_semantics.109.json".
Writing test snapshot file for test "prop_i12_pause_semantics" to "test_snapshots/prop_i12_pause_semantics.110.json".
Writing test snapshot file for test "prop_i12_pause_semantics" to "test_snapshots/prop_i12_pause_semantics.111.json".
Writing test snapshot file for test "prop_i12_pause_semantics" to "test_snapshots/prop_i12_pause_semantics.112.json".
Writing test snapshot file for test "prop_i12_pause_semantics" to "test_snapshots/prop_i12_pause_semantics.113.json".
Writing test snapshot file for test "prop_i12_pause_semantics" to "test_snapshots/prop_i12_pause_semantics.114.json".
Writing test snapshot file for test "prop_i12_pause_semantics" to "test_snapshots/prop_i12_pause_semantics.115.json".
Writing test snapshot file for test "prop_i12_pause_semantics" to "test_snapshots/prop_i12_pause_semantics.116.json".
Writing test snapshot file for test "prop_i12_pause_semantics" to "test_snapshots/prop_i12_pause_semantics.117.json".
Writing test snapshot file for test "prop_i12_pause_semantics" to "test_snapshots/prop_i12_pause_semantics.118.json".
Writing test snapshot file for test "prop_i12_pause_semantics" to "test_snapshots/prop_i12_pause_semantics.119.json".
Writing test snapshot file for test "prop_i12_pause_semantics" to "test_snapshots/prop_i12_pause_semantics.120.json".
Writing test snapshot file for test "prop_i12_pause_semantics" to "test_snapshots/prop_i12_pause_semantics.121.json".
Writing test snapshot file for test "prop_i12_pause_semantics" to "test_snapshots/prop_i12_pause_semantics.122.json".
Writing test snapshot file for test "prop_i12_pause_semantics" to "test_snapshots/prop_i12_pause_semantics.123.json".
Writing test snapshot file for test "prop_i12_pause_semantics" to "test_snapshots/prop_i12_pause_semantics.124.json".
Writing test snapshot file for test "prop_i12_pause_semantics" to "test_snapshots/prop_i12_pause_semantics.125.json".
Writing test snapshot file for test "prop_i12_pause_semantics" to "test_snapshots/prop_i12_pause_semantics.126.json".
Writing test snapshot file for test "prop_i12_pause_semantics" to "test_snapshots/prop_i12_pause_semantics.127.json".
Writing test snapshot file for test "prop_i12_pause_semantics" to "test_snapshots/prop_i12_pause_semantics.128.json".
Writing test snapshot file for test "prop_i12_pause_semantics" to "test_snapshots/prop_i12_pause_semantics.129.json".
Writing test snapshot file for test "prop_i12_pause_semantics" to "test_snapshots/prop_i12_pause_semantics.130.json".
Writing test snapshot file for test "prop_i12_pause_semantics" to "test_snapshots/prop_i12_pause_semantics.131.json".
Writing test snapshot file for test "prop_i12_pause_semantics" to "test_snapshots/prop_i12_pause_semantics.132.json".
Writing test snapshot file for test "prop_i12_pause_semantics" to "test_snapshots/prop_i12_pause_semantics.133.json".
Writing test snapshot file for test "prop_i12_pause_semantics" to "test_snapshots/prop_i12_pause_semantics.134.json".
Writing test snapshot file for test "prop_i12_pause_semantics" to "test_snapshots/prop_i12_pause_semantics.135.json".
Writing test snapshot file for test "prop_i12_pause_semantics" to "test_snapshots/prop_i12_pause_semantics.136.json".
Writing test snapshot file for test "prop_i12_pause_semantics" to "test_snapshots/prop_i12_pause_semantics.137.json".
Writing test snapshot file for test "prop_i12_pause_semantics" to "test_snapshots/prop_i12_pause_semantics.138.json".
Writing test snapshot file for test "prop_i12_pause_semantics" to "test_snapshots/prop_i12_pause_semantics.139.json".
Writing test snapshot file for test "prop_i12_pause_semantics" to "test_snapshots/prop_i12_pause_semantics.140.json".
Writing test snapshot file for test "prop_i12_pause_semantics" to "test_snapshots/prop_i12_pause_semantics.141.json".
Writing test snapshot file for test "prop_i12_pause_semantics" to "test_snapshots/prop_i12_pause_semantics.142.json".
Writing test snapshot file for test "prop_i12_pause_semantics" to "test_snapshots/prop_i12_pause_semantics.143.json".
Writing test snapshot file for test "prop_i12_pause_semantics" to "test_snapshots/prop_i12_pause_semantics.144.json".
Writing test snapshot file for test "prop_i12_pause_semantics" to "test_snapshots/prop_i12_pause_semantics.145.json".
Writing test snapshot file for test "prop_i12_pause_semantics" to "test_snapshots/prop_i12_pause_semantics.146.json".
Writing test snapshot file for test "prop_i12_pause_semantics" to "test_snapshots/prop_i12_pause_semantics.147.json".
Writing test snapshot file for test "prop_i12_pause_semantics" to "test_snapshots/prop_i12_pause_semantics.148.json".
Writing test snapshot file for test "prop_i12_pause_semantics" to "test_snapshots/prop_i12_pause_semantics.149.json".
Writing test snapshot file for test "prop_i12_pause_semantics" to "test_snapshots/prop_i12_pause_semantics.150.json".
Writing test snapshot file for test "prop_i12_pause_semantics" to "test_snapshots/prop_i12_pause_semantics.151.json".
Writing test snapshot file for test "prop_i12_pause_semantics" to "test_snapshots/prop_i12_pause_semantics.152.json".
Writing test snapshot file for test "prop_i12_pause_semantics" to "test_snapshots/prop_i12_pause_semantics.153.json".
Writing test snapshot file for test "prop_i12_pause_semantics" to "test_snapshots/prop_i12_pause_semantics.154.json".
Writing test snapshot file for test "prop_i12_pause_semantics" to "test_snapshots/prop_i12_pause_semantics.155.json".
Writing test snapshot file for test "prop_i12_pause_semantics" to "test_snapshots/prop_i12_pause_semantics.156.json".
Writing test snapshot file for test "prop_i12_pause_semantics" to "test_snapshots/prop_i12_pause_semantics.157.json".
Writing test snapshot file for test "prop_i12_pause_semantics" to "test_snapshots/prop_i12_pause_semantics.158.json".
Writing test snapshot file for test "prop_i12_pause_semantics" to "test_snapshots/prop_i12_pause_semantics.159.json".
Writing test snapshot file for test "prop_i12_pause_semantics" to "test_snapshots/prop_i12_pause_semantics.160.json".
Writing test snapshot file for test "prop_i12_pause_semantics" to "test_snapshots/prop_i12_pause_semantics.161.json".
Writing test snapshot file for test "prop_i12_pause_semantics" to "test_snapshots/prop_i12_pause_semantics.162.json".
Writing test snapshot file for test "prop_i12_pause_semantics" to "test_snapshots/prop_i12_pause_semantics.163.json".
Writing test snapshot file for test "prop_i12_pause_semantics" to "test_snapshots/prop_i12_pause_semantics.164.json".
Writing test snapshot file for test "prop_i12_pause_semantics" to "test_snapshots/prop_i12_pause_semantics.165.json".
Writing test snapshot file for test "prop_i12_pause_semantics" to "test_snapshots/prop_i12_pause_semantics.166.json".
Writing test snapshot file for test "prop_i12_pause_semantics" to "test_snapshots/prop_i12_pause_semantics.167.json".
Writing test snapshot file for test "prop_i12_pause_semantics" to "test_snapshots/prop_i12_pause_semantics.168.json".
Writing test snapshot file for test "prop_i12_pause_semantics" to "test_snapshots/prop_i12_pause_semantics.169.json".
Writing test snapshot file for test "prop_i12_pause_semantics" to "test_snapshots/prop_i12_pause_semantics.170.json".
Writing test snapshot file for test "prop_i12_pause_semantics" to "test_snapshots/prop_i12_pause_semantics.171.json".
Writing test snapshot file for test "prop_i12_pause_semantics" to "test_snapshots/prop_i12_pause_semantics.172.json".
Writing test snapshot file for test "prop_i12_pause_semantics" to "test_snapshots/prop_i12_pause_semantics.173.json".
Writing test snapshot file for test "prop_i12_pause_semantics" to "test_snapshots/prop_i12_pause_semantics.174.json".
Writing test snapshot file for test "prop_i12_pause_semantics" to "test_snapshots/prop_i12_pause_semantics.175.json".
Writing test snapshot file for test "prop_i12_pause_semantics" to "test_snapshots/prop_i12_pause_semantics.176.json".
Writing test snapshot file for test "prop_i12_pause_semantics" to "test_snapshots/prop_i12_pause_semantics.177.json".
Writing test snapshot file for test "prop_i12_pause_semantics" to "test_snapshots/prop_i12_pause_semantics.178.json".
Writing test snapshot file for test "prop_i12_pause_semantics" to "test_snapshots/prop_i12_pause_semantics.179.json".
Writing test snapshot file for test "prop_i12_pause_semantics" to "test_snapshots/prop_i12_pause_semantics.180.json".
Writing test snapshot file for test "prop_i12_pause_semantics" to "test_snapshots/prop_i12_pause_semantics.181.json".
Writing test snapshot file for test "prop_i12_pause_semantics" to "test_snapshots/prop_i12_pause_semantics.182.json".
Writing test snapshot file for test "prop_i12_pause_semantics" to "test_snapshots/prop_i12_pause_semantics.183.json".
Writing test snapshot file for test "prop_i12_pause_semantics" to "test_snapshots/prop_i12_pause_semantics.184.json".
Writing test snapshot file for test "prop_i12_pause_semantics" to "test_snapshots/prop_i12_pause_semantics.185.json".
Writing test snapshot file for test "prop_i12_pause_semantics" to "test_snapshots/prop_i12_pause_semantics.186.json".
Writing test snapshot file for test "prop_i12_pause_semantics" to "test_snapshots/prop_i12_pause_semantics.187.json".
Writing test snapshot file for test "prop_i12_pause_semantics" to "test_snapshots/prop_i12_pause_semantics.188.json".
Writing test snapshot file for test "prop_i12_pause_semantics" to "test_snapshots/prop_i12_pause_semantics.189.json".
Writing test snapshot file for test "prop_i12_pause_semantics" to "test_snapshots/prop_i12_pause_semantics.190.json".
Writing test snapshot file for test "prop_i12_pause_semantics" to "test_snapshots/prop_i12_pause_semantics.191.json".
Writing test snapshot file for test "prop_i12_pause_semantics" to "test_snapshots/prop_i12_pause_semantics.192.json".
Writing test snapshot file for test "prop_i12_pause_semantics" to "test_snapshots/prop_i12_pause_semantics.193.json".
Writing test snapshot file for test "prop_i12_pause_semantics" to "test_snapshots/prop_i12_pause_semantics.194.json".
Writing test snapshot file for test "prop_i12_pause_semantics" to "test_snapshots/prop_i12_pause_semantics.195.json".
Writing test snapshot file for test "prop_i12_pause_semantics" to "test_snapshots/prop_i12_pause_semantics.196.json".
Writing test snapshot file for test "prop_i12_pause_semantics" to "test_snapshots/prop_i12_pause_semantics.197.json".
Writing test snapshot file for test "prop_i12_pause_semantics" to "test_snapshots/prop_i12_pause_semantics.198.json".
Writing test snapshot file for test "prop_i12_pause_semantics" to "test_snapshots/prop_i12_pause_semantics.199.json".
Writing test snapshot file for test "prop_i12_pause_semantics" to "test_snapshots/prop_i12_pause_semantics.200.json".
Writing test snapshot file for test "prop_i12_pause_semantics" to "test_snapshots/prop_i12_pause_semantics.201.json".
Writing test snapshot file for test "prop_i12_pause_semantics" to "test_snapshots/prop_i12_pause_semantics.202.json".
Writing test snapshot file for test "prop_i12_pause_semantics" to "test_snapshots/prop_i12_pause_semantics.203.json".
Writing test snapshot file for test "prop_i12_pause_semantics" to "test_snapshots/prop_i12_pause_semantics.204.json".
Writing test snapshot file for test "prop_i12_pause_semantics" to "test_snapshots/prop_i12_pause_semantics.205.json".
Writing test snapshot file for test "prop_i12_pause_semantics" to "test_snapshots/prop_i12_pause_semantics.206.json".
Writing test snapshot file for test "prop_i12_pause_semantics" to "test_snapshots/prop_i12_pause_semantics.207.json".
Writing test snapshot file for test "prop_i12_pause_semantics" to "test_snapshots/prop_i12_pause_semantics.208.json".
Writing test snapshot file for test "prop_i12_pause_semantics" to "test_snapshots/prop_i12_pause_semantics.209.json".
Writing test snapshot file for test "prop_i12_pause_semantics" to "test_snapshots/prop_i12_pause_semantics.210.json".
Writing test snapshot file for test "prop_i12_pause_semantics" to "test_snapshots/prop_i12_pause_semantics.211.json".
Writing test snapshot file for test "prop_i12_pause_semantics" to "test_snapshots/prop_i12_pause_semantics.212.json".
Writing test snapshot file for test "prop_i12_pause_semantics" to "test_snapshots/prop_i12_pause_semantics.213.json".
Writing test snapshot file for test "prop_i12_pause_semantics" to "test_snapshots/prop_i12_pause_semantics.214.json".
Writing test snapshot file for test "prop_i12_pause_semantics" to "test_snapshots/prop_i12_pause_semantics.215.json".
Writing test snapshot file for test "prop_i12_pause_semantics" to "test_snapshots/prop_i12_pause_semantics.216.json".
Writing test snapshot file for test "prop_i12_pause_semantics" to "test_snapshots/prop_i12_pause_semantics.217.json".
Writing test snapshot file for test "prop_i12_pause_semantics" to "test_snapshots/prop_i12_pause_semantics.218.json".
Writing test snapshot file for test "prop_i12_pause_semantics" to "test_snapshots/prop_i12_pause_semantics.219.json".
Writing test snapshot file for test "prop_i12_pause_semantics" to "test_snapshots/prop_i12_pause_semantics.220.json".
Writing test snapshot file for test "prop_i12_pause_semantics" to "test_snapshots/prop_i12_pause_semantics.221.json".
Writing test snapshot file for test "prop_i12_pause_semantics" to "test_snapshots/prop_i12_pause_semantics.222.json".
Writing test snapshot file for test "prop_i12_pause_semantics" to "test_snapshots/prop_i12_pause_semantics.223.json".
Writing test snapshot file for test "prop_i12_pause_semantics" to "test_snapshots/prop_i12_pause_semantics.224.json".
Writing test snapshot file for test "prop_i12_pause_semantics" to "test_snapshots/prop_i12_pause_semantics.225.json".
Writing test snapshot file for test "prop_i12_pause_semantics" to "test_snapshots/prop_i12_pause_semantics.226.json".
Writing test snapshot file for test "prop_i12_pause_semantics" to "test_snapshots/prop_i12_pause_semantics.227.json".
Writing test snapshot file for test "prop_i12_pause_semantics" to "test_snapshots/prop_i12_pause_semantics.228.json".
Writing test snapshot file for test "prop_i12_pause_semantics" to "test_snapshots/prop_i12_pause_semantics.229.json".
Writing test snapshot file for test "prop_i12_pause_semantics" to "test_snapshots/prop_i12_pause_semantics.230.json".
Writing test snapshot file for test "prop_i12_pause_semantics" to "test_snapshots/prop_i12_pause_semantics.231.json".
Writing test snapshot file for test "prop_i12_pause_semantics" to "test_snapshots/prop_i12_pause_semantics.232.json".
Writing test snapshot file for test "prop_i12_pause_semantics" to "test_snapshots/prop_i12_pause_semantics.233.json".
Writing test snapshot file for test "prop_i12_pause_semantics" to "test_snapshots/prop_i12_pause_semantics.234.json".
Writing test snapshot file for test "prop_i12_pause_semantics" to "test_snapshots/prop_i12_pause_semantics.235.json".
Writing test snapshot file for test "prop_i12_pause_semantics" to "test_snapshots/prop_i12_pause_semantics.236.json".
Writing test snapshot file for test "prop_i12_pause_semantics" to "test_snapshots/prop_i12_pause_semantics.237.json".
Writing test snapshot file for test "prop_i12_pause_semantics" to "test_snapshots/prop_i12_pause_semantics.238.json".
Writing test snapshot file for test "prop_i12_pause_semantics" to "test_snapshots/prop_i12_pause_semantics.239.json".
Writing test snapshot file for test "prop_i12_pause_semantics" to "test_snapshots/prop_i12_pause_semantics.240.json".
Writing test snapshot file for test "prop_i12_pause_semantics" to "test_snapshots/prop_i12_pause_semantics.241.json".
Writing test snapshot file for test "prop_i12_pause_semantics" to "test_snapshots/prop_i12_pause_semantics.242.json".
Writing test snapshot file for test "prop_i12_pause_semantics" to "test_snapshots/prop_i12_pause_semantics.243.json".
Writing test snapshot file for test "prop_i12_pause_semantics" to "test_snapshots/prop_i12_pause_semantics.244.json".
Writing test snapshot file for test "prop_i12_pause_semantics" to "test_snapshots/prop_i12_pause_semantics.245.json".
Writing test snapshot file for test "prop_i12_pause_semantics" to "test_snapshots/prop_i12_pause_semantics.246.json".
Writing test snapshot file for test "prop_i12_pause_semantics" to "test_snapshots/prop_i12_pause_semantics.247.json".
Writing test snapshot file for test "prop_i12_pause_semantics" to "test_snapshots/prop_i12_pause_semantics.248.json".
Writing test snapshot file for test "prop_i12_pause_semantics" to "test_snapshots/prop_i12_pause_semantics.249.json".
Writing test snapshot file for test "prop_i12_pause_semantics" to "test_snapshots/prop_i12_pause_semantics.250.json".
Writing test snapshot file for test "prop_i12_pause_semantics" to "test_snapshots/prop_i12_pause_semantics.251.json".
Writing test snapshot file for test "prop_i12_pause_semantics" to "test_snapshots/prop_i12_pause_semantics.252.json".
Writing test snapshot file for test "prop_i12_pause_semantics" to "test_snapshots/prop_i12_pause_semantics.253.json".
Writing test snapshot file for test "prop_i12_pause_semantics" to "test_snapshots/prop_i12_pause_semantics.254.json".
Writing test snapshot file for test "prop_i12_pause_semantics" to "test_snapshots/prop_i12_pause_semantics.255.json".
Writing test snapshot file for test "prop_i12_pause_semantics" to "test_snapshots/prop_i12_pause_semantics.256.json".
Writing test snapshot file for test "prop_i12_pause_semantics" to "test_snapshots/prop_i12_pause_semantics.257.json".
Writing test snapshot file for test "prop_i12_pause_semantics" to "test_snapshots/prop_i12_pause_semantics.258.json".
Writing test snapshot file for test "prop_i12_pause_semantics" to "test_snapshots/prop_i12_pause_semantics.259.json".
Writing test snapshot file for test "prop_i12_pause_semantics" to "test_snapshots/prop_i12_pause_semantics.260.json".
Writing test snapshot file for test "prop_i12_pause_semantics" to "test_snapshots/prop_i12_pause_semantics.261.json".
Writing test snapshot file for test "prop_i12_pause_semantics" to "test_snapshots/prop_i12_pause_semantics.262.json".
Writing test snapshot file for test "prop_i12_pause_semantics" to "test_snapshots/prop_i12_pause_semantics.263.json".
Writing test snapshot file for test "prop_i12_pause_semantics" to "test_snapshots/prop_i12_pause_semantics.264.json".
Writing test snapshot file for test "prop_i12_pause_semantics" to "test_snapshots/prop_i12_pause_semantics.265.json".
Writing test snapshot file for test "prop_i12_pause_semantics" to "test_snapshots/prop_i12_pause_semantics.266.json".
Writing test snapshot file for test "prop_i12_pause_semantics" to "test_snapshots/prop_i12_pause_semantics.267.json".
Writing test snapshot file for test "prop_i12_pause_semantics" to "test_snapshots/prop_i12_pause_semantics.268.json".
Writing test snapshot file for test "prop_i12_pause_semantics" to "test_snapshots/prop_i12_pause_semantics.269.json".
Writing test snapshot file for test "prop_i12_pause_semantics" to "test_snapshots/prop_i12_pause_semantics.270.json".
Writing test snapshot file for test "prop_i12_pause_semantics" to "test_snapshots/prop_i12_pause_semantics.271.json".
Writing test snapshot file for test "prop_i12_pause_semantics" to "test_snapshots/prop_i12_pause_semantics.272.json".
Writing test snapshot file for test "prop_i12_pause_semantics" to "test_snapshots/prop_i12_pause_semantics.273.json".
Writing test snapshot file for test "prop_i12_pause_semantics" to "test_snapshots/prop_i12_pause_semantics.274.json".
Writing test snapshot file for test "prop_i12_pause_semantics" to "test_snapshots/prop_i12_pause_semantics.275.json".
Writing test snapshot file for test "prop_i12_pause_semantics" to "test_snapshots/prop_i12_pause_semantics.276.json".
Writing test snapshot file for test "prop_i12_pause_semantics" to "test_snapshots/prop_i12_pause_semantics.277.json".
Writing test snapshot file for test "prop_i12_pause_semantics" to "test_snapshots/prop_i12_pause_semantics.278.json".
Writing test snapshot file for test "prop_i12_pause_semantics" to "test_snapshots/prop_i12_pause_semantics.279.json".
Writing test snapshot file for test "prop_i12_pause_semantics" to "test_snapshots/prop_i12_pause_semantics.280.json".
Writing test snapshot file for test "prop_i12_pause_semantics" to "test_snapshots/prop_i12_pause_semantics.281.json".
Writing test snapshot file for test "prop_i12_pause_semantics" to "test_snapshots/prop_i12_pause_semantics.282.json".
Writing test snapshot file for test "prop_i12_pause_semantics" to "test_snapshots/prop_i12_pause_semantics.283.json".
Writing test snapshot file for test "prop_i12_pause_semantics" to "test_snapshots/prop_i12_pause_semantics.284.json".
Writing test snapshot file for test "prop_i12_pause_semantics" to "test_snapshots/prop_i12_pause_semantics.285.json".
Writing test snapshot file for test "prop_i12_pause_semantics" to "test_snapshots/prop_i12_pause_semantics.286.json".
Writing test snapshot file for test "prop_i12_pause_semantics" to "test_snapshots/prop_i12_pause_semantics.287.json".
Writing test snapshot file for test "prop_i12_pause_semantics" to "test_snapshots/prop_i12_pause_semantics.288.json".
Writing test snapshot file for test "prop_i12_pause_semantics" to "test_snapshots/prop_i12_pause_semantics.289.json".
Writing test snapshot file for test "prop_i12_pause_semantics" to "test_snapshots/prop_i12_pause_semantics.290.json".
Writing test snapshot file for test "prop_i12_pause_semantics" to "test_snapshots/prop_i12_pause_semantics.291.json".
Writing test snapshot file for test "prop_i12_pause_semantics" to "test_snapshots/prop_i12_pause_semantics.292.json".
Writing test snapshot file for test "prop_i12_pause_semantics" to "test_snapshots/prop_i12_pause_semantics.293.json".
Writing test snapshot file for test "prop_i12_pause_semantics" to "test_snapshots/prop_i12_pause_semantics.294.json".
Writing test snapshot file for test "prop_i12_pause_semantics" to "test_snapshots/prop_i12_pause_semantics.295.json".
Writing test snapshot file for test "prop_i12_pause_semantics" to "test_snapshots/prop_i12_pause_semantics.296.json".
Writing test snapshot file for test "prop_i12_pause_semantics" to "test_snapshots/prop_i12_pause_semantics.297.json".
Writing test snapshot file for test "prop_i12_pause_semantics" to "test_snapshots/prop_i12_pause_semantics.298.json".
Writing test snapshot file for test "prop_i12_pause_semantics" to "test_snapshots/prop_i12_pause_semantics.299.json".
Writing test snapshot file for test "prop_i12_pause_semantics" to "test_snapshots/prop_i12_pause_semantics.300.json".
Writing test snapshot file for test "prop_i12_pause_semantics" to "test_snapshots/prop_i12_pause_semantics.301.json".
Writing test snapshot file for test "prop_i12_pause_semantics" to "test_snapshots/prop_i12_pause_semantics.302.json".
Writing test snapshot file for test "prop_i12_pause_semantics" to "test_snapshots/prop_i12_pause_semantics.303.json".
Writing test snapshot file for test "prop_i12_pause_semantics" to "test_snapshots/prop_i12_pause_semantics.304.json".
Writing test snapshot file for test "prop_i12_pause_semantics" to "test_snapshots/prop_i12_pause_semantics.305.json".
Writing test snapshot file for test "prop_i12_pause_semantics" to "test_snapshots/prop_i12_pause_semantics.306.json".
Writing test snapshot file for test "prop_i12_pause_semantics" to "test_snapshots/prop_i12_pause_semantics.307.json".
Writing test snapshot file for test "prop_i12_pause_semantics" to "test_snapshots/prop_i12_pause_semantics.308.json".
Writing test snapshot file for test "prop_i12_pause_semantics" to "test_snapshots/prop_i12_pause_semantics.309.json".
Writing test snapshot file for test "prop_i12_pause_semantics" to "test_snapshots/prop_i12_pause_semantics.310.json".
Writing test snapshot file for test "prop_i12_pause_semantics" to "test_snapshots/prop_i12_pause_semantics.311.json".
Writing test snapshot file for test "prop_i12_pause_semantics" to "test_snapshots/prop_i12_pause_semantics.312.json".
Writing test snapshot file for test "prop_i12_pause_semantics" to "test_snapshots/prop_i12_pause_semantics.313.json".
Writing test snapshot file for test "prop_i12_pause_semantics" to "test_snapshots/prop_i12_pause_semantics.314.json".
Writing test snapshot file for test "prop_i12_pause_semantics" to "test_snapshots/prop_i12_pause_semantics.315.json".
Writing test snapshot file for test "prop_i12_pause_semantics" to "test_snapshots/prop_i12_pause_semantics.316.json".
Writing test snapshot file for test "prop_i12_pause_semantics" to "test_snapshots/prop_i12_pause_semantics.317.json".
Writing test snapshot file for test "prop_i12_pause_semantics" to "test_snapshots/prop_i12_pause_semantics.318.json".
Writing test snapshot file for test "prop_i12_pause_semantics" to "test_snapshots/prop_i12_pause_semantics.319.json".
Writing test snapshot file for test "prop_i12_pause_semantics" to "test_snapshots/prop_i12_pause_semantics.320.json".
Writing test snapshot file for test "prop_i12_pause_semantics" to "test_snapshots/prop_i12_pause_semantics.321.json".
Writing test snapshot file for test "prop_i12_pause_semantics" to "test_snapshots/prop_i12_pause_semantics.322.json".
Writing test snapshot file for test "prop_i12_pause_semantics" to "test_snapshots/prop_i12_pause_semantics.323.json".
Writing test snapshot file for test "prop_i12_pause_semantics" to "test_snapshots/prop_i12_pause_semantics.324.json".
Writing test snapshot file for test "prop_i12_pause_semantics" to "test_snapshots/prop_i12_pause_semantics.325.json".
Writing test snapshot file for test "prop_i12_pause_semantics" to "test_snapshots/prop_i12_pause_semantics.326.json".
Writing test snapshot file for test "prop_i12_pause_semantics" to "test_snapshots/prop_i12_pause_semantics.327.json".
Writing test snapshot file for test "prop_i12_pause_semantics" to "test_snapshots/prop_i12_pause_semantics.328.json".
Writing test snapshot file for test "prop_i12_pause_semantics" to "test_snapshots/prop_i12_pause_semantics.329.json".
Writing test snapshot file for test "prop_i12_pause_semantics" to "test_snapshots/prop_i12_pause_semantics.330.json".
Writing test snapshot file for test "prop_i12_pause_semantics" to "test_snapshots/prop_i12_pause_semantics.331.json".
Writing test snapshot file for test "prop_i12_pause_semantics" to "test_snapshots/prop_i12_pause_semantics.332.json".
Writing test snapshot file for test "prop_i12_pause_semantics" to "test_snapshots/prop_i12_pause_semantics.333.json".
Writing test snapshot file for test "prop_i12_pause_semantics" to "test_snapshots/prop_i12_pause_semantics.334.json".
Writing test snapshot file for test "prop_i12_pause_semantics" to "test_snapshots/prop_i12_pause_semantics.335.json".
Writing test snapshot file for test "prop_i12_pause_semantics" to "test_snapshots/prop_i12_pause_semantics.336.json".
Writing test snapshot file for test "prop_i12_pause_semantics" to "test_snapshots/prop_i12_pause_semantics.337.json".
Writing test snapshot file for test "prop_i12_pause_semantics" to "test_snapshots/prop_i12_pause_semantics.338.json".
Writing test snapshot file for test "prop_i12_pause_semantics" to "test_snapshots/prop_i12_pause_semantics.339.json".
Writing test snapshot file for test "prop_i12_pause_semantics" to "test_snapshots/prop_i12_pause_semantics.340.json".
Writing test snapshot file for test "prop_i12_pause_semantics" to "test_snapshots/prop_i12_pause_semantics.341.json".
Writing test snapshot file for test "prop_i12_pause_semantics" to "test_snapshots/prop_i12_pause_semantics.342.json".
Writing test snapshot file for test "prop_i12_pause_semantics" to "test_snapshots/prop_i12_pause_semantics.343.json".
Writing test snapshot file for test "prop_i12_pause_semantics" to "test_snapshots/prop_i12_pause_semantics.344.json".
Writing test snapshot file for test "prop_i12_pause_semantics" to "test_snapshots/prop_i12_pause_semantics.345.json".
Writing test snapshot file for test "prop_i12_pause_semantics" to "test_snapshots/prop_i12_pause_semantics.346.json".
Writing test snapshot file for test "prop_i12_pause_semantics" to "test_snapshots/prop_i12_pause_semantics.347.json".
Writing test snapshot file for test "prop_i12_pause_semantics" to "test_snapshots/prop_i12_pause_semantics.348.json".
Writing test snapshot file for test "prop_i12_pause_semantics" to "test_snapshots/prop_i12_pause_semantics.349.json".
Writing test snapshot file for test "prop_i12_pause_semantics" to "test_snapshots/prop_i12_pause_semantics.350.json".
Writing test snapshot file for test "prop_i12_pause_semantics" to "test_snapshots/prop_i12_pause_semantics.351.json".
Writing test snapshot file for test "prop_i12_pause_semantics" to "test_snapshots/prop_i12_pause_semantics.352.json".
Writing test snapshot file for test "prop_i12_pause_semantics" to "test_snapshots/prop_i12_pause_semantics.353.json".
Writing test snapshot file for test "prop_i12_pause_semantics" to "test_snapshots/prop_i12_pause_semantics.354.json".
Writing test snapshot file for test "prop_i12_pause_semantics" to "test_snapshots/prop_i12_pause_semantics.355.json".
Writing test snapshot file for test "prop_i12_pause_semantics" to "test_snapshots/prop_i12_pause_semantics.356.json".
Writing test snapshot file for test "prop_i12_pause_semantics" to "test_snapshots/prop_i12_pause_semantics.357.json".
Writing test snapshot file for test "prop_i12_pause_semantics" to "test_snapshots/prop_i12_pause_semantics.358.json".
Writing test snapshot file for test "prop_i12_pause_semantics" to "test_snapshots/prop_i12_pause_semantics.359.json".
Writing test snapshot file for test "prop_i12_pause_semantics" to "test_snapshots/prop_i12_pause_semantics.360.json".
Writing test snapshot file for test "prop_i12_pause_semantics" to "test_snapshots/prop_i12_pause_semantics.361.json".
Writing test snapshot file for test "prop_i12_pause_semantics" to "test_snapshots/prop_i12_pause_semantics.362.json".
Writing test snapshot file for test "prop_i12_pause_semantics" to "test_snapshots/prop_i12_pause_semantics.363.json".
Writing test snapshot file for test "prop_i12_pause_semantics" to "test_snapshots/prop_i12_pause_semantics.364.json".
Writing test snapshot file for test "prop_i12_pause_semantics" to "test_snapshots/prop_i12_pause_semantics.365.json".
Writing test snapshot file for test "prop_i12_pause_semantics" to "test_snapshots/prop_i12_pause_semantics.366.json".
Writing test snapshot file for test "prop_i12_pause_semantics" to "test_snapshots/prop_i12_pause_semantics.367.json".
Writing test snapshot file for test "prop_i12_pause_semantics" to "test_snapshots/prop_i12_pause_semantics.368.json".
Writing test snapshot file for test "prop_i12_pause_semantics" to "test_snapshots/prop_i12_pause_semantics.369.json".
Writing test snapshot file for test "prop_i12_pause_semantics" to "test_snapshots/prop_i12_pause_semantics.370.json".
Writing test snapshot file for test "prop_i12_pause_semantics" to "test_snapshots/prop_i12_pause_semantics.371.json".
Writing test snapshot file for test "prop_i12_pause_semantics" to "test_snapshots/prop_i12_pause_semantics.372.json".
Writing test snapshot file for test "prop_i12_pause_semantics" to "test_snapshots/prop_i12_pause_semantics.373.json".
Writing test snapshot file for test "prop_i12_pause_semantics" to "test_snapshots/prop_i12_pause_semantics.374.json".
Writing test snapshot file for test "prop_i12_pause_semantics" to "test_snapshots/prop_i12_pause_semantics.375.json".
Writing test snapshot file for test "prop_i12_pause_semantics" to "test_snapshots/prop_i12_pause_semantics.376.json".
Writing test snapshot file for test "prop_i12_pause_semantics" to "test_snapshots/prop_i12_pause_semantics.377.json".
Writing test snapshot file for test "prop_i12_pause_semantics" to "test_snapshots/prop_i12_pause_semantics.378.json".
Writing test snapshot file for test "prop_i12_pause_semantics" to "test_snapshots/prop_i12_pause_semantics.379.json".
Writing test snapshot file for test "prop_i12_pause_semantics" to "test_snapshots/prop_i12_pause_semantics.380.json".
Writing test snapshot file for test "prop_i12_pause_semantics" to "test_snapshots/prop_i12_pause_semantics.381.json".
Writing test snapshot file for test "prop_i12_pause_semantics" to "test_snapshots/prop_i12_pause_semantics.382.json".
Writing test snapshot file for test "prop_i12_pause_semantics" to "test_snapshots/prop_i12_pause_semantics.383.json".
Writing test snapshot file for test "prop_i12_pause_semantics" to "test_snapshots/prop_i12_pause_semantics.384.json".
Writing test snapshot file for test "prop_i12_pause_semantics" to "test_snapshots/prop_i12_pause_semantics.385.json".
Writing test snapshot file for test "prop_i12_pause_semantics" to "test_snapshots/prop_i12_pause_semantics.386.json".
Writing test snapshot file for test "prop_i12_pause_semantics" to "test_snapshots/prop_i12_pause_semantics.387.json".
Writing test snapshot file for test "prop_i12_pause_semantics" to "test_snapshots/prop_i12_pause_semantics.388.json".
Writing test snapshot file for test "prop_i12_pause_semantics" to "test_snapshots/prop_i12_pause_semantics.389.json".

thread 'prop_i12_pause_semantics' (3074835) panicked at 04-prototype-development/contracts/soroban-vault/tests/proptest_ai.rs:1699:1:
Test failed: I12(b) broken: withdraw(1) while paused returned Ok(Ok(1)), expected Err(Ok(Paused)) at 04-prototype-development/contracts/soroban-vault/tests/proptest_ai.rs:1742.
minimal failing input: actor = 0, other = 0, new_admin = 0, seed = 1, dep = 1, wit = 1, mov = 1, extra_pauses = 1, gap = 0
	successes: 0
	local rejects: 0
	global rejects: 0



failures:
    prop_exact_share_accounting
    prop_i11_temporary_tier_non_interference
    prop_i12_pause_semantics
    prop_i5_no_auth_cannot_decrease_balance
    prop_sequence_state_invariants

test result: FAILED. 6 passed; 5 failed; 0 ignored; 0 measured; 0 filtered out; finished in 89.54s

error: test failed, to rerun pass `-p soroban-vault --test proptest_ai`

*** result: Failure(101)
