
*** 04-prototype-development/contracts/soroban-vault/src/lib.rs:377:9: replace Vault::checked_add -> i128 with -1

*** mutation diff:
--- 04-prototype-development/contracts/soroban-vault/src/lib.rs
+++ replace Vault::checked_add -> i128 with -1
@@ -369,24 +369,17 @@
     fn checked_add(env: &Env, a: i128, b: i128) -> i128 {
         // I6 — all arithmetic is checked. `bug_overflow` swaps this for wrapping
         // arithmetic, the BeautyChain / SOR-005 bug class.
         //
         // Note it uses `wrapping_add`, not a bare `+`. A bare `+` panics on
         // overflow in debug builds *and* in this workspace's release profile
         // (`overflow-checks = true`, the Soroban template default), so it would
         // not actually be a bug — see `results/seeds.md`.
-        #[cfg(feature = "bug_overflow")]
-        {
-            let _ = env;
-            return a.wrapping_add(b);
-        }
-        #[cfg(not(feature = "bug_overflow"))]
-        a.checked_add(b)
-            .unwrap_or_else(|| panic_with_error!(env, VaultError::Overflow))
+        -1 /* ~ changed by cargo-mutants ~ */
     }
 
     fn checked_sub(env: &Env, a: i128, b: i128) -> i128 {
         a.checked_sub(b)
             .unwrap_or_else(|| panic_with_error!(env, VaultError::Overflow))
     }
 
     fn checked_mul(env: &Env, a: i128, b: i128) -> i128 {


*** /Users/igorfambonatti/.rustup/toolchains/stable-aarch64-apple-darwin/bin/cargo test --no-run --verbose --package=soroban-vault@0.1.0
       Fresh unicode-ident v1.0.24
       Fresh version_check v0.9.5
       Fresh cfg-if v1.0.4
       Fresh typenum v1.20.1
       Fresh memchr v2.8.2
       Fresh itoa v1.0.18
       Fresh subtle v2.6.1
       Fresh autocfg v1.5.1
       Fresh proc-macro2 v1.0.106
       Fresh const-oid v0.9.6
       Fresh ident_case v1.0.1
       Fresh strsim v0.11.1
       Fresh quote v1.0.45
       Fresh serde_core v1.0.228
       Fresh zmij v1.0.21
       Fresh semver v1.0.28
       Fresh dyn-clone v1.0.20
       Fresh data-encoding v2.11.0
       Fresh syn v2.0.117
       Fresh serde_json v1.0.150
       Fresh getrandom v0.2.17
       Fresh zerocopy v0.8.52
       Fresh num-traits v0.2.19
       Fresh once_cell v1.21.4
       Fresh ethnum v1.5.3
       Fresh escape-bytes v0.1.1
       Fresh rustc_version v0.4.1
       Fresh serde_derive v1.0.228
       Fresh zeroize_derive v1.5.0
       Fresh rand_core v0.6.4
       Fresh darling_core v0.23.0
       Fresh ppv-lite86 v0.2.21
       Fresh libc v0.2.186
       Fresh paste v1.0.15
       Fresh cfg_eval v0.1.2
       Fresh enum-ordinalize-derive v4.3.2
       Fresh num-integer v0.1.46
       Fresh ark-serialize-derive v0.5.0
       Fresh serde v1.0.228
       Fresh zeroize v1.9.0
       Fresh darling_macro v0.23.0
       Fresh cpufeatures v0.2.17
       Fresh rand_chacha v0.3.1
       Fresh ff v0.13.1
       Fresh enum-ordinalize v4.3.2
       Fresh num-bigint v0.4.6
       Fresh arrayvec v0.7.6
       Fresh equivalent v1.0.2
       Fresh either v1.16.0
       Fresh base16ct v0.2.0
       Fresh generic-array v0.14.9
       Fresh crate-git-revision v0.0.6
       Fresh darling v0.23.0
       Fresh schemars v0.8.22
       Fresh hex v0.4.3
       Fresh rand v0.8.6
       Fresh der v0.7.10
       Fresh hashbrown v0.17.1
       Fresh educe v0.6.0
       Fresh group v0.13.0
       Fresh ark-ff-macros v0.5.0
       Fresh itertools v0.13.0
       Fresh crypto-common v0.1.6
       Fresh block-buffer v0.10.4
       Fresh serde_with_macros v3.21.0
       Fresh ark-std v0.5.0
       Fresh indexmap v2.14.0
       Fresh sec1 v0.7.3
       Fresh crypto-bigint v0.5.5
       Fresh ark-ff-asm v0.5.0
       Fresh allocator-api2 v0.2.21
       Fresh base64 v0.22.1
       Fresh fnv v1.0.7
       Fresh ahash v0.8.12
       Fresh digest v0.10.7
       Fresh wasmparser v0.116.1
       Fresh hashbrown v0.15.5
       Fresh derive_arbitrary v1.3.2
       Fresh thiserror-impl v1.0.69
       Fresh num-derive v0.4.2
       Fresh downcast-rs v1.2.1
       Fresh stellar-strkey v0.0.13
       Fresh signature v2.2.0
       Fresh ark-serialize v0.5.0
       Fresh sha2 v0.10.9
       Fresh elliptic-curve v0.13.8
       Fresh hmac v0.12.1
       Fresh libm v0.2.16
       Fresh arbitrary v1.3.2
       Fresh indexmap-nostd v0.4.0
       Fresh static_assertions v1.1.0
       Fresh serde_with v3.21.0
       Fresh ark-ff v0.5.0
       Fresh rfc6979 v0.4.0
       Fresh getrandom v0.3.4
       Fresh thiserror v1.0.69
       Fresh wasmi_core v0.13.0
       Fresh wasmparser-nostd v0.100.2
       Fresh smallvec v1.15.2
       Fresh spin v0.9.8
       Fresh wasmi_arena v0.4.1
       Fresh curve25519-dalek v4.1.3
       Fresh ark-poly v0.5.0
       Fresh soroban-env-macros v26.1.3
       Fresh ecdsa v0.16.9
       Fresh rand_core v0.9.5
       Fresh soroban-wasmi v0.31.1-soroban.20.0.1
       Fresh primeorder v0.13.6
       Fresh ed25519 v2.2.3
       Fresh stellar-xdr v26.0.1
       Fresh darling_core v0.20.11
       Fresh keccak v0.1.6
       Fresh ark-ec v0.5.0
       Fresh errno v0.3.14
       Fresh bitflags v2.13.1
       Fresh byteorder v1.5.0
       Fresh getrandom v0.4.3
       Fresh darling_macro v0.20.11
       Fresh p256 v0.13.2
       Fresh prettyplease v0.2.37
       Fresh k256 v0.13.4
       Fresh ed25519-dalek v2.2.0
       Fresh sha3 v0.10.9
       Fresh rustix v1.1.4
       Fresh hash32 v0.3.1
       Fresh ark-bls12-381 v0.5.0
       Fresh ark-bn254 v0.5.0
       Fresh soroban-spec v26.1.0
       Fresh soroban-builtin-sdk-macros v26.1.3
       Fresh hex-literal v0.4.1
       Fresh dtor-proc-macro v0.0.6
       Fresh stable_deref_trait v1.2.1
       Fresh fastrand v2.5.0
       Fresh soroban-env-common v26.1.3
       Fresh darling v0.20.11
       Fresh dtor v0.1.1
       Fresh soroban-spec-rust v26.1.0
       Fresh heapless v0.8.0
       Fresh soroban-env-host v26.1.3
       Fresh tempfile v3.27.0
       Fresh macro-string v0.1.4
       Fresh wait-timeout v0.2.1
       Fresh quick-error v1.2.3
       Fresh heck v0.5.0
       Fresh ctor-proc-macro v0.0.6
       Fresh bit-vec v0.8.0
       Fresh rand v0.9.5
       Fresh rand_xorshift v0.4.0
       Fresh stellar-strkey v0.0.16
       Fresh bit-set v0.8.0
       Fresh ctor v0.5.0
       Fresh soroban-sdk-macros v26.1.0
       Fresh soroban-ledger-snapshot v26.1.0
       Fresh rusty-fork v0.3.1
       Fresh rand_chacha v0.9.0
       Fresh bytes-lit v0.0.5
       Fresh visibility v0.1.1
       Fresh unarray v0.1.4
       Fresh regex-syntax v0.8.11
       Fresh soroban-sdk v26.1.0
       Fresh proptest v1.11.0
       Fresh proptest-arbitrary-interop v0.1.0
       Dirty soroban-vault v0.1.0 (/private/var/folders/bw/48pkqypd3pd7_c8l3ckzlmdw0000gp/T/cargo-mutants-stellar-studies-CIrlA5.tmp/04-prototype-development/contracts/soroban-vault): the file `04-prototype-development/contracts/soroban-vault/src/lib.rs` has changed (1789676978.529200222s, 27s after last build at 1789676951.526492944s)
   Compiling soroban-vault v0.1.0 (/private/var/folders/bw/48pkqypd3pd7_c8l3ckzlmdw0000gp/T/cargo-mutants-stellar-studies-CIrlA5.tmp/04-prototype-development/contracts/soroban-vault)
     Running `/Users/igorfambonatti/.rustup/toolchains/stable-aarch64-apple-darwin/bin/rustc --crate-name soroban_vault --edition=2021 04-prototype-development/contracts/soroban-vault/src/lib.rs --error-format=json --json=diagnostic-rendered-ansi,artifacts,future-incompat --emit=dep-info,link -C embed-bitcode=no -C debuginfo=2 -C split-debuginfo=unpacked --test --check-cfg 'cfg(docsrs,test)' --check-cfg 'cfg(feature, values("bug_missing_auth", "bug_no_ttl", "bug_overflow", "bug_reinit", "bug_self_transfer", "bug_temp_nonce", "bug_zero_amount"))' -C metadata=1d80e85bbbdf9027 -C extra-filename=-bce8593a16df1a94 --out-dir /private/var/folders/bw/48pkqypd3pd7_c8l3ckzlmdw0000gp/T/cargo-mutants-stellar-studies-CIrlA5.tmp/target/debug/deps -C incremental=/private/var/folders/bw/48pkqypd3pd7_c8l3ckzlmdw0000gp/T/cargo-mutants-stellar-studies-CIrlA5.tmp/target/debug/incremental -L dependency=/private/var/folders/bw/48pkqypd3pd7_c8l3ckzlmdw0000gp/T/cargo-mutants-stellar-studies-CIrlA5.tmp/target/debug/deps --extern arbitrary=/private/var/folders/bw/48pkqypd3pd7_c8l3ckzlmdw0000gp/T/cargo-mutants-stellar-studies-CIrlA5.tmp/target/debug/deps/libarbitrary-b15fe09805a10503.rlib --extern proptest=/private/var/folders/bw/48pkqypd3pd7_c8l3ckzlmdw0000gp/T/cargo-mutants-stellar-studies-CIrlA5.tmp/target/debug/deps/libproptest-ebc82c2f62035854.rlib --extern proptest_arbitrary_interop=/private/var/folders/bw/48pkqypd3pd7_c8l3ckzlmdw0000gp/T/cargo-mutants-stellar-studies-CIrlA5.tmp/target/debug/deps/libproptest_arbitrary_interop-8fcd0e348bdb6c2d.rlib --extern soroban_sdk=/private/var/folders/bw/48pkqypd3pd7_c8l3ckzlmdw0000gp/T/cargo-mutants-stellar-studies-CIrlA5.tmp/target/debug/deps/libsoroban_sdk-e62747f56c1fb4bb.rlib`
     Running `/Users/igorfambonatti/.rustup/toolchains/stable-aarch64-apple-darwin/bin/rustc --crate-name soroban_vault --edition=2021 04-prototype-development/contracts/soroban-vault/src/lib.rs --error-format=json --json=diagnostic-rendered-ansi,artifacts,future-incompat --crate-type lib --emit=dep-info,metadata,link -C embed-bitcode=no -C debuginfo=2 -C split-debuginfo=unpacked --check-cfg 'cfg(docsrs,test)' --check-cfg 'cfg(feature, values("bug_missing_auth", "bug_no_ttl", "bug_overflow", "bug_reinit", "bug_self_transfer", "bug_temp_nonce", "bug_zero_amount"))' -C metadata=3876bb9ecdd8693e -C extra-filename=-89a10c6dc4b3cd63 --out-dir /private/var/folders/bw/48pkqypd3pd7_c8l3ckzlmdw0000gp/T/cargo-mutants-stellar-studies-CIrlA5.tmp/target/debug/deps -C incremental=/private/var/folders/bw/48pkqypd3pd7_c8l3ckzlmdw0000gp/T/cargo-mutants-stellar-studies-CIrlA5.tmp/target/debug/incremental -L dependency=/private/var/folders/bw/48pkqypd3pd7_c8l3ckzlmdw0000gp/T/cargo-mutants-stellar-studies-CIrlA5.tmp/target/debug/deps --extern soroban_sdk=/private/var/folders/bw/48pkqypd3pd7_c8l3ckzlmdw0000gp/T/cargo-mutants-stellar-studies-CIrlA5.tmp/target/debug/deps/libsoroban_sdk-e62747f56c1fb4bb.rmeta`
warning: unused variable: `env`
   --> 04-prototype-development/contracts/soroban-vault/src/lib.rs:369:20
    |
369 |     fn checked_add(env: &Env, a: i128, b: i128) -> i128 {
    |                    ^^^ help: if this is intentional, prefix it with an underscore: `_env`
    |
    = note: `#[warn(unused_variables)]` (part of `#[warn(unused)]`) on by default

warning: unused variable: `a`
   --> 04-prototype-development/contracts/soroban-vault/src/lib.rs:369:31
    |
369 |     fn checked_add(env: &Env, a: i128, b: i128) -> i128 {
    |                               ^ help: if this is intentional, prefix it with an underscore: `_a`

warning: unused variable: `b`
   --> 04-prototype-development/contracts/soroban-vault/src/lib.rs:369:40
    |
369 |     fn checked_add(env: &Env, a: i128, b: i128) -> i128 {
    |                                        ^ help: if this is intentional, prefix it with an underscore: `_b`

warning: `soroban-vault` (lib) generated 3 warnings (run `cargo fix --lib -p soroban-vault` to apply 3 suggestions)
     Running `/Users/igorfambonatti/.rustup/toolchains/stable-aarch64-apple-darwin/bin/rustc --crate-name proptest_baseline --edition=2021 04-prototype-development/contracts/soroban-vault/tests/proptest_baseline.rs --error-format=json --json=diagnostic-rendered-ansi,artifacts,future-incompat --emit=dep-info,link -C embed-bitcode=no -C debuginfo=2 -C split-debuginfo=unpacked --test --check-cfg 'cfg(docsrs,test)' --check-cfg 'cfg(feature, values("bug_missing_auth", "bug_no_ttl", "bug_overflow", "bug_reinit", "bug_self_transfer", "bug_temp_nonce", "bug_zero_amount"))' -C metadata=8c7067f738ca187b -C extra-filename=-3e562011cbd3d845 --out-dir /private/var/folders/bw/48pkqypd3pd7_c8l3ckzlmdw0000gp/T/cargo-mutants-stellar-studies-CIrlA5.tmp/target/debug/deps -C incremental=/private/var/folders/bw/48pkqypd3pd7_c8l3ckzlmdw0000gp/T/cargo-mutants-stellar-studies-CIrlA5.tmp/target/debug/incremental -L dependency=/private/var/folders/bw/48pkqypd3pd7_c8l3ckzlmdw0000gp/T/cargo-mutants-stellar-studies-CIrlA5.tmp/target/debug/deps --extern arbitrary=/private/var/folders/bw/48pkqypd3pd7_c8l3ckzlmdw0000gp/T/cargo-mutants-stellar-studies-CIrlA5.tmp/target/debug/deps/libarbitrary-b15fe09805a10503.rlib --extern proptest=/private/var/folders/bw/48pkqypd3pd7_c8l3ckzlmdw0000gp/T/cargo-mutants-stellar-studies-CIrlA5.tmp/target/debug/deps/libproptest-ebc82c2f62035854.rlib --extern proptest_arbitrary_interop=/private/var/folders/bw/48pkqypd3pd7_c8l3ckzlmdw0000gp/T/cargo-mutants-stellar-studies-CIrlA5.tmp/target/debug/deps/libproptest_arbitrary_interop-8fcd0e348bdb6c2d.rlib --extern soroban_sdk=/private/var/folders/bw/48pkqypd3pd7_c8l3ckzlmdw0000gp/T/cargo-mutants-stellar-studies-CIrlA5.tmp/target/debug/deps/libsoroban_sdk-e62747f56c1fb4bb.rlib --extern soroban_vault=/private/var/folders/bw/48pkqypd3pd7_c8l3ckzlmdw0000gp/T/cargo-mutants-stellar-studies-CIrlA5.tmp/target/debug/deps/libsoroban_vault-89a10c6dc4b3cd63.rlib`
     Running `/Users/igorfambonatti/.rustup/toolchains/stable-aarch64-apple-darwin/bin/rustc --crate-name proptest_ai --edition=2021 04-prototype-development/contracts/soroban-vault/tests/proptest_ai.rs --error-format=json --json=diagnostic-rendered-ansi,artifacts,future-incompat --emit=dep-info,link -C embed-bitcode=no -C debuginfo=2 -C split-debuginfo=unpacked --test --check-cfg 'cfg(docsrs,test)' --check-cfg 'cfg(feature, values("bug_missing_auth", "bug_no_ttl", "bug_overflow", "bug_reinit", "bug_self_transfer", "bug_temp_nonce", "bug_zero_amount"))' -C metadata=5763f149b77c10de -C extra-filename=-f790cf1d5da483ca --out-dir /private/var/folders/bw/48pkqypd3pd7_c8l3ckzlmdw0000gp/T/cargo-mutants-stellar-studies-CIrlA5.tmp/target/debug/deps -C incremental=/private/var/folders/bw/48pkqypd3pd7_c8l3ckzlmdw0000gp/T/cargo-mutants-stellar-studies-CIrlA5.tmp/target/debug/incremental -L dependency=/private/var/folders/bw/48pkqypd3pd7_c8l3ckzlmdw0000gp/T/cargo-mutants-stellar-studies-CIrlA5.tmp/target/debug/deps --extern arbitrary=/private/var/folders/bw/48pkqypd3pd7_c8l3ckzlmdw0000gp/T/cargo-mutants-stellar-studies-CIrlA5.tmp/target/debug/deps/libarbitrary-b15fe09805a10503.rlib --extern proptest=/private/var/folders/bw/48pkqypd3pd7_c8l3ckzlmdw0000gp/T/cargo-mutants-stellar-studies-CIrlA5.tmp/target/debug/deps/libproptest-ebc82c2f62035854.rlib --extern proptest_arbitrary_interop=/private/var/folders/bw/48pkqypd3pd7_c8l3ckzlmdw0000gp/T/cargo-mutants-stellar-studies-CIrlA5.tmp/target/debug/deps/libproptest_arbitrary_interop-8fcd0e348bdb6c2d.rlib --extern soroban_sdk=/private/var/folders/bw/48pkqypd3pd7_c8l3ckzlmdw0000gp/T/cargo-mutants-stellar-studies-CIrlA5.tmp/target/debug/deps/libsoroban_sdk-e62747f56c1fb4bb.rlib --extern soroban_vault=/private/var/folders/bw/48pkqypd3pd7_c8l3ckzlmdw0000gp/T/cargo-mutants-stellar-studies-CIrlA5.tmp/target/debug/deps/libsoroban_vault-89a10c6dc4b3cd63.rlib`
warning: `soroban-vault` (lib test) generated 3 warnings (3 duplicates)
    Finished `test` profile [unoptimized + debuginfo] target(s) in 0.75s
  Executable `/private/var/folders/bw/48pkqypd3pd7_c8l3ckzlmdw0000gp/T/cargo-mutants-stellar-studies-CIrlA5.tmp/target/debug/deps/soroban_vault-bce8593a16df1a94`
  Executable `/private/var/folders/bw/48pkqypd3pd7_c8l3ckzlmdw0000gp/T/cargo-mutants-stellar-studies-CIrlA5.tmp/target/debug/deps/proptest_ai-f790cf1d5da483ca`
  Executable `/private/var/folders/bw/48pkqypd3pd7_c8l3ckzlmdw0000gp/T/cargo-mutants-stellar-studies-CIrlA5.tmp/target/debug/deps/proptest_baseline-3e562011cbd3d845`

*** result: Success

*** /Users/igorfambonatti/.rustup/toolchains/stable-aarch64-apple-darwin/bin/cargo test --verbose --package=soroban-vault@0.1.0 --test proptest_ai
       Fresh unicode-ident v1.0.24
       Fresh version_check v0.9.5
       Fresh cfg-if v1.0.4
       Fresh typenum v1.20.1
       Fresh memchr v2.8.2
       Fresh itoa v1.0.18
       Fresh subtle v2.6.1
       Fresh autocfg v1.5.1
       Fresh proc-macro2 v1.0.106
       Fresh const-oid v0.9.6
       Fresh strsim v0.11.1
       Fresh ident_case v1.0.1
       Fresh quote v1.0.45
       Fresh serde_core v1.0.228
       Fresh zmij v1.0.21
       Fresh semver v1.0.28
       Fresh dyn-clone v1.0.20
       Fresh data-encoding v2.11.0
       Fresh syn v2.0.117
       Fresh serde_json v1.0.150
       Fresh getrandom v0.2.17
       Fresh zerocopy v0.8.52
       Fresh num-traits v0.2.19
       Fresh once_cell v1.21.4
       Fresh escape-bytes v0.1.1
       Fresh ethnum v1.5.3
       Fresh rustc_version v0.4.1
       Fresh serde_derive v1.0.228
       Fresh zeroize_derive v1.5.0
       Fresh rand_core v0.6.4
       Fresh darling_core v0.23.0
       Fresh ppv-lite86 v0.2.21
       Fresh libc v0.2.186
       Fresh cfg_eval v0.1.2
       Fresh paste v1.0.15
       Fresh enum-ordinalize-derive v4.3.2
       Fresh num-integer v0.1.46
       Fresh ark-serialize-derive v0.5.0
       Fresh serde v1.0.228
       Fresh zeroize v1.9.0
       Fresh darling_macro v0.23.0
       Fresh cpufeatures v0.2.17
       Fresh rand_chacha v0.3.1
       Fresh enum-ordinalize v4.3.2
       Fresh num-bigint v0.4.6
       Fresh ff v0.13.1
       Fresh base16ct v0.2.0
       Fresh equivalent v1.0.2
       Fresh hashbrown v0.17.1
       Fresh arrayvec v0.7.6
       Fresh generic-array v0.14.9
       Fresh crate-git-revision v0.0.6
       Fresh darling v0.23.0
       Fresh schemars v0.8.22
       Fresh hex v0.4.3
       Fresh rand v0.8.6
       Fresh der v0.7.10
       Fresh either v1.16.0
       Fresh ark-ff-macros v0.5.0
       Fresh indexmap v2.14.0
       Fresh educe v0.6.0
       Fresh group v0.13.0
       Fresh block-buffer v0.10.4
       Fresh crypto-common v0.1.6
       Fresh serde_with_macros v3.21.0
       Fresh ark-std v0.5.0
       Fresh itertools v0.13.0
       Fresh sec1 v0.7.3
       Fresh crypto-bigint v0.5.5
       Fresh ark-ff-asm v0.5.0
       Fresh allocator-api2 v0.2.21
       Fresh base64 v0.22.1
       Fresh fnv v1.0.7
       Fresh ahash v0.8.12
       Fresh digest v0.10.7
       Fresh hashbrown v0.15.5
       Fresh wasmparser v0.116.1
       Fresh derive_arbitrary v1.3.2
       Fresh thiserror-impl v1.0.69
       Fresh num-derive v0.4.2
       Fresh static_assertions v1.1.0
       Fresh stellar-strkey v0.0.13
       Fresh sha2 v0.10.9
       Fresh ark-serialize v0.5.0
       Fresh signature v2.2.0
       Fresh elliptic-curve v0.13.8
       Fresh hmac v0.12.1
       Fresh arbitrary v1.3.2
       Fresh libm v0.2.16
       Fresh downcast-rs v1.2.1
       Fresh indexmap-nostd v0.4.0
       Fresh serde_with v3.21.0
       Fresh ark-ff v0.5.0
       Fresh rfc6979 v0.4.0
       Fresh wasmparser-nostd v0.100.2
       Fresh getrandom v0.3.4
       Fresh wasmi_core v0.13.0
       Fresh thiserror v1.0.69
       Fresh smallvec v1.15.2
       Fresh spin v0.9.8
       Fresh wasmi_arena v0.4.1
       Fresh ed25519 v2.2.3
       Fresh ark-poly v0.5.0
       Fresh soroban-env-macros v26.1.3
       Fresh ecdsa v0.16.9
       Fresh soroban-wasmi v0.31.1-soroban.20.0.1
       Fresh rand_core v0.9.5
       Fresh curve25519-dalek v4.1.3
       Fresh primeorder v0.13.6
       Fresh stellar-xdr v26.0.1
       Fresh darling_core v0.20.11
       Fresh keccak v0.1.6
       Fresh ark-ec v0.5.0
       Fresh errno v0.3.14
       Fresh bitflags v2.13.1
       Fresh byteorder v1.5.0
       Fresh getrandom v0.4.3
       Fresh ed25519-dalek v2.2.0
       Fresh sha3 v0.10.9
       Fresh darling_macro v0.20.11
       Fresh prettyplease v0.2.37
       Fresh k256 v0.13.4
       Fresh p256 v0.13.2
       Fresh hash32 v0.3.1
       Fresh ark-bls12-381 v0.5.0
       Fresh rustix v1.1.4
       Fresh ark-bn254 v0.5.0
       Fresh soroban-spec v26.1.0
       Fresh soroban-builtin-sdk-macros v26.1.3
       Fresh stable_deref_trait v1.2.1
       Fresh dtor-proc-macro v0.0.6
       Fresh hex-literal v0.4.1
       Fresh fastrand v2.5.0
       Fresh soroban-env-common v26.1.3
       Fresh darling v0.20.11
       Fresh tempfile v3.27.0
       Fresh heapless v0.8.0
       Fresh soroban-spec-rust v26.1.0
       Fresh soroban-env-host v26.1.3
       Fresh dtor v0.1.1
       Fresh macro-string v0.1.4
       Fresh wait-timeout v0.2.1
       Fresh ctor-proc-macro v0.0.6
       Fresh quick-error v1.2.3
       Fresh bit-vec v0.8.0
       Fresh heck v0.5.0
       Fresh rand_xorshift v0.4.0
       Fresh rand_chacha v0.9.0
       Fresh soroban-ledger-snapshot v26.1.0
       Fresh stellar-strkey v0.0.16
       Fresh ctor v0.5.0
       Fresh soroban-sdk-macros v26.1.0
       Fresh rusty-fork v0.3.1
       Fresh bit-set v0.8.0
       Fresh rand v0.9.5
       Fresh bytes-lit v0.0.5
       Fresh visibility v0.1.1
       Fresh regex-syntax v0.8.11
       Fresh unarray v0.1.4
       Fresh proptest v1.11.0
       Fresh soroban-sdk v26.1.0
warning: unused variable: `env`
   --> 04-prototype-development/contracts/soroban-vault/src/lib.rs:369:20
    |
369 |     fn checked_add(env: &Env, a: i128, b: i128) -> i128 {
    |                    ^^^ help: if this is intentional, prefix it with an underscore: `_env`
    |
    = note: `#[warn(unused_variables)]` (part of `#[warn(unused)]`) on by default

warning: unused variable: `a`
   --> 04-prototype-development/contracts/soroban-vault/src/lib.rs:369:31
    |
369 |     fn checked_add(env: &Env, a: i128, b: i128) -> i128 {
    |                               ^ help: if this is intentional, prefix it with an underscore: `_a`

warning: unused variable: `b`
   --> 04-prototype-development/contracts/soroban-vault/src/lib.rs:369:40
    |
369 |     fn checked_add(env: &Env, a: i128, b: i128) -> i128 {
    |                                        ^ help: if this is intentional, prefix it with an underscore: `_b`

       Fresh proptest-arbitrary-interop v0.1.0
warning: `soroban-vault` (lib) generated 3 warnings (run `cargo fix --lib -p soroban-vault` to apply 3 suggestions)
       Fresh soroban-vault v0.1.0 (/private/var/folders/bw/48pkqypd3pd7_c8l3ckzlmdw0000gp/T/cargo-mutants-stellar-studies-CIrlA5.tmp/04-prototype-development/contracts/soroban-vault)
    Finished `test` profile [unoptimized + debuginfo] target(s) in 0.07s
     Running `/private/var/folders/bw/48pkqypd3pd7_c8l3ckzlmdw0000gp/T/cargo-mutants-stellar-studies-CIrlA5.tmp/target/debug/deps/proptest_ai-f790cf1d5da483ca`

running 11 tests
test prop_sequence_state_invariants ... FAILED
test prop_i5_no_auth_cannot_decrease_balance ... FAILED
test prop_n3_views_are_pure ... FAILED
test prop_i9_reinitialize_rejected ... ok
test prop_i4_admin_custody ... ok
test prop_i8_transfer_shares ... FAILED
test prop_i12_pause_semantics ... ok
test prop_exact_share_accounting ... FAILED
test prop_i11_temporary_tier_non_interference ... ok
test prop_i10_balance_ttl_on_first_write has been running for over 60 seconds
test prop_n1_instance_ttl has been running for over 60 seconds
test prop_i10_balance_ttl_on_first_write ... FAILED
test prop_n1_instance_ttl ... FAILED

failures:

---- prop_sequence_state_invariants stdout ----
proptest: FileFailurePersistence::SourceParallel set, but failed to find lib.rs or main.rs
Writing test snapshot file for test "prop_sequence_state_invariants" to "test_snapshots/prop_sequence_state_invariants.1.json".
Writing test snapshot file for test "prop_sequence_state_invariants" to "test_snapshots/prop_sequence_state_invariants.2.json".
Writing test snapshot file for test "prop_sequence_state_invariants" to "test_snapshots/prop_sequence_state_invariants.3.json".
Writing test snapshot file for test "prop_sequence_state_invariants" to "test_snapshots/prop_sequence_state_invariants.4.json".
Writing test snapshot file for test "prop_sequence_state_invariants" to "test_snapshots/prop_sequence_state_invariants.5.json".
Writing test snapshot file for test "prop_sequence_state_invariants" to "test_snapshots/prop_sequence_state_invariants.6.json".
Writing test snapshot file for test "prop_sequence_state_invariants" to "test_snapshots/prop_sequence_state_invariants.7.json".
Writing test snapshot file for test "prop_sequence_state_invariants" to "test_snapshots/prop_sequence_state_invariants.8.json".
Writing test snapshot file for test "prop_sequence_state_invariants" to "test_snapshots/prop_sequence_state_invariants.9.json".
Writing test snapshot file for test "prop_sequence_state_invariants" to "test_snapshots/prop_sequence_state_invariants.10.json".
Writing test snapshot file for test "prop_sequence_state_invariants" to "test_snapshots/prop_sequence_state_invariants.11.json".
Writing test snapshot file for test "prop_sequence_state_invariants" to "test_snapshots/prop_sequence_state_invariants.12.json".
Writing test snapshot file for test "prop_sequence_state_invariants" to "test_snapshots/prop_sequence_state_invariants.13.json".
Writing test snapshot file for test "prop_sequence_state_invariants" to "test_snapshots/prop_sequence_state_invariants.14.json".
Writing test snapshot file for test "prop_sequence_state_invariants" to "test_snapshots/prop_sequence_state_invariants.15.json".
Writing test snapshot file for test "prop_sequence_state_invariants" to "test_snapshots/prop_sequence_state_invariants.16.json".
Writing test snapshot file for test "prop_sequence_state_invariants" to "test_snapshots/prop_sequence_state_invariants.17.json".
Writing test snapshot file for test "prop_sequence_state_invariants" to "test_snapshots/prop_sequence_state_invariants.18.json".
Writing test snapshot file for test "prop_sequence_state_invariants" to "test_snapshots/prop_sequence_state_invariants.19.json".
Writing test snapshot file for test "prop_sequence_state_invariants" to "test_snapshots/prop_sequence_state_invariants.20.json".
Writing test snapshot file for test "prop_sequence_state_invariants" to "test_snapshots/prop_sequence_state_invariants.21.json".
Writing test snapshot file for test "prop_sequence_state_invariants" to "test_snapshots/prop_sequence_state_invariants.22.json".
Writing test snapshot file for test "prop_sequence_state_invariants" to "test_snapshots/prop_sequence_state_invariants.23.json".
Writing test snapshot file for test "prop_sequence_state_invariants" to "test_snapshots/prop_sequence_state_invariants.24.json".
Writing test snapshot file for test "prop_sequence_state_invariants" to "test_snapshots/prop_sequence_state_invariants.25.json".
Writing test snapshot file for test "prop_sequence_state_invariants" to "test_snapshots/prop_sequence_state_invariants.26.json".
Writing test snapshot file for test "prop_sequence_state_invariants" to "test_snapshots/prop_sequence_state_invariants.27.json".
Writing test snapshot file for test "prop_sequence_state_invariants" to "test_snapshots/prop_sequence_state_invariants.28.json".
Writing test snapshot file for test "prop_sequence_state_invariants" to "test_snapshots/prop_sequence_state_invariants.29.json".
Writing test snapshot file for test "prop_sequence_state_invariants" to "test_snapshots/prop_sequence_state_invariants.30.json".
Writing test snapshot file for test "prop_sequence_state_invariants" to "test_snapshots/prop_sequence_state_invariants.31.json".

thread 'prop_sequence_state_invariants' (3118487) panicked at 04-prototype-development/contracts/soroban-vault/tests/proptest_ai.rs:505:1:
Test failed: I6 broken at step 0 (Deposit { actor: 0, amount: 1 }): total_shares() == -1 < 0 at 04-prototype-development/contracts/soroban-vault/tests/proptest_ai.rs:538.
minimal failing input: ops = [
    Deposit {
        actor: 0,
        amount: 1,
    },
]
	successes: 0
	local rejects: 0
	global rejects: 0


---- prop_i5_no_auth_cannot_decrease_balance stdout ----
proptest: FileFailurePersistence::SourceParallel set, but failed to find lib.rs or main.rs
Writing test snapshot file for test "prop_i5_no_auth_cannot_decrease_balance" to "test_snapshots/prop_i5_no_auth_cannot_decrease_balance.1.json".
Writing test snapshot file for test "prop_i5_no_auth_cannot_decrease_balance" to "test_snapshots/prop_i5_no_auth_cannot_decrease_balance.2.json".
Writing test snapshot file for test "prop_i5_no_auth_cannot_decrease_balance" to "test_snapshots/prop_i5_no_auth_cannot_decrease_balance.3.json".
Writing test snapshot file for test "prop_i5_no_auth_cannot_decrease_balance" to "test_snapshots/prop_i5_no_auth_cannot_decrease_balance.4.json".
Writing test snapshot file for test "prop_i5_no_auth_cannot_decrease_balance" to "test_snapshots/prop_i5_no_auth_cannot_decrease_balance.5.json".
Writing test snapshot file for test "prop_i5_no_auth_cannot_decrease_balance" to "test_snapshots/prop_i5_no_auth_cannot_decrease_balance.6.json".
Writing test snapshot file for test "prop_i5_no_auth_cannot_decrease_balance" to "test_snapshots/prop_i5_no_auth_cannot_decrease_balance.7.json".
Writing test snapshot file for test "prop_i5_no_auth_cannot_decrease_balance" to "test_snapshots/prop_i5_no_auth_cannot_decrease_balance.8.json".
Writing test snapshot file for test "prop_i5_no_auth_cannot_decrease_balance" to "test_snapshots/prop_i5_no_auth_cannot_decrease_balance.9.json".
Writing test snapshot file for test "prop_i5_no_auth_cannot_decrease_balance" to "test_snapshots/prop_i5_no_auth_cannot_decrease_balance.10.json".
Writing test snapshot file for test "prop_i5_no_auth_cannot_decrease_balance" to "test_snapshots/prop_i5_no_auth_cannot_decrease_balance.11.json".
Writing test snapshot file for test "prop_i5_no_auth_cannot_decrease_balance" to "test_snapshots/prop_i5_no_auth_cannot_decrease_balance.12.json".
Writing test snapshot file for test "prop_i5_no_auth_cannot_decrease_balance" to "test_snapshots/prop_i5_no_auth_cannot_decrease_balance.13.json".
Writing test snapshot file for test "prop_i5_no_auth_cannot_decrease_balance" to "test_snapshots/prop_i5_no_auth_cannot_decrease_balance.14.json".
Writing test snapshot file for test "prop_i5_no_auth_cannot_decrease_balance" to "test_snapshots/prop_i5_no_auth_cannot_decrease_balance.15.json".
Writing test snapshot file for test "prop_i5_no_auth_cannot_decrease_balance" to "test_snapshots/prop_i5_no_auth_cannot_decrease_balance.16.json".
Writing test snapshot file for test "prop_i5_no_auth_cannot_decrease_balance" to "test_snapshots/prop_i5_no_auth_cannot_decrease_balance.17.json".
Writing test snapshot file for test "prop_i5_no_auth_cannot_decrease_balance" to "test_snapshots/prop_i5_no_auth_cannot_decrease_balance.18.json".
Writing test snapshot file for test "prop_i5_no_auth_cannot_decrease_balance" to "test_snapshots/prop_i5_no_auth_cannot_decrease_balance.19.json".
Writing test snapshot file for test "prop_i5_no_auth_cannot_decrease_balance" to "test_snapshots/prop_i5_no_auth_cannot_decrease_balance.20.json".
Writing test snapshot file for test "prop_i5_no_auth_cannot_decrease_balance" to "test_snapshots/prop_i5_no_auth_cannot_decrease_balance.21.json".
Writing test snapshot file for test "prop_i5_no_auth_cannot_decrease_balance" to "test_snapshots/prop_i5_no_auth_cannot_decrease_balance.22.json".
Writing test snapshot file for test "prop_i5_no_auth_cannot_decrease_balance" to "test_snapshots/prop_i5_no_auth_cannot_decrease_balance.23.json".
Writing test snapshot file for test "prop_i5_no_auth_cannot_decrease_balance" to "test_snapshots/prop_i5_no_auth_cannot_decrease_balance.24.json".
Writing test snapshot file for test "prop_i5_no_auth_cannot_decrease_balance" to "test_snapshots/prop_i5_no_auth_cannot_decrease_balance.25.json".
Writing test snapshot file for test "prop_i5_no_auth_cannot_decrease_balance" to "test_snapshots/prop_i5_no_auth_cannot_decrease_balance.26.json".
Writing test snapshot file for test "prop_i5_no_auth_cannot_decrease_balance" to "test_snapshots/prop_i5_no_auth_cannot_decrease_balance.27.json".
Writing test snapshot file for test "prop_i5_no_auth_cannot_decrease_balance" to "test_snapshots/prop_i5_no_auth_cannot_decrease_balance.28.json".
Writing test snapshot file for test "prop_i5_no_auth_cannot_decrease_balance" to "test_snapshots/prop_i5_no_auth_cannot_decrease_balance.29.json".
Writing test snapshot file for test "prop_i5_no_auth_cannot_decrease_balance" to "test_snapshots/prop_i5_no_auth_cannot_decrease_balance.30.json".
Writing test snapshot file for test "prop_i5_no_auth_cannot_decrease_balance" to "test_snapshots/prop_i5_no_auth_cannot_decrease_balance.31.json".
Writing test snapshot file for test "prop_i5_no_auth_cannot_decrease_balance" to "test_snapshots/prop_i5_no_auth_cannot_decrease_balance.32.json".
Writing test snapshot file for test "prop_i5_no_auth_cannot_decrease_balance" to "test_snapshots/prop_i5_no_auth_cannot_decrease_balance.33.json".
Writing test snapshot file for test "prop_i5_no_auth_cannot_decrease_balance" to "test_snapshots/prop_i5_no_auth_cannot_decrease_balance.34.json".
Writing test snapshot file for test "prop_i5_no_auth_cannot_decrease_balance" to "test_snapshots/prop_i5_no_auth_cannot_decrease_balance.35.json".
Writing test snapshot file for test "prop_i5_no_auth_cannot_decrease_balance" to "test_snapshots/prop_i5_no_auth_cannot_decrease_balance.36.json".
Writing test snapshot file for test "prop_i5_no_auth_cannot_decrease_balance" to "test_snapshots/prop_i5_no_auth_cannot_decrease_balance.37.json".
Writing test snapshot file for test "prop_i5_no_auth_cannot_decrease_balance" to "test_snapshots/prop_i5_no_auth_cannot_decrease_balance.38.json".
Writing test snapshot file for test "prop_i5_no_auth_cannot_decrease_balance" to "test_snapshots/prop_i5_no_auth_cannot_decrease_balance.39.json".
Writing test snapshot file for test "prop_i5_no_auth_cannot_decrease_balance" to "test_snapshots/prop_i5_no_auth_cannot_decrease_balance.40.json".
Writing test snapshot file for test "prop_i5_no_auth_cannot_decrease_balance" to "test_snapshots/prop_i5_no_auth_cannot_decrease_balance.41.json".
Writing test snapshot file for test "prop_i5_no_auth_cannot_decrease_balance" to "test_snapshots/prop_i5_no_auth_cannot_decrease_balance.42.json".

thread 'prop_i5_no_auth_cannot_decrease_balance' (3118482) panicked at 04-prototype-development/contracts/soroban-vault/tests/proptest_ai.rs:1288:1:
Test failed: precondition: holder must own shares, got -1 at 04-prototype-development/contracts/soroban-vault/tests/proptest_ai.rs:1312.
minimal failing input: holder = 0, counterparty = 0, seed = 1, shares = 1, which = 0
	successes: 0
	local rejects: 0
	global rejects: 0


---- prop_n3_views_are_pure stdout ----
proptest: FileFailurePersistence::SourceParallel set, but failed to find lib.rs or main.rs
Writing test snapshot file for test "prop_n3_views_are_pure" to "test_snapshots/prop_n3_views_are_pure.1.json".
Writing test snapshot file for test "prop_n3_views_are_pure" to "test_snapshots/prop_n3_views_are_pure.2.json".
Writing test snapshot file for test "prop_n3_views_are_pure" to "test_snapshots/prop_n3_views_are_pure.3.json".
Writing test snapshot file for test "prop_n3_views_are_pure" to "test_snapshots/prop_n3_views_are_pure.4.json".
Writing test snapshot file for test "prop_n3_views_are_pure" to "test_snapshots/prop_n3_views_are_pure.5.json".
Writing test snapshot file for test "prop_n3_views_are_pure" to "test_snapshots/prop_n3_views_are_pure.6.json".
Writing test snapshot file for test "prop_n3_views_are_pure" to "test_snapshots/prop_n3_views_are_pure.7.json".
Writing test snapshot file for test "prop_n3_views_are_pure" to "test_snapshots/prop_n3_views_are_pure.8.json".
Writing test snapshot file for test "prop_n3_views_are_pure" to "test_snapshots/prop_n3_views_are_pure.9.json".
Writing test snapshot file for test "prop_n3_views_are_pure" to "test_snapshots/prop_n3_views_are_pure.10.json".
Writing test snapshot file for test "prop_n3_views_are_pure" to "test_snapshots/prop_n3_views_are_pure.11.json".
Writing test snapshot file for test "prop_n3_views_are_pure" to "test_snapshots/prop_n3_views_are_pure.12.json".
Writing test snapshot file for test "prop_n3_views_are_pure" to "test_snapshots/prop_n3_views_are_pure.13.json".
Writing test snapshot file for test "prop_n3_views_are_pure" to "test_snapshots/prop_n3_views_are_pure.14.json".
Writing test snapshot file for test "prop_n3_views_are_pure" to "test_snapshots/prop_n3_views_are_pure.15.json".
Writing test snapshot file for test "prop_n3_views_are_pure" to "test_snapshots/prop_n3_views_are_pure.16.json".
Writing test snapshot file for test "prop_n3_views_are_pure" to "test_snapshots/prop_n3_views_are_pure.17.json".
Writing test snapshot file for test "prop_n3_views_are_pure" to "test_snapshots/prop_n3_views_are_pure.18.json".
Writing test snapshot file for test "prop_n3_views_are_pure" to "test_snapshots/prop_n3_views_are_pure.19.json".
Writing test snapshot file for test "prop_n3_views_are_pure" to "test_snapshots/prop_n3_views_are_pure.20.json".
Writing test snapshot file for test "prop_n3_views_are_pure" to "test_snapshots/prop_n3_views_are_pure.21.json".
Writing test snapshot file for test "prop_n3_views_are_pure" to "test_snapshots/prop_n3_views_are_pure.22.json".
Writing test snapshot file for test "prop_n3_views_are_pure" to "test_snapshots/prop_n3_views_are_pure.23.json".
Writing test snapshot file for test "prop_n3_views_are_pure" to "test_snapshots/prop_n3_views_are_pure.24.json".
Writing test snapshot file for test "prop_n3_views_are_pure" to "test_snapshots/prop_n3_views_are_pure.25.json".
Writing test snapshot file for test "prop_n3_views_are_pure" to "test_snapshots/prop_n3_views_are_pure.26.json".
Writing test snapshot file for test "prop_n3_views_are_pure" to "test_snapshots/prop_n3_views_are_pure.27.json".
Writing test snapshot file for test "prop_n3_views_are_pure" to "test_snapshots/prop_n3_views_are_pure.28.json".
Writing test snapshot file for test "prop_n3_views_are_pure" to "test_snapshots/prop_n3_views_are_pure.29.json".
Writing test snapshot file for test "prop_n3_views_are_pure" to "test_snapshots/prop_n3_views_are_pure.30.json".
Writing test snapshot file for test "prop_n3_views_are_pure" to "test_snapshots/prop_n3_views_are_pure.31.json".
Writing test snapshot file for test "prop_n3_views_are_pure" to "test_snapshots/prop_n3_views_are_pure.32.json".
Writing test snapshot file for test "prop_n3_views_are_pure" to "test_snapshots/prop_n3_views_are_pure.33.json".
Writing test snapshot file for test "prop_n3_views_are_pure" to "test_snapshots/prop_n3_views_are_pure.34.json".
Writing test snapshot file for test "prop_n3_views_are_pure" to "test_snapshots/prop_n3_views_are_pure.35.json".
Writing test snapshot file for test "prop_n3_views_are_pure" to "test_snapshots/prop_n3_views_are_pure.36.json".
Writing test snapshot file for test "prop_n3_views_are_pure" to "test_snapshots/prop_n3_views_are_pure.37.json".
Writing test snapshot file for test "prop_n3_views_are_pure" to "test_snapshots/prop_n3_views_are_pure.38.json".
Writing test snapshot file for test "prop_n3_views_are_pure" to "test_snapshots/prop_n3_views_are_pure.39.json".
Writing test snapshot file for test "prop_n3_views_are_pure" to "test_snapshots/prop_n3_views_are_pure.40.json".
Writing test snapshot file for test "prop_n3_views_are_pure" to "test_snapshots/prop_n3_views_are_pure.41.json".
Writing test snapshot file for test "prop_n3_views_are_pure" to "test_snapshots/prop_n3_views_are_pure.42.json".
Writing test snapshot file for test "prop_n3_views_are_pure" to "test_snapshots/prop_n3_views_are_pure.43.json".
Writing test snapshot file for test "prop_n3_views_are_pure" to "test_snapshots/prop_n3_views_are_pure.44.json".
Writing test snapshot file for test "prop_n3_views_are_pure" to "test_snapshots/prop_n3_views_are_pure.45.json".
Writing test snapshot file for test "prop_n3_views_are_pure" to "test_snapshots/prop_n3_views_are_pure.46.json".
Writing test snapshot file for test "prop_n3_views_are_pure" to "test_snapshots/prop_n3_views_are_pure.47.json".
Writing test snapshot file for test "prop_n3_views_are_pure" to "test_snapshots/prop_n3_views_are_pure.48.json".
Writing test snapshot file for test "prop_n3_views_are_pure" to "test_snapshots/prop_n3_views_are_pure.49.json".
Writing test snapshot file for test "prop_n3_views_are_pure" to "test_snapshots/prop_n3_views_are_pure.50.json".
Writing test snapshot file for test "prop_n3_views_are_pure" to "test_snapshots/prop_n3_views_are_pure.51.json".
Writing test snapshot file for test "prop_n3_views_are_pure" to "test_snapshots/prop_n3_views_are_pure.52.json".
Writing test snapshot file for test "prop_n3_views_are_pure" to "test_snapshots/prop_n3_views_are_pure.53.json".
Writing test snapshot file for test "prop_n3_views_are_pure" to "test_snapshots/prop_n3_views_are_pure.54.json".
Writing test snapshot file for test "prop_n3_views_are_pure" to "test_snapshots/prop_n3_views_are_pure.55.json".

thread 'prop_n3_views_are_pure' (3118486) panicked at 04-prototype-development/contracts/soroban-vault/tests/proptest_ai.rs:1806:1:
Test failed: I6 broken: T == -1 < 0 at 04-prototype-development/contracts/soroban-vault/tests/proptest_ai.rs:1891.
minimal failing input: actor = 0, seed = 1, do_pause = false, order = [
    0,
], gap = 0
	successes: 0
	local rejects: 0
	global rejects: 0


---- prop_i8_transfer_shares stdout ----
proptest: FileFailurePersistence::SourceParallel set, but failed to find lib.rs or main.rs

thread 'prop_i8_transfer_shares' (3118483) panicked at /Users/igorfambonatti/.cargo/registry/src/index.crates.io-1949cf8c6b5b557f/soroban-env-host-26.1.3/src/host.rs:907:9:
HostError: Error(Contract, #7)

Event log (newest first):
   0: [Diagnostic Event] topics:[error, Error(Contract, #7)], data:"escalating error to panic"
   1: [Diagnostic Event] topics:[error, Error(Contract, #7)], data:["contract call failed", deposit, [CAAAAAAAAAAAAAAAAAAAAAAAAAAAAAAAAAAAAAAAAAAAAAAAAAAAITA4, 11627]]
   2: [Failed Diagnostic Event (not emitted)] contract:CAAAAAAAAAAAAAAAAAAAAAAAAAAAAAAAAAAAAAAAAAAAAAAAAAAAHK3M, topics:[error, Error(Contract, #7)], data:"caught error from function"
   3: [Failed Diagnostic Event (not emitted)] contract:CAAAAAAAAAAAAAAAAAAAAAAAAAAAAAAAAAAAAAAAAAAAAAAAAAAAHK3M, topics:[error, Error(Contract, #7)], data:"escalating error to panic"
   4: [Failed Diagnostic Event (not emitted)] contract:CAAAAAAAAAAAAAAAAAAAAAAAAAAAAAAAAAAAAAAAAAAAAAAAAAAAHK3M, topics:[error, Error(Contract, #7)], data:["failing with contract error", 7]
   5: [Failed Diagnostic Event (not emitted)] contract:CBEPDNVYXQGWB5YUBXKJWYJA7OXTZW5LFLNO5JRRGE6Z6C5OSUZPCCEL, topics:[fn_return, balance], data:693147
   6: [Failed Diagnostic Event (not emitted)] contract:CAAAAAAAAAAAAAAAAAAAAAAAAAAAAAAAAAAAAAAAAAAAAAAAAAAAHK3M, topics:[fn_call, CBEPDNVYXQGWB5YUBXKJWYJA7OXTZW5LFLNO5JRRGE6Z6C5OSUZPCCEL, balance], data:CAAAAAAAAAAAAAAAAAAAAAAAAAAAAAAAAAAAAAAAAAAAAAAAAAAAHK3M
   7: [Diagnostic Event] topics:[fn_call, CAAAAAAAAAAAAAAAAAAAAAAAAAAAAAAAAAAAAAAAAAAAAAAAAAAAHK3M, deposit], data:[CAAAAAAAAAAAAAAAAAAAAAAAAAAAAAAAAAAAAAAAAAAAAAAAAAAAITA4, 11627]

note: run with `RUST_BACKTRACE=1` environment variable to display a backtrace
Writing test snapshot file for test "prop_i8_transfer_shares" to "test_snapshots/prop_i8_transfer_shares.1.json".

thread 'prop_i8_transfer_shares' (3118483) panicked at /Users/igorfambonatti/.cargo/registry/src/index.crates.io-1949cf8c6b5b557f/soroban-env-host-26.1.3/src/host.rs:907:9:
HostError: Error(Contract, #7)

Event log (newest first):
   0: [Diagnostic Event] topics:[error, Error(Contract, #7)], data:"escalating error to panic"
   1: [Diagnostic Event] topics:[error, Error(Contract, #7)], data:["contract call failed", deposit, [CAAAAAAAAAAAAAAAAAAAAAAAAAAAAAAAAAAAAAAAAAAAAAAAAAAAITA4, 11627]]
   2: [Failed Diagnostic Event (not emitted)] contract:CAAAAAAAAAAAAAAAAAAAAAAAAAAAAAAAAAAAAAAAAAAAAAAAAAAAHK3M, topics:[error, Error(Contract, #7)], data:"caught error from function"
   3: [Failed Diagnostic Event (not emitted)] contract:CAAAAAAAAAAAAAAAAAAAAAAAAAAAAAAAAAAAAAAAAAAAAAAAAAAAHK3M, topics:[error, Error(Contract, #7)], data:"escalating error to panic"
   4: [Failed Diagnostic Event (not emitted)] contract:CAAAAAAAAAAAAAAAAAAAAAAAAAAAAAAAAAAAAAAAAAAAAAAAAAAAHK3M, topics:[error, Error(Contract, #7)], data:["failing with contract error", 7]
   5: [Failed Diagnostic Event (not emitted)] contract:CBEPDNVYXQGWB5YUBXKJWYJA7OXTZW5LFLNO5JRRGE6Z6C5OSUZPCCEL, topics:[fn_return, balance], data:693147
   6: [Failed Diagnostic Event (not emitted)] contract:CAAAAAAAAAAAAAAAAAAAAAAAAAAAAAAAAAAAAAAAAAAAAAAAAAAAHK3M, topics:[fn_call, CBEPDNVYXQGWB5YUBXKJWYJA7OXTZW5LFLNO5JRRGE6Z6C5OSUZPCCEL, balance], data:CAAAAAAAAAAAAAAAAAAAAAAAAAAAAAAAAAAAAAAAAAAAAAAAAAAAHK3M
   7: [Diagnostic Event] topics:[fn_call, CAAAAAAAAAAAAAAAAAAAAAAAAAAAAAAAAAAAAAAAAAAAAAAAAAAAHK3M, deposit], data:[CAAAAAAAAAAAAAAAAAAAAAAAAAAAAAAAAAAAAAAAAAAAAAAAAAAAITA4, 11627]

Writing test snapshot file for test "prop_i8_transfer_shares" to "test_snapshots/prop_i8_transfer_shares.2.json".

thread 'prop_i8_transfer_shares' (3118483) panicked at /Users/igorfambonatti/.cargo/registry/src/index.crates.io-1949cf8c6b5b557f/soroban-env-host-26.1.3/src/host.rs:907:9:
HostError: Error(Contract, #7)

Event log (newest first):
   0: [Diagnostic Event] topics:[error, Error(Contract, #7)], data:"escalating error to panic"
   1: [Diagnostic Event] topics:[error, Error(Contract, #7)], data:["contract call failed", deposit, [CAAAAAAAAAAAAAAAAAAAAAAAAAAAAAAAAAAAAAAAAAAAAAAAAAAAITA4, 11627]]
   2: [Failed Diagnostic Event (not emitted)] contract:CAAAAAAAAAAAAAAAAAAAAAAAAAAAAAAAAAAAAAAAAAAAAAAAAAAAHK3M, topics:[error, Error(Contract, #7)], data:"caught error from function"
   3: [Failed Diagnostic Event (not emitted)] contract:CAAAAAAAAAAAAAAAAAAAAAAAAAAAAAAAAAAAAAAAAAAAAAAAAAAAHK3M, topics:[error, Error(Contract, #7)], data:"escalating error to panic"
   4: [Failed Diagnostic Event (not emitted)] contract:CAAAAAAAAAAAAAAAAAAAAAAAAAAAAAAAAAAAAAAAAAAAAAAAAAAAHK3M, topics:[error, Error(Contract, #7)], data:["failing with contract error", 7]
   5: [Failed Diagnostic Event (not emitted)] contract:CBEPDNVYXQGWB5YUBXKJWYJA7OXTZW5LFLNO5JRRGE6Z6C5OSUZPCCEL, topics:[fn_return, balance], data:693147
   6: [Failed Diagnostic Event (not emitted)] contract:CAAAAAAAAAAAAAAAAAAAAAAAAAAAAAAAAAAAAAAAAAAAAAAAAAAAHK3M, topics:[fn_call, CBEPDNVYXQGWB5YUBXKJWYJA7OXTZW5LFLNO5JRRGE6Z6C5OSUZPCCEL, balance], data:CAAAAAAAAAAAAAAAAAAAAAAAAAAAAAAAAAAAAAAAAAAAAAAAAAAAHK3M
   7: [Diagnostic Event] topics:[fn_call, CAAAAAAAAAAAAAAAAAAAAAAAAAAAAAAAAAAAAAAAAAAAAAAAAAAAHK3M, deposit], data:[CAAAAAAAAAAAAAAAAAAAAAAAAAAAAAAAAAAAAAAAAAAAAAAAAAAAITA4, 11627]

Writing test snapshot file for test "prop_i8_transfer_shares" to "test_snapshots/prop_i8_transfer_shares.3.json".

thread 'prop_i8_transfer_shares' (3118483) panicked at /Users/igorfambonatti/.cargo/registry/src/index.crates.io-1949cf8c6b5b557f/soroban-env-host-26.1.3/src/host.rs:907:9:
HostError: Error(Contract, #7)

Event log (newest first):
   0: [Diagnostic Event] topics:[error, Error(Contract, #7)], data:"escalating error to panic"
   1: [Diagnostic Event] topics:[error, Error(Contract, #7)], data:["contract call failed", deposit, [CAAAAAAAAAAAAAAAAAAAAAAAAAAAAAAAAAAAAAAAAAAAAAAAAAAAITA4, 11627]]
   2: [Failed Diagnostic Event (not emitted)] contract:CAAAAAAAAAAAAAAAAAAAAAAAAAAAAAAAAAAAAAAAAAAAAAAAAAAAHK3M, topics:[error, Error(Contract, #7)], data:"caught error from function"
   3: [Failed Diagnostic Event (not emitted)] contract:CAAAAAAAAAAAAAAAAAAAAAAAAAAAAAAAAAAAAAAAAAAAAAAAAAAAHK3M, topics:[error, Error(Contract, #7)], data:"escalating error to panic"
   4: [Failed Diagnostic Event (not emitted)] contract:CAAAAAAAAAAAAAAAAAAAAAAAAAAAAAAAAAAAAAAAAAAAAAAAAAAAHK3M, topics:[error, Error(Contract, #7)], data:["failing with contract error", 7]
   5: [Failed Diagnostic Event (not emitted)] contract:CBEPDNVYXQGWB5YUBXKJWYJA7OXTZW5LFLNO5JRRGE6Z6C5OSUZPCCEL, topics:[fn_return, balance], data:693147
   6: [Failed Diagnostic Event (not emitted)] contract:CAAAAAAAAAAAAAAAAAAAAAAAAAAAAAAAAAAAAAAAAAAAAAAAAAAAHK3M, topics:[fn_call, CBEPDNVYXQGWB5YUBXKJWYJA7OXTZW5LFLNO5JRRGE6Z6C5OSUZPCCEL, balance], data:CAAAAAAAAAAAAAAAAAAAAAAAAAAAAAAAAAAAAAAAAAAAAAAAAAAAHK3M
   7: [Diagnostic Event] topics:[fn_call, CAAAAAAAAAAAAAAAAAAAAAAAAAAAAAAAAAAAAAAAAAAAAAAAAAAAHK3M, deposit], data:[CAAAAAAAAAAAAAAAAAAAAAAAAAAAAAAAAAAAAAAAAAAAAAAAAAAAITA4, 11627]

Writing test snapshot file for test "prop_i8_transfer_shares" to "test_snapshots/prop_i8_transfer_shares.4.json".

thread 'prop_i8_transfer_shares' (3118483) panicked at /Users/igorfambonatti/.cargo/registry/src/index.crates.io-1949cf8c6b5b557f/soroban-env-host-26.1.3/src/host.rs:907:9:
HostError: Error(Contract, #7)

Event log (newest first):
   0: [Diagnostic Event] topics:[error, Error(Contract, #7)], data:"escalating error to panic"
   1: [Diagnostic Event] topics:[error, Error(Contract, #7)], data:["contract call failed", deposit, [CAAAAAAAAAAAAAAAAAAAAAAAAAAAAAAAAAAAAAAAAAAAAAAAAAAAITA4, 11627]]
   2: [Failed Diagnostic Event (not emitted)] contract:CAAAAAAAAAAAAAAAAAAAAAAAAAAAAAAAAAAAAAAAAAAAAAAAAAAAHK3M, topics:[error, Error(Contract, #7)], data:"caught error from function"
   3: [Failed Diagnostic Event (not emitted)] contract:CAAAAAAAAAAAAAAAAAAAAAAAAAAAAAAAAAAAAAAAAAAAAAAAAAAAHK3M, topics:[error, Error(Contract, #7)], data:"escalating error to panic"
   4: [Failed Diagnostic Event (not emitted)] contract:CAAAAAAAAAAAAAAAAAAAAAAAAAAAAAAAAAAAAAAAAAAAAAAAAAAAHK3M, topics:[error, Error(Contract, #7)], data:["failing with contract error", 7]
   5: [Failed Diagnostic Event (not emitted)] contract:CBEPDNVYXQGWB5YUBXKJWYJA7OXTZW5LFLNO5JRRGE6Z6C5OSUZPCCEL, topics:[fn_return, balance], data:346574
   6: [Failed Diagnostic Event (not emitted)] contract:CAAAAAAAAAAAAAAAAAAAAAAAAAAAAAAAAAAAAAAAAAAAAAAAAAAAHK3M, topics:[fn_call, CBEPDNVYXQGWB5YUBXKJWYJA7OXTZW5LFLNO5JRRGE6Z6C5OSUZPCCEL, balance], data:CAAAAAAAAAAAAAAAAAAAAAAAAAAAAAAAAAAAAAAAAAAAAAAAAAAAHK3M
   7: [Diagnostic Event] topics:[fn_call, CAAAAAAAAAAAAAAAAAAAAAAAAAAAAAAAAAAAAAAAAAAAAAAAAAAAHK3M, deposit], data:[CAAAAAAAAAAAAAAAAAAAAAAAAAAAAAAAAAAAAAAAAAAAAAAAAAAAITA4, 11627]

Writing test snapshot file for test "prop_i8_transfer_shares" to "test_snapshots/prop_i8_transfer_shares.5.json".

thread 'prop_i8_transfer_shares' (3118483) panicked at /Users/igorfambonatti/.cargo/registry/src/index.crates.io-1949cf8c6b5b557f/soroban-env-host-26.1.3/src/host.rs:907:9:
HostError: Error(Contract, #7)

Event log (newest first):
   0: [Diagnostic Event] topics:[error, Error(Contract, #7)], data:"escalating error to panic"
   1: [Diagnostic Event] topics:[error, Error(Contract, #7)], data:["contract call failed", deposit, [CAAAAAAAAAAAAAAAAAAAAAAAAAAAAAAAAAAAAAAAAAAAAAAAAAAAITA4, 11627]]
   2: [Failed Diagnostic Event (not emitted)] contract:CAAAAAAAAAAAAAAAAAAAAAAAAAAAAAAAAAAAAAAAAAAAAAAAAAAAHK3M, topics:[error, Error(Contract, #7)], data:"caught error from function"
   3: [Failed Diagnostic Event (not emitted)] contract:CAAAAAAAAAAAAAAAAAAAAAAAAAAAAAAAAAAAAAAAAAAAAAAAAAAAHK3M, topics:[error, Error(Contract, #7)], data:"escalating error to panic"
   4: [Failed Diagnostic Event (not emitted)] contract:CAAAAAAAAAAAAAAAAAAAAAAAAAAAAAAAAAAAAAAAAAAAAAAAAAAAHK3M, topics:[error, Error(Contract, #7)], data:["failing with contract error", 7]
   5: [Failed Diagnostic Event (not emitted)] contract:CBEPDNVYXQGWB5YUBXKJWYJA7OXTZW5LFLNO5JRRGE6Z6C5OSUZPCCEL, topics:[fn_return, balance], data:173287
   6: [Failed Diagnostic Event (not emitted)] contract:CAAAAAAAAAAAAAAAAAAAAAAAAAAAAAAAAAAAAAAAAAAAAAAAAAAAHK3M, topics:[fn_call, CBEPDNVYXQGWB5YUBXKJWYJA7OXTZW5LFLNO5JRRGE6Z6C5OSUZPCCEL, balance], data:CAAAAAAAAAAAAAAAAAAAAAAAAAAAAAAAAAAAAAAAAAAAAAAAAAAAHK3M
   7: [Diagnostic Event] topics:[fn_call, CAAAAAAAAAAAAAAAAAAAAAAAAAAAAAAAAAAAAAAAAAAAAAAAAAAAHK3M, deposit], data:[CAAAAAAAAAAAAAAAAAAAAAAAAAAAAAAAAAAAAAAAAAAAAAAAAAAAITA4, 11627]

Writing test snapshot file for test "prop_i8_transfer_shares" to "test_snapshots/prop_i8_transfer_shares.6.json".

thread 'prop_i8_transfer_shares' (3118483) panicked at /Users/igorfambonatti/.cargo/registry/src/index.crates.io-1949cf8c6b5b557f/soroban-env-host-26.1.3/src/host.rs:907:9:
HostError: Error(Contract, #7)

Event log (newest first):
   0: [Diagnostic Event] topics:[error, Error(Contract, #7)], data:"escalating error to panic"
   1: [Diagnostic Event] topics:[error, Error(Contract, #7)], data:["contract call failed", deposit, [CAAAAAAAAAAAAAAAAAAAAAAAAAAAAAAAAAAAAAAAAAAAAAAAAAAAITA4, 11627]]
   2: [Failed Diagnostic Event (not emitted)] contract:CAAAAAAAAAAAAAAAAAAAAAAAAAAAAAAAAAAAAAAAAAAAAAAAAAAAHK3M, topics:[error, Error(Contract, #7)], data:"caught error from function"
   3: [Failed Diagnostic Event (not emitted)] contract:CAAAAAAAAAAAAAAAAAAAAAAAAAAAAAAAAAAAAAAAAAAAAAAAAAAAHK3M, topics:[error, Error(Contract, #7)], data:"escalating error to panic"
   4: [Failed Diagnostic Event (not emitted)] contract:CAAAAAAAAAAAAAAAAAAAAAAAAAAAAAAAAAAAAAAAAAAAAAAAAAAAHK3M, topics:[error, Error(Contract, #7)], data:["failing with contract error", 7]
   5: [Failed Diagnostic Event (not emitted)] contract:CBEPDNVYXQGWB5YUBXKJWYJA7OXTZW5LFLNO5JRRGE6Z6C5OSUZPCCEL, topics:[fn_return, balance], data:86644
   6: [Failed Diagnostic Event (not emitted)] contract:CAAAAAAAAAAAAAAAAAAAAAAAAAAAAAAAAAAAAAAAAAAAAAAAAAAAHK3M, topics:[fn_call, CBEPDNVYXQGWB5YUBXKJWYJA7OXTZW5LFLNO5JRRGE6Z6C5OSUZPCCEL, balance], data:CAAAAAAAAAAAAAAAAAAAAAAAAAAAAAAAAAAAAAAAAAAAAAAAAAAAHK3M
   7: [Diagnostic Event] topics:[fn_call, CAAAAAAAAAAAAAAAAAAAAAAAAAAAAAAAAAAAAAAAAAAAAAAAAAAAHK3M, deposit], data:[CAAAAAAAAAAAAAAAAAAAAAAAAAAAAAAAAAAAAAAAAAAAAAAAAAAAITA4, 11627]

Writing test snapshot file for test "prop_i8_transfer_shares" to "test_snapshots/prop_i8_transfer_shares.7.json".

thread 'prop_i8_transfer_shares' (3118483) panicked at /Users/igorfambonatti/.cargo/registry/src/index.crates.io-1949cf8c6b5b557f/soroban-env-host-26.1.3/src/host.rs:907:9:
HostError: Error(Contract, #7)

Event log (newest first):
   0: [Diagnostic Event] topics:[error, Error(Contract, #7)], data:"escalating error to panic"
   1: [Diagnostic Event] topics:[error, Error(Contract, #7)], data:["contract call failed", deposit, [CAAAAAAAAAAAAAAAAAAAAAAAAAAAAAAAAAAAAAAAAAAAAAAAAAAAITA4, 11627]]
   2: [Failed Diagnostic Event (not emitted)] contract:CAAAAAAAAAAAAAAAAAAAAAAAAAAAAAAAAAAAAAAAAAAAAAAAAAAAHK3M, topics:[error, Error(Contract, #7)], data:"caught error from function"
   3: [Failed Diagnostic Event (not emitted)] contract:CAAAAAAAAAAAAAAAAAAAAAAAAAAAAAAAAAAAAAAAAAAAAAAAAAAAHK3M, topics:[error, Error(Contract, #7)], data:"escalating error to panic"
   4: [Failed Diagnostic Event (not emitted)] contract:CAAAAAAAAAAAAAAAAAAAAAAAAAAAAAAAAAAAAAAAAAAAAAAAAAAAHK3M, topics:[error, Error(Contract, #7)], data:["failing with contract error", 7]
   5: [Failed Diagnostic Event (not emitted)] contract:CBEPDNVYXQGWB5YUBXKJWYJA7OXTZW5LFLNO5JRRGE6Z6C5OSUZPCCEL, topics:[fn_return, balance], data:43322
   6: [Failed Diagnostic Event (not emitted)] contract:CAAAAAAAAAAAAAAAAAAAAAAAAAAAAAAAAAAAAAAAAAAAAAAAAAAAHK3M, topics:[fn_call, CBEPDNVYXQGWB5YUBXKJWYJA7OXTZW5LFLNO5JRRGE6Z6C5OSUZPCCEL, balance], data:CAAAAAAAAAAAAAAAAAAAAAAAAAAAAAAAAAAAAAAAAAAAAAAAAAAAHK3M
   7: [Diagnostic Event] topics:[fn_call, CAAAAAAAAAAAAAAAAAAAAAAAAAAAAAAAAAAAAAAAAAAAAAAAAAAAHK3M, deposit], data:[CAAAAAAAAAAAAAAAAAAAAAAAAAAAAAAAAAAAAAAAAAAAAAAAAAAAITA4, 11627]

Writing test snapshot file for test "prop_i8_transfer_shares" to "test_snapshots/prop_i8_transfer_shares.8.json".

thread 'prop_i8_transfer_shares' (3118483) panicked at /Users/igorfambonatti/.cargo/registry/src/index.crates.io-1949cf8c6b5b557f/soroban-env-host-26.1.3/src/host.rs:907:9:
HostError: Error(Contract, #7)

Event log (newest first):
   0: [Diagnostic Event] topics:[error, Error(Contract, #7)], data:"escalating error to panic"
   1: [Diagnostic Event] topics:[error, Error(Contract, #7)], data:["contract call failed", deposit, [CAAAAAAAAAAAAAAAAAAAAAAAAAAAAAAAAAAAAAAAAAAAAAAAAAAAITA4, 11627]]
   2: [Failed Diagnostic Event (not emitted)] contract:CAAAAAAAAAAAAAAAAAAAAAAAAAAAAAAAAAAAAAAAAAAAAAAAAAAAHK3M, topics:[error, Error(Contract, #7)], data:"caught error from function"
   3: [Failed Diagnostic Event (not emitted)] contract:CAAAAAAAAAAAAAAAAAAAAAAAAAAAAAAAAAAAAAAAAAAAAAAAAAAAHK3M, topics:[error, Error(Contract, #7)], data:"escalating error to panic"
   4: [Failed Diagnostic Event (not emitted)] contract:CAAAAAAAAAAAAAAAAAAAAAAAAAAAAAAAAAAAAAAAAAAAAAAAAAAAHK3M, topics:[error, Error(Contract, #7)], data:["failing with contract error", 7]
   5: [Failed Diagnostic Event (not emitted)] contract:CBEPDNVYXQGWB5YUBXKJWYJA7OXTZW5LFLNO5JRRGE6Z6C5OSUZPCCEL, topics:[fn_return, balance], data:21661
   6: [Failed Diagnostic Event (not emitted)] contract:CAAAAAAAAAAAAAAAAAAAAAAAAAAAAAAAAAAAAAAAAAAAAAAAAAAAHK3M, topics:[fn_call, CBEPDNVYXQGWB5YUBXKJWYJA7OXTZW5LFLNO5JRRGE6Z6C5OSUZPCCEL, balance], data:CAAAAAAAAAAAAAAAAAAAAAAAAAAAAAAAAAAAAAAAAAAAAAAAAAAAHK3M
   7: [Diagnostic Event] topics:[fn_call, CAAAAAAAAAAAAAAAAAAAAAAAAAAAAAAAAAAAAAAAAAAAAAAAAAAAHK3M, deposit], data:[CAAAAAAAAAAAAAAAAAAAAAAAAAAAAAAAAAAAAAAAAAAAAAAAAAAAITA4, 11627]

Writing test snapshot file for test "prop_i8_transfer_shares" to "test_snapshots/prop_i8_transfer_shares.9.json".

thread 'prop_i8_transfer_shares' (3118483) panicked at /Users/igorfambonatti/.cargo/registry/src/index.crates.io-1949cf8c6b5b557f/soroban-env-host-26.1.3/src/host.rs:907:9:
HostError: Error(Contract, #7)

Event log (newest first):
   0: [Diagnostic Event] topics:[error, Error(Contract, #7)], data:"escalating error to panic"
   1: [Diagnostic Event] topics:[error, Error(Contract, #7)], data:["contract call failed", deposit, [CAAAAAAAAAAAAAAAAAAAAAAAAAAAAAAAAAAAAAAAAAAAAAAAAAAAITA4, 11627]]
   2: [Failed Diagnostic Event (not emitted)] contract:CAAAAAAAAAAAAAAAAAAAAAAAAAAAAAAAAAAAAAAAAAAAAAAAAAAAHK3M, topics:[error, Error(Contract, #7)], data:"caught error from function"
   3: [Failed Diagnostic Event (not emitted)] contract:CAAAAAAAAAAAAAAAAAAAAAAAAAAAAAAAAAAAAAAAAAAAAAAAAAAAHK3M, topics:[error, Error(Contract, #7)], data:"escalating error to panic"
   4: [Failed Diagnostic Event (not emitted)] contract:CAAAAAAAAAAAAAAAAAAAAAAAAAAAAAAAAAAAAAAAAAAAAAAAAAAAHK3M, topics:[error, Error(Contract, #7)], data:["failing with contract error", 7]
   5: [Failed Diagnostic Event (not emitted)] contract:CBEPDNVYXQGWB5YUBXKJWYJA7OXTZW5LFLNO5JRRGE6Z6C5OSUZPCCEL, topics:[fn_return, balance], data:10831
   6: [Failed Diagnostic Event (not emitted)] contract:CAAAAAAAAAAAAAAAAAAAAAAAAAAAAAAAAAAAAAAAAAAAAAAAAAAAHK3M, topics:[fn_call, CBEPDNVYXQGWB5YUBXKJWYJA7OXTZW5LFLNO5JRRGE6Z6C5OSUZPCCEL, balance], data:CAAAAAAAAAAAAAAAAAAAAAAAAAAAAAAAAAAAAAAAAAAAAAAAAAAAHK3M
   7: [Diagnostic Event] topics:[fn_call, CAAAAAAAAAAAAAAAAAAAAAAAAAAAAAAAAAAAAAAAAAAAAAAAAAAAHK3M, deposit], data:[CAAAAAAAAAAAAAAAAAAAAAAAAAAAAAAAAAAAAAAAAAAAAAAAAAAAITA4, 11627]

Writing test snapshot file for test "prop_i8_transfer_shares" to "test_snapshots/prop_i8_transfer_shares.10.json".

thread 'prop_i8_transfer_shares' (3118483) panicked at /Users/igorfambonatti/.cargo/registry/src/index.crates.io-1949cf8c6b5b557f/soroban-env-host-26.1.3/src/host.rs:907:9:
HostError: Error(Contract, #7)

Event log (newest first):
   0: [Diagnostic Event] topics:[error, Error(Contract, #7)], data:"escalating error to panic"
   1: [Diagnostic Event] topics:[error, Error(Contract, #7)], data:["contract call failed", deposit, [CAAAAAAAAAAAAAAAAAAAAAAAAAAAAAAAAAAAAAAAAAAAAAAAAAAAITA4, 11627]]
   2: [Failed Diagnostic Event (not emitted)] contract:CAAAAAAAAAAAAAAAAAAAAAAAAAAAAAAAAAAAAAAAAAAAAAAAAAAAHK3M, topics:[error, Error(Contract, #7)], data:"caught error from function"
   3: [Failed Diagnostic Event (not emitted)] contract:CAAAAAAAAAAAAAAAAAAAAAAAAAAAAAAAAAAAAAAAAAAAAAAAAAAAHK3M, topics:[error, Error(Contract, #7)], data:"escalating error to panic"
   4: [Failed Diagnostic Event (not emitted)] contract:CAAAAAAAAAAAAAAAAAAAAAAAAAAAAAAAAAAAAAAAAAAAAAAAAAAAHK3M, topics:[error, Error(Contract, #7)], data:["failing with contract error", 7]
   5: [Failed Diagnostic Event (not emitted)] contract:CBEPDNVYXQGWB5YUBXKJWYJA7OXTZW5LFLNO5JRRGE6Z6C5OSUZPCCEL, topics:[fn_return, balance], data:5416
   6: [Failed Diagnostic Event (not emitted)] contract:CAAAAAAAAAAAAAAAAAAAAAAAAAAAAAAAAAAAAAAAAAAAAAAAAAAAHK3M, topics:[fn_call, CBEPDNVYXQGWB5YUBXKJWYJA7OXTZW5LFLNO5JRRGE6Z6C5OSUZPCCEL, balance], data:CAAAAAAAAAAAAAAAAAAAAAAAAAAAAAAAAAAAAAAAAAAAAAAAAAAAHK3M
   7: [Diagnostic Event] topics:[fn_call, CAAAAAAAAAAAAAAAAAAAAAAAAAAAAAAAAAAAAAAAAAAAAAAAAAAAHK3M, deposit], data:[CAAAAAAAAAAAAAAAAAAAAAAAAAAAAAAAAAAAAAAAAAAAAAAAAAAAITA4, 11627]

Writing test snapshot file for test "prop_i8_transfer_shares" to "test_snapshots/prop_i8_transfer_shares.11.json".

thread 'prop_i8_transfer_shares' (3118483) panicked at /Users/igorfambonatti/.cargo/registry/src/index.crates.io-1949cf8c6b5b557f/soroban-env-host-26.1.3/src/host.rs:907:9:
HostError: Error(Contract, #7)

Event log (newest first):
   0: [Diagnostic Event] topics:[error, Error(Contract, #7)], data:"escalating error to panic"
   1: [Diagnostic Event] topics:[error, Error(Contract, #7)], data:["contract call failed", deposit, [CAAAAAAAAAAAAAAAAAAAAAAAAAAAAAAAAAAAAAAAAAAAAAAAAAAAITA4, 11627]]
   2: [Failed Diagnostic Event (not emitted)] contract:CAAAAAAAAAAAAAAAAAAAAAAAAAAAAAAAAAAAAAAAAAAAAAAAAAAAHK3M, topics:[error, Error(Contract, #7)], data:"caught error from function"
   3: [Failed Diagnostic Event (not emitted)] contract:CAAAAAAAAAAAAAAAAAAAAAAAAAAAAAAAAAAAAAAAAAAAAAAAAAAAHK3M, topics:[error, Error(Contract, #7)], data:"escalating error to panic"
   4: [Failed Diagnostic Event (not emitted)] contract:CAAAAAAAAAAAAAAAAAAAAAAAAAAAAAAAAAAAAAAAAAAAAAAAAAAAHK3M, topics:[error, Error(Contract, #7)], data:["failing with contract error", 7]
   5: [Failed Diagnostic Event (not emitted)] contract:CBEPDNVYXQGWB5YUBXKJWYJA7OXTZW5LFLNO5JRRGE6Z6C5OSUZPCCEL, topics:[fn_return, balance], data:2708
   6: [Failed Diagnostic Event (not emitted)] contract:CAAAAAAAAAAAAAAAAAAAAAAAAAAAAAAAAAAAAAAAAAAAAAAAAAAAHK3M, topics:[fn_call, CBEPDNVYXQGWB5YUBXKJWYJA7OXTZW5LFLNO5JRRGE6Z6C5OSUZPCCEL, balance], data:CAAAAAAAAAAAAAAAAAAAAAAAAAAAAAAAAAAAAAAAAAAAAAAAAAAAHK3M
   7: [Diagnostic Event] topics:[fn_call, CAAAAAAAAAAAAAAAAAAAAAAAAAAAAAAAAAAAAAAAAAAAAAAAAAAAHK3M, deposit], data:[CAAAAAAAAAAAAAAAAAAAAAAAAAAAAAAAAAAAAAAAAAAAAAAAAAAAITA4, 11627]

Writing test snapshot file for test "prop_i8_transfer_shares" to "test_snapshots/prop_i8_transfer_shares.12.json".

thread 'prop_i8_transfer_shares' (3118483) panicked at /Users/igorfambonatti/.cargo/registry/src/index.crates.io-1949cf8c6b5b557f/soroban-env-host-26.1.3/src/host.rs:907:9:
HostError: Error(Contract, #7)

Event log (newest first):
   0: [Diagnostic Event] topics:[error, Error(Contract, #7)], data:"escalating error to panic"
   1: [Diagnostic Event] topics:[error, Error(Contract, #7)], data:["contract call failed", deposit, [CAAAAAAAAAAAAAAAAAAAAAAAAAAAAAAAAAAAAAAAAAAAAAAAAAAAITA4, 11627]]
   2: [Failed Diagnostic Event (not emitted)] contract:CAAAAAAAAAAAAAAAAAAAAAAAAAAAAAAAAAAAAAAAAAAAAAAAAAAAHK3M, topics:[error, Error(Contract, #7)], data:"caught error from function"
   3: [Failed Diagnostic Event (not emitted)] contract:CAAAAAAAAAAAAAAAAAAAAAAAAAAAAAAAAAAAAAAAAAAAAAAAAAAAHK3M, topics:[error, Error(Contract, #7)], data:"escalating error to panic"
   4: [Failed Diagnostic Event (not emitted)] contract:CAAAAAAAAAAAAAAAAAAAAAAAAAAAAAAAAAAAAAAAAAAAAAAAAAAAHK3M, topics:[error, Error(Contract, #7)], data:["failing with contract error", 7]
   5: [Failed Diagnostic Event (not emitted)] contract:CBEPDNVYXQGWB5YUBXKJWYJA7OXTZW5LFLNO5JRRGE6Z6C5OSUZPCCEL, topics:[fn_return, balance], data:1354
   6: [Failed Diagnostic Event (not emitted)] contract:CAAAAAAAAAAAAAAAAAAAAAAAAAAAAAAAAAAAAAAAAAAAAAAAAAAAHK3M, topics:[fn_call, CBEPDNVYXQGWB5YUBXKJWYJA7OXTZW5LFLNO5JRRGE6Z6C5OSUZPCCEL, balance], data:CAAAAAAAAAAAAAAAAAAAAAAAAAAAAAAAAAAAAAAAAAAAAAAAAAAAHK3M
   7: [Diagnostic Event] topics:[fn_call, CAAAAAAAAAAAAAAAAAAAAAAAAAAAAAAAAAAAAAAAAAAAAAAAAAAAHK3M, deposit], data:[CAAAAAAAAAAAAAAAAAAAAAAAAAAAAAAAAAAAAAAAAAAAAAAAAAAAITA4, 11627]

Writing test snapshot file for test "prop_i8_transfer_shares" to "test_snapshots/prop_i8_transfer_shares.13.json".

thread 'prop_i8_transfer_shares' (3118483) panicked at /Users/igorfambonatti/.cargo/registry/src/index.crates.io-1949cf8c6b5b557f/soroban-env-host-26.1.3/src/host.rs:907:9:
HostError: Error(Contract, #7)

Event log (newest first):
   0: [Diagnostic Event] topics:[error, Error(Contract, #7)], data:"escalating error to panic"
   1: [Diagnostic Event] topics:[error, Error(Contract, #7)], data:["contract call failed", deposit, [CAAAAAAAAAAAAAAAAAAAAAAAAAAAAAAAAAAAAAAAAAAAAAAAAAAAITA4, 11627]]
   2: [Failed Diagnostic Event (not emitted)] contract:CAAAAAAAAAAAAAAAAAAAAAAAAAAAAAAAAAAAAAAAAAAAAAAAAAAAHK3M, topics:[error, Error(Contract, #7)], data:"caught error from function"
   3: [Failed Diagnostic Event (not emitted)] contract:CAAAAAAAAAAAAAAAAAAAAAAAAAAAAAAAAAAAAAAAAAAAAAAAAAAAHK3M, topics:[error, Error(Contract, #7)], data:"escalating error to panic"
   4: [Failed Diagnostic Event (not emitted)] contract:CAAAAAAAAAAAAAAAAAAAAAAAAAAAAAAAAAAAAAAAAAAAAAAAAAAAHK3M, topics:[error, Error(Contract, #7)], data:["failing with contract error", 7]
   5: [Failed Diagnostic Event (not emitted)] contract:CBEPDNVYXQGWB5YUBXKJWYJA7OXTZW5LFLNO5JRRGE6Z6C5OSUZPCCEL, topics:[fn_return, balance], data:677
   6: [Failed Diagnostic Event (not emitted)] contract:CAAAAAAAAAAAAAAAAAAAAAAAAAAAAAAAAAAAAAAAAAAAAAAAAAAAHK3M, topics:[fn_call, CBEPDNVYXQGWB5YUBXKJWYJA7OXTZW5LFLNO5JRRGE6Z6C5OSUZPCCEL, balance], data:CAAAAAAAAAAAAAAAAAAAAAAAAAAAAAAAAAAAAAAAAAAAAAAAAAAAHK3M
   7: [Diagnostic Event] topics:[fn_call, CAAAAAAAAAAAAAAAAAAAAAAAAAAAAAAAAAAAAAAAAAAAAAAAAAAAHK3M, deposit], data:[CAAAAAAAAAAAAAAAAAAAAAAAAAAAAAAAAAAAAAAAAAAAAAAAAAAAITA4, 11627]

Writing test snapshot file for test "prop_i8_transfer_shares" to "test_snapshots/prop_i8_transfer_shares.14.json".

thread 'prop_i8_transfer_shares' (3118483) panicked at /Users/igorfambonatti/.cargo/registry/src/index.crates.io-1949cf8c6b5b557f/soroban-env-host-26.1.3/src/host.rs:907:9:
HostError: Error(Contract, #7)

Event log (newest first):
   0: [Diagnostic Event] topics:[error, Error(Contract, #7)], data:"escalating error to panic"
   1: [Diagnostic Event] topics:[error, Error(Contract, #7)], data:["contract call failed", deposit, [CAAAAAAAAAAAAAAAAAAAAAAAAAAAAAAAAAAAAAAAAAAAAAAAAAAAITA4, 11627]]
   2: [Failed Diagnostic Event (not emitted)] contract:CAAAAAAAAAAAAAAAAAAAAAAAAAAAAAAAAAAAAAAAAAAAAAAAAAAAHK3M, topics:[error, Error(Contract, #7)], data:"caught error from function"
   3: [Failed Diagnostic Event (not emitted)] contract:CAAAAAAAAAAAAAAAAAAAAAAAAAAAAAAAAAAAAAAAAAAAAAAAAAAAHK3M, topics:[error, Error(Contract, #7)], data:"escalating error to panic"
   4: [Failed Diagnostic Event (not emitted)] contract:CAAAAAAAAAAAAAAAAAAAAAAAAAAAAAAAAAAAAAAAAAAAAAAAAAAAHK3M, topics:[error, Error(Contract, #7)], data:["failing with contract error", 7]
   5: [Failed Diagnostic Event (not emitted)] contract:CBEPDNVYXQGWB5YUBXKJWYJA7OXTZW5LFLNO5JRRGE6Z6C5OSUZPCCEL, topics:[fn_return, balance], data:339
   6: [Failed Diagnostic Event (not emitted)] contract:CAAAAAAAAAAAAAAAAAAAAAAAAAAAAAAAAAAAAAAAAAAAAAAAAAAAHK3M, topics:[fn_call, CBEPDNVYXQGWB5YUBXKJWYJA7OXTZW5LFLNO5JRRGE6Z6C5OSUZPCCEL, balance], data:CAAAAAAAAAAAAAAAAAAAAAAAAAAAAAAAAAAAAAAAAAAAAAAAAAAAHK3M
   7: [Diagnostic Event] topics:[fn_call, CAAAAAAAAAAAAAAAAAAAAAAAAAAAAAAAAAAAAAAAAAAAAAAAAAAAHK3M, deposit], data:[CAAAAAAAAAAAAAAAAAAAAAAAAAAAAAAAAAAAAAAAAAAAAAAAAAAAITA4, 11627]

Writing test snapshot file for test "prop_i8_transfer_shares" to "test_snapshots/prop_i8_transfer_shares.15.json".

thread 'prop_i8_transfer_shares' (3118483) panicked at /Users/igorfambonatti/.cargo/registry/src/index.crates.io-1949cf8c6b5b557f/soroban-env-host-26.1.3/src/host.rs:907:9:
HostError: Error(Contract, #7)

Event log (newest first):
   0: [Diagnostic Event] topics:[error, Error(Contract, #7)], data:"escalating error to panic"
   1: [Diagnostic Event] topics:[error, Error(Contract, #7)], data:["contract call failed", deposit, [CAAAAAAAAAAAAAAAAAAAAAAAAAAAAAAAAAAAAAAAAAAAAAAAAAAAITA4, 11627]]
   2: [Failed Diagnostic Event (not emitted)] contract:CAAAAAAAAAAAAAAAAAAAAAAAAAAAAAAAAAAAAAAAAAAAAAAAAAAAHK3M, topics:[error, Error(Contract, #7)], data:"caught error from function"
   3: [Failed Diagnostic Event (not emitted)] contract:CAAAAAAAAAAAAAAAAAAAAAAAAAAAAAAAAAAAAAAAAAAAAAAAAAAAHK3M, topics:[error, Error(Contract, #7)], data:"escalating error to panic"
   4: [Failed Diagnostic Event (not emitted)] contract:CAAAAAAAAAAAAAAAAAAAAAAAAAAAAAAAAAAAAAAAAAAAAAAAAAAAHK3M, topics:[error, Error(Contract, #7)], data:["failing with contract error", 7]
   5: [Failed Diagnostic Event (not emitted)] contract:CBEPDNVYXQGWB5YUBXKJWYJA7OXTZW5LFLNO5JRRGE6Z6C5OSUZPCCEL, topics:[fn_return, balance], data:170
   6: [Failed Diagnostic Event (not emitted)] contract:CAAAAAAAAAAAAAAAAAAAAAAAAAAAAAAAAAAAAAAAAAAAAAAAAAAAHK3M, topics:[fn_call, CBEPDNVYXQGWB5YUBXKJWYJA7OXTZW5LFLNO5JRRGE6Z6C5OSUZPCCEL, balance], data:CAAAAAAAAAAAAAAAAAAAAAAAAAAAAAAAAAAAAAAAAAAAAAAAAAAAHK3M
   7: [Diagnostic Event] topics:[fn_call, CAAAAAAAAAAAAAAAAAAAAAAAAAAAAAAAAAAAAAAAAAAAAAAAAAAAHK3M, deposit], data:[CAAAAAAAAAAAAAAAAAAAAAAAAAAAAAAAAAAAAAAAAAAAAAAAAAAAITA4, 11627]

Writing test snapshot file for test "prop_i8_transfer_shares" to "test_snapshots/prop_i8_transfer_shares.16.json".

thread 'prop_i8_transfer_shares' (3118483) panicked at /Users/igorfambonatti/.cargo/registry/src/index.crates.io-1949cf8c6b5b557f/soroban-env-host-26.1.3/src/host.rs:907:9:
HostError: Error(Contract, #7)

Event log (newest first):
   0: [Diagnostic Event] topics:[error, Error(Contract, #7)], data:"escalating error to panic"
   1: [Diagnostic Event] topics:[error, Error(Contract, #7)], data:["contract call failed", deposit, [CAAAAAAAAAAAAAAAAAAAAAAAAAAAAAAAAAAAAAAAAAAAAAAAAAAAITA4, 11627]]
   2: [Failed Diagnostic Event (not emitted)] contract:CAAAAAAAAAAAAAAAAAAAAAAAAAAAAAAAAAAAAAAAAAAAAAAAAAAAHK3M, topics:[error, Error(Contract, #7)], data:"caught error from function"
   3: [Failed Diagnostic Event (not emitted)] contract:CAAAAAAAAAAAAAAAAAAAAAAAAAAAAAAAAAAAAAAAAAAAAAAAAAAAHK3M, topics:[error, Error(Contract, #7)], data:"escalating error to panic"
   4: [Failed Diagnostic Event (not emitted)] contract:CAAAAAAAAAAAAAAAAAAAAAAAAAAAAAAAAAAAAAAAAAAAAAAAAAAAHK3M, topics:[error, Error(Contract, #7)], data:["failing with contract error", 7]
   5: [Failed Diagnostic Event (not emitted)] contract:CBEPDNVYXQGWB5YUBXKJWYJA7OXTZW5LFLNO5JRRGE6Z6C5OSUZPCCEL, topics:[fn_return, balance], data:85
   6: [Failed Diagnostic Event (not emitted)] contract:CAAAAAAAAAAAAAAAAAAAAAAAAAAAAAAAAAAAAAAAAAAAAAAAAAAAHK3M, topics:[fn_call, CBEPDNVYXQGWB5YUBXKJWYJA7OXTZW5LFLNO5JRRGE6Z6C5OSUZPCCEL, balance], data:CAAAAAAAAAAAAAAAAAAAAAAAAAAAAAAAAAAAAAAAAAAAAAAAAAAAHK3M
   7: [Diagnostic Event] topics:[fn_call, CAAAAAAAAAAAAAAAAAAAAAAAAAAAAAAAAAAAAAAAAAAAAAAAAAAAHK3M, deposit], data:[CAAAAAAAAAAAAAAAAAAAAAAAAAAAAAAAAAAAAAAAAAAAAAAAAAAAITA4, 11627]

Writing test snapshot file for test "prop_i8_transfer_shares" to "test_snapshots/prop_i8_transfer_shares.17.json".

thread 'prop_i8_transfer_shares' (3118483) panicked at /Users/igorfambonatti/.cargo/registry/src/index.crates.io-1949cf8c6b5b557f/soroban-env-host-26.1.3/src/host.rs:907:9:
HostError: Error(Contract, #7)

Event log (newest first):
   0: [Diagnostic Event] topics:[error, Error(Contract, #7)], data:"escalating error to panic"
   1: [Diagnostic Event] topics:[error, Error(Contract, #7)], data:["contract call failed", deposit, [CAAAAAAAAAAAAAAAAAAAAAAAAAAAAAAAAAAAAAAAAAAAAAAAAAAAITA4, 11627]]
   2: [Failed Diagnostic Event (not emitted)] contract:CAAAAAAAAAAAAAAAAAAAAAAAAAAAAAAAAAAAAAAAAAAAAAAAAAAAHK3M, topics:[error, Error(Contract, #7)], data:"caught error from function"
   3: [Failed Diagnostic Event (not emitted)] contract:CAAAAAAAAAAAAAAAAAAAAAAAAAAAAAAAAAAAAAAAAAAAAAAAAAAAHK3M, topics:[error, Error(Contract, #7)], data:"escalating error to panic"
   4: [Failed Diagnostic Event (not emitted)] contract:CAAAAAAAAAAAAAAAAAAAAAAAAAAAAAAAAAAAAAAAAAAAAAAAAAAAHK3M, topics:[error, Error(Contract, #7)], data:["failing with contract error", 7]
   5: [Failed Diagnostic Event (not emitted)] contract:CBEPDNVYXQGWB5YUBXKJWYJA7OXTZW5LFLNO5JRRGE6Z6C5OSUZPCCEL, topics:[fn_return, balance], data:43
   6: [Failed Diagnostic Event (not emitted)] contract:CAAAAAAAAAAAAAAAAAAAAAAAAAAAAAAAAAAAAAAAAAAAAAAAAAAAHK3M, topics:[fn_call, CBEPDNVYXQGWB5YUBXKJWYJA7OXTZW5LFLNO5JRRGE6Z6C5OSUZPCCEL, balance], data:CAAAAAAAAAAAAAAAAAAAAAAAAAAAAAAAAAAAAAAAAAAAAAAAAAAAHK3M
   7: [Diagnostic Event] topics:[fn_call, CAAAAAAAAAAAAAAAAAAAAAAAAAAAAAAAAAAAAAAAAAAAAAAAAAAAHK3M, deposit], data:[CAAAAAAAAAAAAAAAAAAAAAAAAAAAAAAAAAAAAAAAAAAAAAAAAAAAITA4, 11627]

Writing test snapshot file for test "prop_i8_transfer_shares" to "test_snapshots/prop_i8_transfer_shares.18.json".

thread 'prop_i8_transfer_shares' (3118483) panicked at /Users/igorfambonatti/.cargo/registry/src/index.crates.io-1949cf8c6b5b557f/soroban-env-host-26.1.3/src/host.rs:907:9:
HostError: Error(Contract, #7)

Event log (newest first):
   0: [Diagnostic Event] topics:[error, Error(Contract, #7)], data:"escalating error to panic"
   1: [Diagnostic Event] topics:[error, Error(Contract, #7)], data:["contract call failed", deposit, [CAAAAAAAAAAAAAAAAAAAAAAAAAAAAAAAAAAAAAAAAAAAAAAAAAAAITA4, 11627]]
   2: [Failed Diagnostic Event (not emitted)] contract:CAAAAAAAAAAAAAAAAAAAAAAAAAAAAAAAAAAAAAAAAAAAAAAAAAAAHK3M, topics:[error, Error(Contract, #7)], data:"caught error from function"
   3: [Failed Diagnostic Event (not emitted)] contract:CAAAAAAAAAAAAAAAAAAAAAAAAAAAAAAAAAAAAAAAAAAAAAAAAAAAHK3M, topics:[error, Error(Contract, #7)], data:"escalating error to panic"
   4: [Failed Diagnostic Event (not emitted)] contract:CAAAAAAAAAAAAAAAAAAAAAAAAAAAAAAAAAAAAAAAAAAAAAAAAAAAHK3M, topics:[error, Error(Contract, #7)], data:["failing with contract error", 7]
   5: [Failed Diagnostic Event (not emitted)] contract:CBEPDNVYXQGWB5YUBXKJWYJA7OXTZW5LFLNO5JRRGE6Z6C5OSUZPCCEL, topics:[fn_return, balance], data:22
   6: [Failed Diagnostic Event (not emitted)] contract:CAAAAAAAAAAAAAAAAAAAAAAAAAAAAAAAAAAAAAAAAAAAAAAAAAAAHK3M, topics:[fn_call, CBEPDNVYXQGWB5YUBXKJWYJA7OXTZW5LFLNO5JRRGE6Z6C5OSUZPCCEL, balance], data:CAAAAAAAAAAAAAAAAAAAAAAAAAAAAAAAAAAAAAAAAAAAAAAAAAAAHK3M
   7: [Diagnostic Event] topics:[fn_call, CAAAAAAAAAAAAAAAAAAAAAAAAAAAAAAAAAAAAAAAAAAAAAAAAAAAHK3M, deposit], data:[CAAAAAAAAAAAAAAAAAAAAAAAAAAAAAAAAAAAAAAAAAAAAAAAAAAAITA4, 11627]

Writing test snapshot file for test "prop_i8_transfer_shares" to "test_snapshots/prop_i8_transfer_shares.19.json".

thread 'prop_i8_transfer_shares' (3118483) panicked at /Users/igorfambonatti/.cargo/registry/src/index.crates.io-1949cf8c6b5b557f/soroban-env-host-26.1.3/src/host.rs:907:9:
HostError: Error(Contract, #7)

Event log (newest first):
   0: [Diagnostic Event] topics:[error, Error(Contract, #7)], data:"escalating error to panic"
   1: [Diagnostic Event] topics:[error, Error(Contract, #7)], data:["contract call failed", deposit, [CAAAAAAAAAAAAAAAAAAAAAAAAAAAAAAAAAAAAAAAAAAAAAAAAAAAITA4, 11627]]
   2: [Failed Diagnostic Event (not emitted)] contract:CAAAAAAAAAAAAAAAAAAAAAAAAAAAAAAAAAAAAAAAAAAAAAAAAAAAHK3M, topics:[error, Error(Contract, #7)], data:"caught error from function"
   3: [Failed Diagnostic Event (not emitted)] contract:CAAAAAAAAAAAAAAAAAAAAAAAAAAAAAAAAAAAAAAAAAAAAAAAAAAAHK3M, topics:[error, Error(Contract, #7)], data:"escalating error to panic"
   4: [Failed Diagnostic Event (not emitted)] contract:CAAAAAAAAAAAAAAAAAAAAAAAAAAAAAAAAAAAAAAAAAAAAAAAAAAAHK3M, topics:[error, Error(Contract, #7)], data:["failing with contract error", 7]
   5: [Failed Diagnostic Event (not emitted)] contract:CBEPDNVYXQGWB5YUBXKJWYJA7OXTZW5LFLNO5JRRGE6Z6C5OSUZPCCEL, topics:[fn_return, balance], data:11
   6: [Failed Diagnostic Event (not emitted)] contract:CAAAAAAAAAAAAAAAAAAAAAAAAAAAAAAAAAAAAAAAAAAAAAAAAAAAHK3M, topics:[fn_call, CBEPDNVYXQGWB5YUBXKJWYJA7OXTZW5LFLNO5JRRGE6Z6C5OSUZPCCEL, balance], data:CAAAAAAAAAAAAAAAAAAAAAAAAAAAAAAAAAAAAAAAAAAAAAAAAAAAHK3M
   7: [Diagnostic Event] topics:[fn_call, CAAAAAAAAAAAAAAAAAAAAAAAAAAAAAAAAAAAAAAAAAAAAAAAAAAAHK3M, deposit], data:[CAAAAAAAAAAAAAAAAAAAAAAAAAAAAAAAAAAAAAAAAAAAAAAAAAAAITA4, 11627]

Writing test snapshot file for test "prop_i8_transfer_shares" to "test_snapshots/prop_i8_transfer_shares.20.json".

thread 'prop_i8_transfer_shares' (3118483) panicked at /Users/igorfambonatti/.cargo/registry/src/index.crates.io-1949cf8c6b5b557f/soroban-env-host-26.1.3/src/host.rs:907:9:
HostError: Error(Contract, #7)

Event log (newest first):
   0: [Diagnostic Event] topics:[error, Error(Contract, #7)], data:"escalating error to panic"
   1: [Diagnostic Event] topics:[error, Error(Contract, #7)], data:["contract call failed", deposit, [CAAAAAAAAAAAAAAAAAAAAAAAAAAAAAAAAAAAAAAAAAAAAAAAAAAAITA4, 11627]]
   2: [Failed Diagnostic Event (not emitted)] contract:CAAAAAAAAAAAAAAAAAAAAAAAAAAAAAAAAAAAAAAAAAAAAAAAAAAAHK3M, topics:[error, Error(Contract, #7)], data:"caught error from function"
   3: [Failed Diagnostic Event (not emitted)] contract:CAAAAAAAAAAAAAAAAAAAAAAAAAAAAAAAAAAAAAAAAAAAAAAAAAAAHK3M, topics:[error, Error(Contract, #7)], data:"escalating error to panic"
   4: [Failed Diagnostic Event (not emitted)] contract:CAAAAAAAAAAAAAAAAAAAAAAAAAAAAAAAAAAAAAAAAAAAAAAAAAAAHK3M, topics:[error, Error(Contract, #7)], data:["failing with contract error", 7]
   5: [Failed Diagnostic Event (not emitted)] contract:CBEPDNVYXQGWB5YUBXKJWYJA7OXTZW5LFLNO5JRRGE6Z6C5OSUZPCCEL, topics:[fn_return, balance], data:6
   6: [Failed Diagnostic Event (not emitted)] contract:CAAAAAAAAAAAAAAAAAAAAAAAAAAAAAAAAAAAAAAAAAAAAAAAAAAAHK3M, topics:[fn_call, CBEPDNVYXQGWB5YUBXKJWYJA7OXTZW5LFLNO5JRRGE6Z6C5OSUZPCCEL, balance], data:CAAAAAAAAAAAAAAAAAAAAAAAAAAAAAAAAAAAAAAAAAAAAAAAAAAAHK3M
   7: [Diagnostic Event] topics:[fn_call, CAAAAAAAAAAAAAAAAAAAAAAAAAAAAAAAAAAAAAAAAAAAAAAAAAAAHK3M, deposit], data:[CAAAAAAAAAAAAAAAAAAAAAAAAAAAAAAAAAAAAAAAAAAAAAAAAAAAITA4, 11627]

Writing test snapshot file for test "prop_i8_transfer_shares" to "test_snapshots/prop_i8_transfer_shares.21.json".

thread 'prop_i8_transfer_shares' (3118483) panicked at /Users/igorfambonatti/.cargo/registry/src/index.crates.io-1949cf8c6b5b557f/soroban-env-host-26.1.3/src/host.rs:907:9:
HostError: Error(Contract, #7)

Event log (newest first):
   0: [Diagnostic Event] topics:[error, Error(Contract, #7)], data:"escalating error to panic"
   1: [Diagnostic Event] topics:[error, Error(Contract, #7)], data:["contract call failed", deposit, [CAAAAAAAAAAAAAAAAAAAAAAAAAAAAAAAAAAAAAAAAAAAAAAAAAAAITA4, 11627]]
   2: [Failed Diagnostic Event (not emitted)] contract:CAAAAAAAAAAAAAAAAAAAAAAAAAAAAAAAAAAAAAAAAAAAAAAAAAAAHK3M, topics:[error, Error(Contract, #7)], data:"caught error from function"
   3: [Failed Diagnostic Event (not emitted)] contract:CAAAAAAAAAAAAAAAAAAAAAAAAAAAAAAAAAAAAAAAAAAAAAAAAAAAHK3M, topics:[error, Error(Contract, #7)], data:"escalating error to panic"
   4: [Failed Diagnostic Event (not emitted)] contract:CAAAAAAAAAAAAAAAAAAAAAAAAAAAAAAAAAAAAAAAAAAAAAAAAAAAHK3M, topics:[error, Error(Contract, #7)], data:["failing with contract error", 7]
   5: [Failed Diagnostic Event (not emitted)] contract:CBEPDNVYXQGWB5YUBXKJWYJA7OXTZW5LFLNO5JRRGE6Z6C5OSUZPCCEL, topics:[fn_return, balance], data:3
   6: [Failed Diagnostic Event (not emitted)] contract:CAAAAAAAAAAAAAAAAAAAAAAAAAAAAAAAAAAAAAAAAAAAAAAAAAAAHK3M, topics:[fn_call, CBEPDNVYXQGWB5YUBXKJWYJA7OXTZW5LFLNO5JRRGE6Z6C5OSUZPCCEL, balance], data:CAAAAAAAAAAAAAAAAAAAAAAAAAAAAAAAAAAAAAAAAAAAAAAAAAAAHK3M
   7: [Diagnostic Event] topics:[fn_call, CAAAAAAAAAAAAAAAAAAAAAAAAAAAAAAAAAAAAAAAAAAAAAAAAAAAHK3M, deposit], data:[CAAAAAAAAAAAAAAAAAAAAAAAAAAAAAAAAAAAAAAAAAAAAAAAAAAAITA4, 11627]

Writing test snapshot file for test "prop_i8_transfer_shares" to "test_snapshots/prop_i8_transfer_shares.22.json".

thread 'prop_i8_transfer_shares' (3118483) panicked at /Users/igorfambonatti/.cargo/registry/src/index.crates.io-1949cf8c6b5b557f/soroban-env-host-26.1.3/src/host.rs:907:9:
HostError: Error(Contract, #7)

Event log (newest first):
   0: [Diagnostic Event] topics:[error, Error(Contract, #7)], data:"escalating error to panic"
   1: [Diagnostic Event] topics:[error, Error(Contract, #7)], data:["contract call failed", deposit, [CAAAAAAAAAAAAAAAAAAAAAAAAAAAAAAAAAAAAAAAAAAAAAAAAAAAITA4, 11627]]
   2: [Failed Diagnostic Event (not emitted)] contract:CAAAAAAAAAAAAAAAAAAAAAAAAAAAAAAAAAAAAAAAAAAAAAAAAAAAHK3M, topics:[error, Error(Contract, #7)], data:"caught error from function"
   3: [Failed Diagnostic Event (not emitted)] contract:CAAAAAAAAAAAAAAAAAAAAAAAAAAAAAAAAAAAAAAAAAAAAAAAAAAAHK3M, topics:[error, Error(Contract, #7)], data:"escalating error to panic"
   4: [Failed Diagnostic Event (not emitted)] contract:CAAAAAAAAAAAAAAAAAAAAAAAAAAAAAAAAAAAAAAAAAAAAAAAAAAAHK3M, topics:[error, Error(Contract, #7)], data:["failing with contract error", 7]
   5: [Failed Diagnostic Event (not emitted)] contract:CBEPDNVYXQGWB5YUBXKJWYJA7OXTZW5LFLNO5JRRGE6Z6C5OSUZPCCEL, topics:[fn_return, balance], data:2
   6: [Failed Diagnostic Event (not emitted)] contract:CAAAAAAAAAAAAAAAAAAAAAAAAAAAAAAAAAAAAAAAAAAAAAAAAAAAHK3M, topics:[fn_call, CBEPDNVYXQGWB5YUBXKJWYJA7OXTZW5LFLNO5JRRGE6Z6C5OSUZPCCEL, balance], data:CAAAAAAAAAAAAAAAAAAAAAAAAAAAAAAAAAAAAAAAAAAAAAAAAAAAHK3M
   7: [Diagnostic Event] topics:[fn_call, CAAAAAAAAAAAAAAAAAAAAAAAAAAAAAAAAAAAAAAAAAAAAAAAAAAAHK3M, deposit], data:[CAAAAAAAAAAAAAAAAAAAAAAAAAAAAAAAAAAAAAAAAAAAAAAAAAAAITA4, 11627]

Writing test snapshot file for test "prop_i8_transfer_shares" to "test_snapshots/prop_i8_transfer_shares.23.json".

thread 'prop_i8_transfer_shares' (3118483) panicked at /Users/igorfambonatti/.cargo/registry/src/index.crates.io-1949cf8c6b5b557f/soroban-env-host-26.1.3/src/host.rs:907:9:
HostError: Error(Contract, #7)

Event log (newest first):
   0: [Diagnostic Event] topics:[error, Error(Contract, #7)], data:"escalating error to panic"
   1: [Diagnostic Event] topics:[error, Error(Contract, #7)], data:["contract call failed", deposit, [CAAAAAAAAAAAAAAAAAAAAAAAAAAAAAAAAAAAAAAAAAAAAAAAAAAAITA4, 11627]]
   2: [Failed Diagnostic Event (not emitted)] contract:CAAAAAAAAAAAAAAAAAAAAAAAAAAAAAAAAAAAAAAAAAAAAAAAAAAAHK3M, topics:[error, Error(Contract, #7)], data:"caught error from function"
   3: [Failed Diagnostic Event (not emitted)] contract:CAAAAAAAAAAAAAAAAAAAAAAAAAAAAAAAAAAAAAAAAAAAAAAAAAAAHK3M, topics:[error, Error(Contract, #7)], data:"escalating error to panic"
   4: [Failed Diagnostic Event (not emitted)] contract:CAAAAAAAAAAAAAAAAAAAAAAAAAAAAAAAAAAAAAAAAAAAAAAAAAAAHK3M, topics:[error, Error(Contract, #7)], data:["failing with contract error", 7]
   5: [Failed Diagnostic Event (not emitted)] contract:CBEPDNVYXQGWB5YUBXKJWYJA7OXTZW5LFLNO5JRRGE6Z6C5OSUZPCCEL, topics:[fn_return, balance], data:1
   6: [Failed Diagnostic Event (not emitted)] contract:CAAAAAAAAAAAAAAAAAAAAAAAAAAAAAAAAAAAAAAAAAAAAAAAAAAAHK3M, topics:[fn_call, CBEPDNVYXQGWB5YUBXKJWYJA7OXTZW5LFLNO5JRRGE6Z6C5OSUZPCCEL, balance], data:CAAAAAAAAAAAAAAAAAAAAAAAAAAAAAAAAAAAAAAAAAAAAAAAAAAAHK3M
   7: [Diagnostic Event] topics:[fn_call, CAAAAAAAAAAAAAAAAAAAAAAAAAAAAAAAAAAAAAAAAAAAAAAAAAAAHK3M, deposit], data:[CAAAAAAAAAAAAAAAAAAAAAAAAAAAAAAAAAAAAAAAAAAAAAAAAAAAITA4, 11627]

Writing test snapshot file for test "prop_i8_transfer_shares" to "test_snapshots/prop_i8_transfer_shares.24.json".

thread 'prop_i8_transfer_shares' (3118483) panicked at /Users/igorfambonatti/.cargo/registry/src/index.crates.io-1949cf8c6b5b557f/soroban-env-host-26.1.3/src/host.rs:907:9:
HostError: Error(Contract, #7)

Event log (newest first):
   0: [Diagnostic Event] topics:[error, Error(Contract, #7)], data:"escalating error to panic"
   1: [Diagnostic Event] topics:[error, Error(Contract, #7)], data:["contract call failed", deposit, [CAAAAAAAAAAAAAAAAAAAAAAAAAAAAAAAAAAAAAAAAAAAAAAAAAAAITA4, 5814]]
   2: [Failed Diagnostic Event (not emitted)] contract:CAAAAAAAAAAAAAAAAAAAAAAAAAAAAAAAAAAAAAAAAAAAAAAAAAAAHK3M, topics:[error, Error(Contract, #7)], data:"caught error from function"
   3: [Failed Diagnostic Event (not emitted)] contract:CAAAAAAAAAAAAAAAAAAAAAAAAAAAAAAAAAAAAAAAAAAAAAAAAAAAHK3M, topics:[error, Error(Contract, #7)], data:"escalating error to panic"
   4: [Failed Diagnostic Event (not emitted)] contract:CAAAAAAAAAAAAAAAAAAAAAAAAAAAAAAAAAAAAAAAAAAAAAAAAAAAHK3M, topics:[error, Error(Contract, #7)], data:["failing with contract error", 7]
   5: [Failed Diagnostic Event (not emitted)] contract:CBEPDNVYXQGWB5YUBXKJWYJA7OXTZW5LFLNO5JRRGE6Z6C5OSUZPCCEL, topics:[fn_return, balance], data:1
   6: [Failed Diagnostic Event (not emitted)] contract:CAAAAAAAAAAAAAAAAAAAAAAAAAAAAAAAAAAAAAAAAAAAAAAAAAAAHK3M, topics:[fn_call, CBEPDNVYXQGWB5YUBXKJWYJA7OXTZW5LFLNO5JRRGE6Z6C5OSUZPCCEL, balance], data:CAAAAAAAAAAAAAAAAAAAAAAAAAAAAAAAAAAAAAAAAAAAAAAAAAAAHK3M
   7: [Diagnostic Event] topics:[fn_call, CAAAAAAAAAAAAAAAAAAAAAAAAAAAAAAAAAAAAAAAAAAAAAAAAAAAHK3M, deposit], data:[CAAAAAAAAAAAAAAAAAAAAAAAAAAAAAAAAAAAAAAAAAAAAAAAAAAAITA4, 5814]

Writing test snapshot file for test "prop_i8_transfer_shares" to "test_snapshots/prop_i8_transfer_shares.25.json".

thread 'prop_i8_transfer_shares' (3118483) panicked at /Users/igorfambonatti/.cargo/registry/src/index.crates.io-1949cf8c6b5b557f/soroban-env-host-26.1.3/src/host.rs:907:9:
HostError: Error(Contract, #7)

Event log (newest first):
   0: [Diagnostic Event] topics:[error, Error(Contract, #7)], data:"escalating error to panic"
   1: [Diagnostic Event] topics:[error, Error(Contract, #7)], data:["contract call failed", deposit, [CAAAAAAAAAAAAAAAAAAAAAAAAAAAAAAAAAAAAAAAAAAAAAAAAAAAITA4, 2907]]
   2: [Failed Diagnostic Event (not emitted)] contract:CAAAAAAAAAAAAAAAAAAAAAAAAAAAAAAAAAAAAAAAAAAAAAAAAAAAHK3M, topics:[error, Error(Contract, #7)], data:"caught error from function"
   3: [Failed Diagnostic Event (not emitted)] contract:CAAAAAAAAAAAAAAAAAAAAAAAAAAAAAAAAAAAAAAAAAAAAAAAAAAAHK3M, topics:[error, Error(Contract, #7)], data:"escalating error to panic"
   4: [Failed Diagnostic Event (not emitted)] contract:CAAAAAAAAAAAAAAAAAAAAAAAAAAAAAAAAAAAAAAAAAAAAAAAAAAAHK3M, topics:[error, Error(Contract, #7)], data:["failing with contract error", 7]
   5: [Failed Diagnostic Event (not emitted)] contract:CBEPDNVYXQGWB5YUBXKJWYJA7OXTZW5LFLNO5JRRGE6Z6C5OSUZPCCEL, topics:[fn_return, balance], data:1
   6: [Failed Diagnostic Event (not emitted)] contract:CAAAAAAAAAAAAAAAAAAAAAAAAAAAAAAAAAAAAAAAAAAAAAAAAAAAHK3M, topics:[fn_call, CBEPDNVYXQGWB5YUBXKJWYJA7OXTZW5LFLNO5JRRGE6Z6C5OSUZPCCEL, balance], data:CAAAAAAAAAAAAAAAAAAAAAAAAAAAAAAAAAAAAAAAAAAAAAAAAAAAHK3M
   7: [Diagnostic Event] topics:[fn_call, CAAAAAAAAAAAAAAAAAAAAAAAAAAAAAAAAAAAAAAAAAAAAAAAAAAAHK3M, deposit], data:[CAAAAAAAAAAAAAAAAAAAAAAAAAAAAAAAAAAAAAAAAAAAAAAAAAAAITA4, 2907]

Writing test snapshot file for test "prop_i8_transfer_shares" to "test_snapshots/prop_i8_transfer_shares.26.json".

thread 'prop_i8_transfer_shares' (3118483) panicked at /Users/igorfambonatti/.cargo/registry/src/index.crates.io-1949cf8c6b5b557f/soroban-env-host-26.1.3/src/host.rs:907:9:
HostError: Error(Contract, #7)

Event log (newest first):
   0: [Diagnostic Event] topics:[error, Error(Contract, #7)], data:"escalating error to panic"
   1: [Diagnostic Event] topics:[error, Error(Contract, #7)], data:["contract call failed", deposit, [CAAAAAAAAAAAAAAAAAAAAAAAAAAAAAAAAAAAAAAAAAAAAAAAAAAAITA4, 1454]]
   2: [Failed Diagnostic Event (not emitted)] contract:CAAAAAAAAAAAAAAAAAAAAAAAAAAAAAAAAAAAAAAAAAAAAAAAAAAAHK3M, topics:[error, Error(Contract, #7)], data:"caught error from function"
   3: [Failed Diagnostic Event (not emitted)] contract:CAAAAAAAAAAAAAAAAAAAAAAAAAAAAAAAAAAAAAAAAAAAAAAAAAAAHK3M, topics:[error, Error(Contract, #7)], data:"escalating error to panic"
   4: [Failed Diagnostic Event (not emitted)] contract:CAAAAAAAAAAAAAAAAAAAAAAAAAAAAAAAAAAAAAAAAAAAAAAAAAAAHK3M, topics:[error, Error(Contract, #7)], data:["failing with contract error", 7]
   5: [Failed Diagnostic Event (not emitted)] contract:CBEPDNVYXQGWB5YUBXKJWYJA7OXTZW5LFLNO5JRRGE6Z6C5OSUZPCCEL, topics:[fn_return, balance], data:1
   6: [Failed Diagnostic Event (not emitted)] contract:CAAAAAAAAAAAAAAAAAAAAAAAAAAAAAAAAAAAAAAAAAAAAAAAAAAAHK3M, topics:[fn_call, CBEPDNVYXQGWB5YUBXKJWYJA7OXTZW5LFLNO5JRRGE6Z6C5OSUZPCCEL, balance], data:CAAAAAAAAAAAAAAAAAAAAAAAAAAAAAAAAAAAAAAAAAAAAAAAAAAAHK3M
   7: [Diagnostic Event] topics:[fn_call, CAAAAAAAAAAAAAAAAAAAAAAAAAAAAAAAAAAAAAAAAAAAAAAAAAAAHK3M, deposit], data:[CAAAAAAAAAAAAAAAAAAAAAAAAAAAAAAAAAAAAAAAAAAAAAAAAAAAITA4, 1454]

Writing test snapshot file for test "prop_i8_transfer_shares" to "test_snapshots/prop_i8_transfer_shares.27.json".

thread 'prop_i8_transfer_shares' (3118483) panicked at /Users/igorfambonatti/.cargo/registry/src/index.crates.io-1949cf8c6b5b557f/soroban-env-host-26.1.3/src/host.rs:907:9:
HostError: Error(Contract, #7)

Event log (newest first):
   0: [Diagnostic Event] topics:[error, Error(Contract, #7)], data:"escalating error to panic"
   1: [Diagnostic Event] topics:[error, Error(Contract, #7)], data:["contract call failed", deposit, [CAAAAAAAAAAAAAAAAAAAAAAAAAAAAAAAAAAAAAAAAAAAAAAAAAAAITA4, 727]]
   2: [Failed Diagnostic Event (not emitted)] contract:CAAAAAAAAAAAAAAAAAAAAAAAAAAAAAAAAAAAAAAAAAAAAAAAAAAAHK3M, topics:[error, Error(Contract, #7)], data:"caught error from function"
   3: [Failed Diagnostic Event (not emitted)] contract:CAAAAAAAAAAAAAAAAAAAAAAAAAAAAAAAAAAAAAAAAAAAAAAAAAAAHK3M, topics:[error, Error(Contract, #7)], data:"escalating error to panic"
   4: [Failed Diagnostic Event (not emitted)] contract:CAAAAAAAAAAAAAAAAAAAAAAAAAAAAAAAAAAAAAAAAAAAAAAAAAAAHK3M, topics:[error, Error(Contract, #7)], data:["failing with contract error", 7]
   5: [Failed Diagnostic Event (not emitted)] contract:CBEPDNVYXQGWB5YUBXKJWYJA7OXTZW5LFLNO5JRRGE6Z6C5OSUZPCCEL, topics:[fn_return, balance], data:1
   6: [Failed Diagnostic Event (not emitted)] contract:CAAAAAAAAAAAAAAAAAAAAAAAAAAAAAAAAAAAAAAAAAAAAAAAAAAAHK3M, topics:[fn_call, CBEPDNVYXQGWB5YUBXKJWYJA7OXTZW5LFLNO5JRRGE6Z6C5OSUZPCCEL, balance], data:CAAAAAAAAAAAAAAAAAAAAAAAAAAAAAAAAAAAAAAAAAAAAAAAAAAAHK3M
   7: [Diagnostic Event] topics:[fn_call, CAAAAAAAAAAAAAAAAAAAAAAAAAAAAAAAAAAAAAAAAAAAAAAAAAAAHK3M, deposit], data:[CAAAAAAAAAAAAAAAAAAAAAAAAAAAAAAAAAAAAAAAAAAAAAAAAAAAITA4, 727]

Writing test snapshot file for test "prop_i8_transfer_shares" to "test_snapshots/prop_i8_transfer_shares.28.json".

thread 'prop_i8_transfer_shares' (3118483) panicked at /Users/igorfambonatti/.cargo/registry/src/index.crates.io-1949cf8c6b5b557f/soroban-env-host-26.1.3/src/host.rs:907:9:
HostError: Error(Contract, #7)

Event log (newest first):
   0: [Diagnostic Event] topics:[error, Error(Contract, #7)], data:"escalating error to panic"
   1: [Diagnostic Event] topics:[error, Error(Contract, #7)], data:["contract call failed", deposit, [CAAAAAAAAAAAAAAAAAAAAAAAAAAAAAAAAAAAAAAAAAAAAAAAAAAAITA4, 364]]
   2: [Failed Diagnostic Event (not emitted)] contract:CAAAAAAAAAAAAAAAAAAAAAAAAAAAAAAAAAAAAAAAAAAAAAAAAAAAHK3M, topics:[error, Error(Contract, #7)], data:"caught error from function"
   3: [Failed Diagnostic Event (not emitted)] contract:CAAAAAAAAAAAAAAAAAAAAAAAAAAAAAAAAAAAAAAAAAAAAAAAAAAAHK3M, topics:[error, Error(Contract, #7)], data:"escalating error to panic"
   4: [Failed Diagnostic Event (not emitted)] contract:CAAAAAAAAAAAAAAAAAAAAAAAAAAAAAAAAAAAAAAAAAAAAAAAAAAAHK3M, topics:[error, Error(Contract, #7)], data:["failing with contract error", 7]
   5: [Failed Diagnostic Event (not emitted)] contract:CBEPDNVYXQGWB5YUBXKJWYJA7OXTZW5LFLNO5JRRGE6Z6C5OSUZPCCEL, topics:[fn_return, balance], data:1
   6: [Failed Diagnostic Event (not emitted)] contract:CAAAAAAAAAAAAAAAAAAAAAAAAAAAAAAAAAAAAAAAAAAAAAAAAAAAHK3M, topics:[fn_call, CBEPDNVYXQGWB5YUBXKJWYJA7OXTZW5LFLNO5JRRGE6Z6C5OSUZPCCEL, balance], data:CAAAAAAAAAAAAAAAAAAAAAAAAAAAAAAAAAAAAAAAAAAAAAAAAAAAHK3M
   7: [Diagnostic Event] topics:[fn_call, CAAAAAAAAAAAAAAAAAAAAAAAAAAAAAAAAAAAAAAAAAAAAAAAAAAAHK3M, deposit], data:[CAAAAAAAAAAAAAAAAAAAAAAAAAAAAAAAAAAAAAAAAAAAAAAAAAAAITA4, 364]

Writing test snapshot file for test "prop_i8_transfer_shares" to "test_snapshots/prop_i8_transfer_shares.29.json".

thread 'prop_i8_transfer_shares' (3118483) panicked at /Users/igorfambonatti/.cargo/registry/src/index.crates.io-1949cf8c6b5b557f/soroban-env-host-26.1.3/src/host.rs:907:9:
HostError: Error(Contract, #7)

Event log (newest first):
   0: [Diagnostic Event] topics:[error, Error(Contract, #7)], data:"escalating error to panic"
   1: [Diagnostic Event] topics:[error, Error(Contract, #7)], data:["contract call failed", deposit, [CAAAAAAAAAAAAAAAAAAAAAAAAAAAAAAAAAAAAAAAAAAAAAAAAAAAITA4, 182]]
   2: [Failed Diagnostic Event (not emitted)] contract:CAAAAAAAAAAAAAAAAAAAAAAAAAAAAAAAAAAAAAAAAAAAAAAAAAAAHK3M, topics:[error, Error(Contract, #7)], data:"caught error from function"
   3: [Failed Diagnostic Event (not emitted)] contract:CAAAAAAAAAAAAAAAAAAAAAAAAAAAAAAAAAAAAAAAAAAAAAAAAAAAHK3M, topics:[error, Error(Contract, #7)], data:"escalating error to panic"
   4: [Failed Diagnostic Event (not emitted)] contract:CAAAAAAAAAAAAAAAAAAAAAAAAAAAAAAAAAAAAAAAAAAAAAAAAAAAHK3M, topics:[error, Error(Contract, #7)], data:["failing with contract error", 7]
   5: [Failed Diagnostic Event (not emitted)] contract:CBEPDNVYXQGWB5YUBXKJWYJA7OXTZW5LFLNO5JRRGE6Z6C5OSUZPCCEL, topics:[fn_return, balance], data:1
   6: [Failed Diagnostic Event (not emitted)] contract:CAAAAAAAAAAAAAAAAAAAAAAAAAAAAAAAAAAAAAAAAAAAAAAAAAAAHK3M, topics:[fn_call, CBEPDNVYXQGWB5YUBXKJWYJA7OXTZW5LFLNO5JRRGE6Z6C5OSUZPCCEL, balance], data:CAAAAAAAAAAAAAAAAAAAAAAAAAAAAAAAAAAAAAAAAAAAAAAAAAAAHK3M
   7: [Diagnostic Event] topics:[fn_call, CAAAAAAAAAAAAAAAAAAAAAAAAAAAAAAAAAAAAAAAAAAAAAAAAAAAHK3M, deposit], data:[CAAAAAAAAAAAAAAAAAAAAAAAAAAAAAAAAAAAAAAAAAAAAAAAAAAAITA4, 182]

Writing test snapshot file for test "prop_i8_transfer_shares" to "test_snapshots/prop_i8_transfer_shares.30.json".

thread 'prop_i8_transfer_shares' (3118483) panicked at /Users/igorfambonatti/.cargo/registry/src/index.crates.io-1949cf8c6b5b557f/soroban-env-host-26.1.3/src/host.rs:907:9:
HostError: Error(Contract, #7)

Event log (newest first):
   0: [Diagnostic Event] topics:[error, Error(Contract, #7)], data:"escalating error to panic"
   1: [Diagnostic Event] topics:[error, Error(Contract, #7)], data:["contract call failed", deposit, [CAAAAAAAAAAAAAAAAAAAAAAAAAAAAAAAAAAAAAAAAAAAAAAAAAAAITA4, 91]]
   2: [Failed Diagnostic Event (not emitted)] contract:CAAAAAAAAAAAAAAAAAAAAAAAAAAAAAAAAAAAAAAAAAAAAAAAAAAAHK3M, topics:[error, Error(Contract, #7)], data:"caught error from function"
   3: [Failed Diagnostic Event (not emitted)] contract:CAAAAAAAAAAAAAAAAAAAAAAAAAAAAAAAAAAAAAAAAAAAAAAAAAAAHK3M, topics:[error, Error(Contract, #7)], data:"escalating error to panic"
   4: [Failed Diagnostic Event (not emitted)] contract:CAAAAAAAAAAAAAAAAAAAAAAAAAAAAAAAAAAAAAAAAAAAAAAAAAAAHK3M, topics:[error, Error(Contract, #7)], data:["failing with contract error", 7]
   5: [Failed Diagnostic Event (not emitted)] contract:CBEPDNVYXQGWB5YUBXKJWYJA7OXTZW5LFLNO5JRRGE6Z6C5OSUZPCCEL, topics:[fn_return, balance], data:1
   6: [Failed Diagnostic Event (not emitted)] contract:CAAAAAAAAAAAAAAAAAAAAAAAAAAAAAAAAAAAAAAAAAAAAAAAAAAAHK3M, topics:[fn_call, CBEPDNVYXQGWB5YUBXKJWYJA7OXTZW5LFLNO5JRRGE6Z6C5OSUZPCCEL, balance], data:CAAAAAAAAAAAAAAAAAAAAAAAAAAAAAAAAAAAAAAAAAAAAAAAAAAAHK3M
   7: [Diagnostic Event] topics:[fn_call, CAAAAAAAAAAAAAAAAAAAAAAAAAAAAAAAAAAAAAAAAAAAAAAAAAAAHK3M, deposit], data:[CAAAAAAAAAAAAAAAAAAAAAAAAAAAAAAAAAAAAAAAAAAAAAAAAAAAITA4, 91]

Writing test snapshot file for test "prop_i8_transfer_shares" to "test_snapshots/prop_i8_transfer_shares.31.json".

thread 'prop_i8_transfer_shares' (3118483) panicked at /Users/igorfambonatti/.cargo/registry/src/index.crates.io-1949cf8c6b5b557f/soroban-env-host-26.1.3/src/host.rs:907:9:
HostError: Error(Contract, #7)

Event log (newest first):
   0: [Diagnostic Event] topics:[error, Error(Contract, #7)], data:"escalating error to panic"
   1: [Diagnostic Event] topics:[error, Error(Contract, #7)], data:["contract call failed", deposit, [CAAAAAAAAAAAAAAAAAAAAAAAAAAAAAAAAAAAAAAAAAAAAAAAAAAAITA4, 46]]
   2: [Failed Diagnostic Event (not emitted)] contract:CAAAAAAAAAAAAAAAAAAAAAAAAAAAAAAAAAAAAAAAAAAAAAAAAAAAHK3M, topics:[error, Error(Contract, #7)], data:"caught error from function"
   3: [Failed Diagnostic Event (not emitted)] contract:CAAAAAAAAAAAAAAAAAAAAAAAAAAAAAAAAAAAAAAAAAAAAAAAAAAAHK3M, topics:[error, Error(Contract, #7)], data:"escalating error to panic"
   4: [Failed Diagnostic Event (not emitted)] contract:CAAAAAAAAAAAAAAAAAAAAAAAAAAAAAAAAAAAAAAAAAAAAAAAAAAAHK3M, topics:[error, Error(Contract, #7)], data:["failing with contract error", 7]
   5: [Failed Diagnostic Event (not emitted)] contract:CBEPDNVYXQGWB5YUBXKJWYJA7OXTZW5LFLNO5JRRGE6Z6C5OSUZPCCEL, topics:[fn_return, balance], data:1
   6: [Failed Diagnostic Event (not emitted)] contract:CAAAAAAAAAAAAAAAAAAAAAAAAAAAAAAAAAAAAAAAAAAAAAAAAAAAHK3M, topics:[fn_call, CBEPDNVYXQGWB5YUBXKJWYJA7OXTZW5LFLNO5JRRGE6Z6C5OSUZPCCEL, balance], data:CAAAAAAAAAAAAAAAAAAAAAAAAAAAAAAAAAAAAAAAAAAAAAAAAAAAHK3M
   7: [Diagnostic Event] topics:[fn_call, CAAAAAAAAAAAAAAAAAAAAAAAAAAAAAAAAAAAAAAAAAAAAAAAAAAAHK3M, deposit], data:[CAAAAAAAAAAAAAAAAAAAAAAAAAAAAAAAAAAAAAAAAAAAAAAAAAAAITA4, 46]

Writing test snapshot file for test "prop_i8_transfer_shares" to "test_snapshots/prop_i8_transfer_shares.32.json".

thread 'prop_i8_transfer_shares' (3118483) panicked at /Users/igorfambonatti/.cargo/registry/src/index.crates.io-1949cf8c6b5b557f/soroban-env-host-26.1.3/src/host.rs:907:9:
HostError: Error(Contract, #7)

Event log (newest first):
   0: [Diagnostic Event] topics:[error, Error(Contract, #7)], data:"escalating error to panic"
   1: [Diagnostic Event] topics:[error, Error(Contract, #7)], data:["contract call failed", deposit, [CAAAAAAAAAAAAAAAAAAAAAAAAAAAAAAAAAAAAAAAAAAAAAAAAAAAITA4, 23]]
   2: [Failed Diagnostic Event (not emitted)] contract:CAAAAAAAAAAAAAAAAAAAAAAAAAAAAAAAAAAAAAAAAAAAAAAAAAAAHK3M, topics:[error, Error(Contract, #7)], data:"caught error from function"
   3: [Failed Diagnostic Event (not emitted)] contract:CAAAAAAAAAAAAAAAAAAAAAAAAAAAAAAAAAAAAAAAAAAAAAAAAAAAHK3M, topics:[error, Error(Contract, #7)], data:"escalating error to panic"
   4: [Failed Diagnostic Event (not emitted)] contract:CAAAAAAAAAAAAAAAAAAAAAAAAAAAAAAAAAAAAAAAAAAAAAAAAAAAHK3M, topics:[error, Error(Contract, #7)], data:["failing with contract error", 7]
   5: [Failed Diagnostic Event (not emitted)] contract:CBEPDNVYXQGWB5YUBXKJWYJA7OXTZW5LFLNO5JRRGE6Z6C5OSUZPCCEL, topics:[fn_return, balance], data:1
   6: [Failed Diagnostic Event (not emitted)] contract:CAAAAAAAAAAAAAAAAAAAAAAAAAAAAAAAAAAAAAAAAAAAAAAAAAAAHK3M, topics:[fn_call, CBEPDNVYXQGWB5YUBXKJWYJA7OXTZW5LFLNO5JRRGE6Z6C5OSUZPCCEL, balance], data:CAAAAAAAAAAAAAAAAAAAAAAAAAAAAAAAAAAAAAAAAAAAAAAAAAAAHK3M
   7: [Diagnostic Event] topics:[fn_call, CAAAAAAAAAAAAAAAAAAAAAAAAAAAAAAAAAAAAAAAAAAAAAAAAAAAHK3M, deposit], data:[CAAAAAAAAAAAAAAAAAAAAAAAAAAAAAAAAAAAAAAAAAAAAAAAAAAAITA4, 23]

Writing test snapshot file for test "prop_i8_transfer_shares" to "test_snapshots/prop_i8_transfer_shares.33.json".

thread 'prop_i8_transfer_shares' (3118483) panicked at /Users/igorfambonatti/.cargo/registry/src/index.crates.io-1949cf8c6b5b557f/soroban-env-host-26.1.3/src/host.rs:907:9:
HostError: Error(Contract, #7)

Event log (newest first):
   0: [Diagnostic Event] topics:[error, Error(Contract, #7)], data:"escalating error to panic"
   1: [Diagnostic Event] topics:[error, Error(Contract, #7)], data:["contract call failed", deposit, [CAAAAAAAAAAAAAAAAAAAAAAAAAAAAAAAAAAAAAAAAAAAAAAAAAAAITA4, 12]]
   2: [Failed Diagnostic Event (not emitted)] contract:CAAAAAAAAAAAAAAAAAAAAAAAAAAAAAAAAAAAAAAAAAAAAAAAAAAAHK3M, topics:[error, Error(Contract, #7)], data:"caught error from function"
   3: [Failed Diagnostic Event (not emitted)] contract:CAAAAAAAAAAAAAAAAAAAAAAAAAAAAAAAAAAAAAAAAAAAAAAAAAAAHK3M, topics:[error, Error(Contract, #7)], data:"escalating error to panic"
   4: [Failed Diagnostic Event (not emitted)] contract:CAAAAAAAAAAAAAAAAAAAAAAAAAAAAAAAAAAAAAAAAAAAAAAAAAAAHK3M, topics:[error, Error(Contract, #7)], data:["failing with contract error", 7]
   5: [Failed Diagnostic Event (not emitted)] contract:CBEPDNVYXQGWB5YUBXKJWYJA7OXTZW5LFLNO5JRRGE6Z6C5OSUZPCCEL, topics:[fn_return, balance], data:1
   6: [Failed Diagnostic Event (not emitted)] contract:CAAAAAAAAAAAAAAAAAAAAAAAAAAAAAAAAAAAAAAAAAAAAAAAAAAAHK3M, topics:[fn_call, CBEPDNVYXQGWB5YUBXKJWYJA7OXTZW5LFLNO5JRRGE6Z6C5OSUZPCCEL, balance], data:CAAAAAAAAAAAAAAAAAAAAAAAAAAAAAAAAAAAAAAAAAAAAAAAAAAAHK3M
   7: [Diagnostic Event] topics:[fn_call, CAAAAAAAAAAAAAAAAAAAAAAAAAAAAAAAAAAAAAAAAAAAAAAAAAAAHK3M, deposit], data:[CAAAAAAAAAAAAAAAAAAAAAAAAAAAAAAAAAAAAAAAAAAAAAAAAAAAITA4, 12]

Writing test snapshot file for test "prop_i8_transfer_shares" to "test_snapshots/prop_i8_transfer_shares.34.json".

thread 'prop_i8_transfer_shares' (3118483) panicked at /Users/igorfambonatti/.cargo/registry/src/index.crates.io-1949cf8c6b5b557f/soroban-env-host-26.1.3/src/host.rs:907:9:
HostError: Error(Contract, #7)

Event log (newest first):
   0: [Diagnostic Event] topics:[error, Error(Contract, #7)], data:"escalating error to panic"
   1: [Diagnostic Event] topics:[error, Error(Contract, #7)], data:["contract call failed", deposit, [CAAAAAAAAAAAAAAAAAAAAAAAAAAAAAAAAAAAAAAAAAAAAAAAAAAAITA4, 6]]
   2: [Failed Diagnostic Event (not emitted)] contract:CAAAAAAAAAAAAAAAAAAAAAAAAAAAAAAAAAAAAAAAAAAAAAAAAAAAHK3M, topics:[error, Error(Contract, #7)], data:"caught error from function"
   3: [Failed Diagnostic Event (not emitted)] contract:CAAAAAAAAAAAAAAAAAAAAAAAAAAAAAAAAAAAAAAAAAAAAAAAAAAAHK3M, topics:[error, Error(Contract, #7)], data:"escalating error to panic"
   4: [Failed Diagnostic Event (not emitted)] contract:CAAAAAAAAAAAAAAAAAAAAAAAAAAAAAAAAAAAAAAAAAAAAAAAAAAAHK3M, topics:[error, Error(Contract, #7)], data:["failing with contract error", 7]
   5: [Failed Diagnostic Event (not emitted)] contract:CBEPDNVYXQGWB5YUBXKJWYJA7OXTZW5LFLNO5JRRGE6Z6C5OSUZPCCEL, topics:[fn_return, balance], data:1
   6: [Failed Diagnostic Event (not emitted)] contract:CAAAAAAAAAAAAAAAAAAAAAAAAAAAAAAAAAAAAAAAAAAAAAAAAAAAHK3M, topics:[fn_call, CBEPDNVYXQGWB5YUBXKJWYJA7OXTZW5LFLNO5JRRGE6Z6C5OSUZPCCEL, balance], data:CAAAAAAAAAAAAAAAAAAAAAAAAAAAAAAAAAAAAAAAAAAAAAAAAAAAHK3M
   7: [Diagnostic Event] topics:[fn_call, CAAAAAAAAAAAAAAAAAAAAAAAAAAAAAAAAAAAAAAAAAAAAAAAAAAAHK3M, deposit], data:[CAAAAAAAAAAAAAAAAAAAAAAAAAAAAAAAAAAAAAAAAAAAAAAAAAAAITA4, 6]

Writing test snapshot file for test "prop_i8_transfer_shares" to "test_snapshots/prop_i8_transfer_shares.35.json".

thread 'prop_i8_transfer_shares' (3118483) panicked at /Users/igorfambonatti/.cargo/registry/src/index.crates.io-1949cf8c6b5b557f/soroban-env-host-26.1.3/src/host.rs:907:9:
HostError: Error(Contract, #7)

Event log (newest first):
   0: [Diagnostic Event] topics:[error, Error(Contract, #7)], data:"escalating error to panic"
   1: [Diagnostic Event] topics:[error, Error(Contract, #7)], data:["contract call failed", deposit, [CAAAAAAAAAAAAAAAAAAAAAAAAAAAAAAAAAAAAAAAAAAAAAAAAAAAITA4, 3]]
   2: [Failed Diagnostic Event (not emitted)] contract:CAAAAAAAAAAAAAAAAAAAAAAAAAAAAAAAAAAAAAAAAAAAAAAAAAAAHK3M, topics:[error, Error(Contract, #7)], data:"caught error from function"
   3: [Failed Diagnostic Event (not emitted)] contract:CAAAAAAAAAAAAAAAAAAAAAAAAAAAAAAAAAAAAAAAAAAAAAAAAAAAHK3M, topics:[error, Error(Contract, #7)], data:"escalating error to panic"
   4: [Failed Diagnostic Event (not emitted)] contract:CAAAAAAAAAAAAAAAAAAAAAAAAAAAAAAAAAAAAAAAAAAAAAAAAAAAHK3M, topics:[error, Error(Contract, #7)], data:["failing with contract error", 7]
   5: [Failed Diagnostic Event (not emitted)] contract:CBEPDNVYXQGWB5YUBXKJWYJA7OXTZW5LFLNO5JRRGE6Z6C5OSUZPCCEL, topics:[fn_return, balance], data:1
   6: [Failed Diagnostic Event (not emitted)] contract:CAAAAAAAAAAAAAAAAAAAAAAAAAAAAAAAAAAAAAAAAAAAAAAAAAAAHK3M, topics:[fn_call, CBEPDNVYXQGWB5YUBXKJWYJA7OXTZW5LFLNO5JRRGE6Z6C5OSUZPCCEL, balance], data:CAAAAAAAAAAAAAAAAAAAAAAAAAAAAAAAAAAAAAAAAAAAAAAAAAAAHK3M
   7: [Diagnostic Event] topics:[fn_call, CAAAAAAAAAAAAAAAAAAAAAAAAAAAAAAAAAAAAAAAAAAAAAAAAAAAHK3M, deposit], data:[CAAAAAAAAAAAAAAAAAAAAAAAAAAAAAAAAAAAAAAAAAAAAAAAAAAAITA4, 3]

Writing test snapshot file for test "prop_i8_transfer_shares" to "test_snapshots/prop_i8_transfer_shares.36.json".

thread 'prop_i8_transfer_shares' (3118483) panicked at /Users/igorfambonatti/.cargo/registry/src/index.crates.io-1949cf8c6b5b557f/soroban-env-host-26.1.3/src/host.rs:907:9:
HostError: Error(Contract, #7)

Event log (newest first):
   0: [Diagnostic Event] topics:[error, Error(Contract, #7)], data:"escalating error to panic"
   1: [Diagnostic Event] topics:[error, Error(Contract, #7)], data:["contract call failed", deposit, [CAAAAAAAAAAAAAAAAAAAAAAAAAAAAAAAAAAAAAAAAAAAAAAAAAAAITA4, 2]]
   2: [Failed Diagnostic Event (not emitted)] contract:CAAAAAAAAAAAAAAAAAAAAAAAAAAAAAAAAAAAAAAAAAAAAAAAAAAAHK3M, topics:[error, Error(Contract, #7)], data:"caught error from function"
   3: [Failed Diagnostic Event (not emitted)] contract:CAAAAAAAAAAAAAAAAAAAAAAAAAAAAAAAAAAAAAAAAAAAAAAAAAAAHK3M, topics:[error, Error(Contract, #7)], data:"escalating error to panic"
   4: [Failed Diagnostic Event (not emitted)] contract:CAAAAAAAAAAAAAAAAAAAAAAAAAAAAAAAAAAAAAAAAAAAAAAAAAAAHK3M, topics:[error, Error(Contract, #7)], data:["failing with contract error", 7]
   5: [Failed Diagnostic Event (not emitted)] contract:CBEPDNVYXQGWB5YUBXKJWYJA7OXTZW5LFLNO5JRRGE6Z6C5OSUZPCCEL, topics:[fn_return, balance], data:1
   6: [Failed Diagnostic Event (not emitted)] contract:CAAAAAAAAAAAAAAAAAAAAAAAAAAAAAAAAAAAAAAAAAAAAAAAAAAAHK3M, topics:[fn_call, CBEPDNVYXQGWB5YUBXKJWYJA7OXTZW5LFLNO5JRRGE6Z6C5OSUZPCCEL, balance], data:CAAAAAAAAAAAAAAAAAAAAAAAAAAAAAAAAAAAAAAAAAAAAAAAAAAAHK3M
   7: [Diagnostic Event] topics:[fn_call, CAAAAAAAAAAAAAAAAAAAAAAAAAAAAAAAAAAAAAAAAAAAAAAAAAAAHK3M, deposit], data:[CAAAAAAAAAAAAAAAAAAAAAAAAAAAAAAAAAAAAAAAAAAAAAAAAAAAITA4, 2]

Writing test snapshot file for test "prop_i8_transfer_shares" to "test_snapshots/prop_i8_transfer_shares.37.json".

thread 'prop_i8_transfer_shares' (3118483) panicked at /Users/igorfambonatti/.cargo/registry/src/index.crates.io-1949cf8c6b5b557f/soroban-env-host-26.1.3/src/host.rs:907:9:
HostError: Error(Contract, #7)

Event log (newest first):
   0: [Diagnostic Event] topics:[error, Error(Contract, #7)], data:"escalating error to panic"
   1: [Diagnostic Event] topics:[error, Error(Contract, #7)], data:["contract call failed", deposit, [CAAAAAAAAAAAAAAAAAAAAAAAAAAAAAAAAAAAAAAAAAAAAAAAAAAAITA4, 1]]
   2: [Failed Diagnostic Event (not emitted)] contract:CAAAAAAAAAAAAAAAAAAAAAAAAAAAAAAAAAAAAAAAAAAAAAAAAAAAHK3M, topics:[error, Error(Contract, #7)], data:"caught error from function"
   3: [Failed Diagnostic Event (not emitted)] contract:CAAAAAAAAAAAAAAAAAAAAAAAAAAAAAAAAAAAAAAAAAAAAAAAAAAAHK3M, topics:[error, Error(Contract, #7)], data:"escalating error to panic"
   4: [Failed Diagnostic Event (not emitted)] contract:CAAAAAAAAAAAAAAAAAAAAAAAAAAAAAAAAAAAAAAAAAAAAAAAAAAAHK3M, topics:[error, Error(Contract, #7)], data:["failing with contract error", 7]
   5: [Failed Diagnostic Event (not emitted)] contract:CBEPDNVYXQGWB5YUBXKJWYJA7OXTZW5LFLNO5JRRGE6Z6C5OSUZPCCEL, topics:[fn_return, balance], data:1
   6: [Failed Diagnostic Event (not emitted)] contract:CAAAAAAAAAAAAAAAAAAAAAAAAAAAAAAAAAAAAAAAAAAAAAAAAAAAHK3M, topics:[fn_call, CBEPDNVYXQGWB5YUBXKJWYJA7OXTZW5LFLNO5JRRGE6Z6C5OSUZPCCEL, balance], data:CAAAAAAAAAAAAAAAAAAAAAAAAAAAAAAAAAAAAAAAAAAAAAAAAAAAHK3M
   7: [Diagnostic Event] topics:[fn_call, CAAAAAAAAAAAAAAAAAAAAAAAAAAAAAAAAAAAAAAAAAAAAAAAAAAAHK3M, deposit], data:[CAAAAAAAAAAAAAAAAAAAAAAAAAAAAAAAAAAAAAAAAAAAAAAAAAAAITA4, 1]

Writing test snapshot file for test "prop_i8_transfer_shares" to "test_snapshots/prop_i8_transfer_shares.38.json".

thread 'prop_i8_transfer_shares' (3118483) panicked at /Users/igorfambonatti/.cargo/registry/src/index.crates.io-1949cf8c6b5b557f/soroban-env-host-26.1.3/src/host.rs:907:9:
HostError: Error(Contract, #7)

Event log (newest first):
   0: [Diagnostic Event] topics:[error, Error(Contract, #7)], data:"escalating error to panic"
   1: [Diagnostic Event] topics:[error, Error(Contract, #7)], data:["contract call failed", deposit, [CAAAAAAAAAAAAAAAAAAAAAAAAAAAAAAAAAAAAAAAAAAAAAAAAAAAITA4, 1]]
   2: [Failed Diagnostic Event (not emitted)] contract:CAAAAAAAAAAAAAAAAAAAAAAAAAAAAAAAAAAAAAAAAAAAAAAAAAAAHK3M, topics:[error, Error(Contract, #7)], data:"caught error from function"
   3: [Failed Diagnostic Event (not emitted)] contract:CAAAAAAAAAAAAAAAAAAAAAAAAAAAAAAAAAAAAAAAAAAAAAAAAAAAHK3M, topics:[error, Error(Contract, #7)], data:"escalating error to panic"
   4: [Failed Diagnostic Event (not emitted)] contract:CAAAAAAAAAAAAAAAAAAAAAAAAAAAAAAAAAAAAAAAAAAAAAAAAAAAHK3M, topics:[error, Error(Contract, #7)], data:["failing with contract error", 7]
   5: [Failed Diagnostic Event (not emitted)] contract:CBEPDNVYXQGWB5YUBXKJWYJA7OXTZW5LFLNO5JRRGE6Z6C5OSUZPCCEL, topics:[fn_return, balance], data:1
   6: [Failed Diagnostic Event (not emitted)] contract:CAAAAAAAAAAAAAAAAAAAAAAAAAAAAAAAAAAAAAAAAAAAAAAAAAAAHK3M, topics:[fn_call, CBEPDNVYXQGWB5YUBXKJWYJA7OXTZW5LFLNO5JRRGE6Z6C5OSUZPCCEL, balance], data:CAAAAAAAAAAAAAAAAAAAAAAAAAAAAAAAAAAAAAAAAAAAAAAAAAAAHK3M
   7: [Diagnostic Event] topics:[fn_call, CAAAAAAAAAAAAAAAAAAAAAAAAAAAAAAAAAAAAAAAAAAAAAAAAAAAHK3M, deposit], data:[CAAAAAAAAAAAAAAAAAAAAAAAAAAAAAAAAAAAAAAAAAAAAAAAAAAAITA4, 1]

Writing test snapshot file for test "prop_i8_transfer_shares" to "test_snapshots/prop_i8_transfer_shares.39.json".

thread 'prop_i8_transfer_shares' (3118483) panicked at /Users/igorfambonatti/.cargo/registry/src/index.crates.io-1949cf8c6b5b557f/soroban-env-host-26.1.3/src/host.rs:907:9:
HostError: Error(Contract, #7)

Event log (newest first):
   0: [Diagnostic Event] topics:[error, Error(Contract, #7)], data:"escalating error to panic"
   1: [Diagnostic Event] topics:[error, Error(Contract, #7)], data:["contract call failed", deposit, [CAAAAAAAAAAAAAAAAAAAAAAAAAAAAAAAAAAAAAAAAAAAAAAAAAAAITA4, 1]]
   2: [Failed Diagnostic Event (not emitted)] contract:CAAAAAAAAAAAAAAAAAAAAAAAAAAAAAAAAAAAAAAAAAAAAAAAAAAAHK3M, topics:[error, Error(Contract, #7)], data:"caught error from function"
   3: [Failed Diagnostic Event (not emitted)] contract:CAAAAAAAAAAAAAAAAAAAAAAAAAAAAAAAAAAAAAAAAAAAAAAAAAAAHK3M, topics:[error, Error(Contract, #7)], data:"escalating error to panic"
   4: [Failed Diagnostic Event (not emitted)] contract:CAAAAAAAAAAAAAAAAAAAAAAAAAAAAAAAAAAAAAAAAAAAAAAAAAAAHK3M, topics:[error, Error(Contract, #7)], data:["failing with contract error", 7]
   5: [Failed Diagnostic Event (not emitted)] contract:CBEPDNVYXQGWB5YUBXKJWYJA7OXTZW5LFLNO5JRRGE6Z6C5OSUZPCCEL, topics:[fn_return, balance], data:1
   6: [Failed Diagnostic Event (not emitted)] contract:CAAAAAAAAAAAAAAAAAAAAAAAAAAAAAAAAAAAAAAAAAAAAAAAAAAAHK3M, topics:[fn_call, CBEPDNVYXQGWB5YUBXKJWYJA7OXTZW5LFLNO5JRRGE6Z6C5OSUZPCCEL, balance], data:CAAAAAAAAAAAAAAAAAAAAAAAAAAAAAAAAAAAAAAAAAAAAAAAAAAAHK3M
   7: [Diagnostic Event] topics:[fn_call, CAAAAAAAAAAAAAAAAAAAAAAAAAAAAAAAAAAAAAAAAAAAAAAAAAAAHK3M, deposit], data:[CAAAAAAAAAAAAAAAAAAAAAAAAAAAAAAAAAAAAAAAAAAAAAAAAAAAITA4, 1]

Writing test snapshot file for test "prop_i8_transfer_shares" to "test_snapshots/prop_i8_transfer_shares.40.json".

thread 'prop_i8_transfer_shares' (3118483) panicked at /Users/igorfambonatti/.cargo/registry/src/index.crates.io-1949cf8c6b5b557f/soroban-env-host-26.1.3/src/host.rs:907:9:
HostError: Error(Contract, #7)

Event log (newest first):
   0: [Diagnostic Event] topics:[error, Error(Contract, #7)], data:"escalating error to panic"
   1: [Diagnostic Event] topics:[error, Error(Contract, #7)], data:["contract call failed", deposit, [CAAAAAAAAAAAAAAAAAAAAAAAAAAAAAAAAAAAAAAAAAAAAAAAAAAAITA4, 1]]
   2: [Failed Diagnostic Event (not emitted)] contract:CAAAAAAAAAAAAAAAAAAAAAAAAAAAAAAAAAAAAAAAAAAAAAAAAAAAHK3M, topics:[error, Error(Contract, #7)], data:"caught error from function"
   3: [Failed Diagnostic Event (not emitted)] contract:CAAAAAAAAAAAAAAAAAAAAAAAAAAAAAAAAAAAAAAAAAAAAAAAAAAAHK3M, topics:[error, Error(Contract, #7)], data:"escalating error to panic"
   4: [Failed Diagnostic Event (not emitted)] contract:CAAAAAAAAAAAAAAAAAAAAAAAAAAAAAAAAAAAAAAAAAAAAAAAAAAAHK3M, topics:[error, Error(Contract, #7)], data:["failing with contract error", 7]
   5: [Failed Diagnostic Event (not emitted)] contract:CBEPDNVYXQGWB5YUBXKJWYJA7OXTZW5LFLNO5JRRGE6Z6C5OSUZPCCEL, topics:[fn_return, balance], data:1
   6: [Failed Diagnostic Event (not emitted)] contract:CAAAAAAAAAAAAAAAAAAAAAAAAAAAAAAAAAAAAAAAAAAAAAAAAAAAHK3M, topics:[fn_call, CBEPDNVYXQGWB5YUBXKJWYJA7OXTZW5LFLNO5JRRGE6Z6C5OSUZPCCEL, balance], data:CAAAAAAAAAAAAAAAAAAAAAAAAAAAAAAAAAAAAAAAAAAAAAAAAAAAHK3M
   7: [Diagnostic Event] topics:[fn_call, CAAAAAAAAAAAAAAAAAAAAAAAAAAAAAAAAAAAAAAAAAAAAAAAAAAAHK3M, deposit], data:[CAAAAAAAAAAAAAAAAAAAAAAAAAAAAAAAAAAAAAAAAAAAAAAAAAAAITA4, 1]

Writing test snapshot file for test "prop_i8_transfer_shares" to "test_snapshots/prop_i8_transfer_shares.41.json".

thread 'prop_i8_transfer_shares' (3118483) panicked at /Users/igorfambonatti/.cargo/registry/src/index.crates.io-1949cf8c6b5b557f/soroban-env-host-26.1.3/src/host.rs:907:9:
HostError: Error(Contract, #7)

Event log (newest first):
   0: [Diagnostic Event] topics:[error, Error(Contract, #7)], data:"escalating error to panic"
   1: [Diagnostic Event] topics:[error, Error(Contract, #7)], data:["contract call failed", deposit, [CAAAAAAAAAAAAAAAAAAAAAAAAAAAAAAAAAAAAAAAAAAAAAAAAAAAITA4, 1]]
   2: [Failed Diagnostic Event (not emitted)] contract:CAAAAAAAAAAAAAAAAAAAAAAAAAAAAAAAAAAAAAAAAAAAAAAAAAAAHK3M, topics:[error, Error(Contract, #7)], data:"caught error from function"
   3: [Failed Diagnostic Event (not emitted)] contract:CAAAAAAAAAAAAAAAAAAAAAAAAAAAAAAAAAAAAAAAAAAAAAAAAAAAHK3M, topics:[error, Error(Contract, #7)], data:"escalating error to panic"
   4: [Failed Diagnostic Event (not emitted)] contract:CAAAAAAAAAAAAAAAAAAAAAAAAAAAAAAAAAAAAAAAAAAAAAAAAAAAHK3M, topics:[error, Error(Contract, #7)], data:["failing with contract error", 7]
   5: [Failed Diagnostic Event (not emitted)] contract:CBEPDNVYXQGWB5YUBXKJWYJA7OXTZW5LFLNO5JRRGE6Z6C5OSUZPCCEL, topics:[fn_return, balance], data:1
   6: [Failed Diagnostic Event (not emitted)] contract:CAAAAAAAAAAAAAAAAAAAAAAAAAAAAAAAAAAAAAAAAAAAAAAAAAAAHK3M, topics:[fn_call, CBEPDNVYXQGWB5YUBXKJWYJA7OXTZW5LFLNO5JRRGE6Z6C5OSUZPCCEL, balance], data:CAAAAAAAAAAAAAAAAAAAAAAAAAAAAAAAAAAAAAAAAAAAAAAAAAAAHK3M
   7: [Diagnostic Event] topics:[fn_call, CAAAAAAAAAAAAAAAAAAAAAAAAAAAAAAAAAAAAAAAAAAAAAAAAAAAHK3M, deposit], data:[CAAAAAAAAAAAAAAAAAAAAAAAAAAAAAAAAAAAAAAAAAAAAAAAAAAAITA4, 1]

Writing test snapshot file for test "prop_i8_transfer_shares" to "test_snapshots/prop_i8_transfer_shares.42.json".

thread 'prop_i8_transfer_shares' (3118483) panicked at /Users/igorfambonatti/.cargo/registry/src/index.crates.io-1949cf8c6b5b557f/soroban-env-host-26.1.3/src/host.rs:907:9:
HostError: Error(Contract, #7)

Event log (newest first):
   0: [Diagnostic Event] topics:[error, Error(Contract, #7)], data:"escalating error to panic"
   1: [Diagnostic Event] topics:[error, Error(Contract, #7)], data:["contract call failed", deposit, [CAAAAAAAAAAAAAAAAAAAAAAAAAAAAAAAAAAAAAAAAAAAAAAAAAAAITA4, 1]]
   2: [Failed Diagnostic Event (not emitted)] contract:CAAAAAAAAAAAAAAAAAAAAAAAAAAAAAAAAAAAAAAAAAAAAAAAAAAAHK3M, topics:[error, Error(Contract, #7)], data:"caught error from function"
   3: [Failed Diagnostic Event (not emitted)] contract:CAAAAAAAAAAAAAAAAAAAAAAAAAAAAAAAAAAAAAAAAAAAAAAAAAAAHK3M, topics:[error, Error(Contract, #7)], data:"escalating error to panic"
   4: [Failed Diagnostic Event (not emitted)] contract:CAAAAAAAAAAAAAAAAAAAAAAAAAAAAAAAAAAAAAAAAAAAAAAAAAAAHK3M, topics:[error, Error(Contract, #7)], data:["failing with contract error", 7]
   5: [Failed Diagnostic Event (not emitted)] contract:CBEPDNVYXQGWB5YUBXKJWYJA7OXTZW5LFLNO5JRRGE6Z6C5OSUZPCCEL, topics:[fn_return, balance], data:1
   6: [Failed Diagnostic Event (not emitted)] contract:CAAAAAAAAAAAAAAAAAAAAAAAAAAAAAAAAAAAAAAAAAAAAAAAAAAAHK3M, topics:[fn_call, CBEPDNVYXQGWB5YUBXKJWYJA7OXTZW5LFLNO5JRRGE6Z6C5OSUZPCCEL, balance], data:CAAAAAAAAAAAAAAAAAAAAAAAAAAAAAAAAAAAAAAAAAAAAAAAAAAAHK3M
   7: [Diagnostic Event] topics:[fn_call, CAAAAAAAAAAAAAAAAAAAAAAAAAAAAAAAAAAAAAAAAAAAAAAAAAAAHK3M, deposit], data:[CAAAAAAAAAAAAAAAAAAAAAAAAAAAAAAAAAAAAAAAAAAAAAAAAAAAITA4, 1]

Writing test snapshot file for test "prop_i8_transfer_shares" to "test_snapshots/prop_i8_transfer_shares.43.json".

thread 'prop_i8_transfer_shares' (3118483) panicked at /Users/igorfambonatti/.cargo/registry/src/index.crates.io-1949cf8c6b5b557f/soroban-env-host-26.1.3/src/host.rs:907:9:
HostError: Error(Contract, #7)

Event log (newest first):
   0: [Diagnostic Event] topics:[error, Error(Contract, #7)], data:"escalating error to panic"
   1: [Diagnostic Event] topics:[error, Error(Contract, #7)], data:["contract call failed", deposit, [CAAAAAAAAAAAAAAAAAAAAAAAAAAAAAAAAAAAAAAAAAAAAAAAAAAAITA4, 1]]
   2: [Failed Diagnostic Event (not emitted)] contract:CAAAAAAAAAAAAAAAAAAAAAAAAAAAAAAAAAAAAAAAAAAAAAAAAAAAHK3M, topics:[error, Error(Contract, #7)], data:"caught error from function"
   3: [Failed Diagnostic Event (not emitted)] contract:CAAAAAAAAAAAAAAAAAAAAAAAAAAAAAAAAAAAAAAAAAAAAAAAAAAAHK3M, topics:[error, Error(Contract, #7)], data:"escalating error to panic"
   4: [Failed Diagnostic Event (not emitted)] contract:CAAAAAAAAAAAAAAAAAAAAAAAAAAAAAAAAAAAAAAAAAAAAAAAAAAAHK3M, topics:[error, Error(Contract, #7)], data:["failing with contract error", 7]
   5: [Failed Diagnostic Event (not emitted)] contract:CBEPDNVYXQGWB5YUBXKJWYJA7OXTZW5LFLNO5JRRGE6Z6C5OSUZPCCEL, topics:[fn_return, balance], data:1
   6: [Failed Diagnostic Event (not emitted)] contract:CAAAAAAAAAAAAAAAAAAAAAAAAAAAAAAAAAAAAAAAAAAAAAAAAAAAHK3M, topics:[fn_call, CBEPDNVYXQGWB5YUBXKJWYJA7OXTZW5LFLNO5JRRGE6Z6C5OSUZPCCEL, balance], data:CAAAAAAAAAAAAAAAAAAAAAAAAAAAAAAAAAAAAAAAAAAAAAAAAAAAHK3M
   7: [Diagnostic Event] topics:[fn_call, CAAAAAAAAAAAAAAAAAAAAAAAAAAAAAAAAAAAAAAAAAAAAAAAAAAAHK3M, deposit], data:[CAAAAAAAAAAAAAAAAAAAAAAAAAAAAAAAAAAAAAAAAAAAAAAAAAAAITA4, 1]

Writing test snapshot file for test "prop_i8_transfer_shares" to "test_snapshots/prop_i8_transfer_shares.44.json".

thread 'prop_i8_transfer_shares' (3118483) panicked at /Users/igorfambonatti/.cargo/registry/src/index.crates.io-1949cf8c6b5b557f/soroban-env-host-26.1.3/src/host.rs:907:9:
HostError: Error(Contract, #7)

Event log (newest first):
   0: [Diagnostic Event] topics:[error, Error(Contract, #7)], data:"escalating error to panic"
   1: [Diagnostic Event] topics:[error, Error(Contract, #7)], data:["contract call failed", deposit, [CAAAAAAAAAAAAAAAAAAAAAAAAAAAAAAAAAAAAAAAAAAAAAAAAAAAITA4, 1]]
   2: [Failed Diagnostic Event (not emitted)] contract:CAAAAAAAAAAAAAAAAAAAAAAAAAAAAAAAAAAAAAAAAAAAAAAAAAAAHK3M, topics:[error, Error(Contract, #7)], data:"caught error from function"
   3: [Failed Diagnostic Event (not emitted)] contract:CAAAAAAAAAAAAAAAAAAAAAAAAAAAAAAAAAAAAAAAAAAAAAAAAAAAHK3M, topics:[error, Error(Contract, #7)], data:"escalating error to panic"
   4: [Failed Diagnostic Event (not emitted)] contract:CAAAAAAAAAAAAAAAAAAAAAAAAAAAAAAAAAAAAAAAAAAAAAAAAAAAHK3M, topics:[error, Error(Contract, #7)], data:["failing with contract error", 7]
   5: [Failed Diagnostic Event (not emitted)] contract:CBEPDNVYXQGWB5YUBXKJWYJA7OXTZW5LFLNO5JRRGE6Z6C5OSUZPCCEL, topics:[fn_return, balance], data:1
   6: [Failed Diagnostic Event (not emitted)] contract:CAAAAAAAAAAAAAAAAAAAAAAAAAAAAAAAAAAAAAAAAAAAAAAAAAAAHK3M, topics:[fn_call, CBEPDNVYXQGWB5YUBXKJWYJA7OXTZW5LFLNO5JRRGE6Z6C5OSUZPCCEL, balance], data:CAAAAAAAAAAAAAAAAAAAAAAAAAAAAAAAAAAAAAAAAAAAAAAAAAAAHK3M
   7: [Diagnostic Event] topics:[fn_call, CAAAAAAAAAAAAAAAAAAAAAAAAAAAAAAAAAAAAAAAAAAAAAAAAAAAHK3M, deposit], data:[CAAAAAAAAAAAAAAAAAAAAAAAAAAAAAAAAAAAAAAAAAAAAAAAAAAAITA4, 1]

Writing test snapshot file for test "prop_i8_transfer_shares" to "test_snapshots/prop_i8_transfer_shares.45.json".

thread 'prop_i8_transfer_shares' (3118483) panicked at /Users/igorfambonatti/.cargo/registry/src/index.crates.io-1949cf8c6b5b557f/soroban-env-host-26.1.3/src/host.rs:907:9:
HostError: Error(Contract, #7)

Event log (newest first):
   0: [Diagnostic Event] topics:[error, Error(Contract, #7)], data:"escalating error to panic"
   1: [Diagnostic Event] topics:[error, Error(Contract, #7)], data:["contract call failed", deposit, [CAAAAAAAAAAAAAAAAAAAAAAAAAAAAAAAAAAAAAAAAAAAAAAAAAAAITA4, 1]]
   2: [Failed Diagnostic Event (not emitted)] contract:CAAAAAAAAAAAAAAAAAAAAAAAAAAAAAAAAAAAAAAAAAAAAAAAAAAAHK3M, topics:[error, Error(Contract, #7)], data:"caught error from function"
   3: [Failed Diagnostic Event (not emitted)] contract:CAAAAAAAAAAAAAAAAAAAAAAAAAAAAAAAAAAAAAAAAAAAAAAAAAAAHK3M, topics:[error, Error(Contract, #7)], data:"escalating error to panic"
   4: [Failed Diagnostic Event (not emitted)] contract:CAAAAAAAAAAAAAAAAAAAAAAAAAAAAAAAAAAAAAAAAAAAAAAAAAAAHK3M, topics:[error, Error(Contract, #7)], data:["failing with contract error", 7]
   5: [Failed Diagnostic Event (not emitted)] contract:CBEPDNVYXQGWB5YUBXKJWYJA7OXTZW5LFLNO5JRRGE6Z6C5OSUZPCCEL, topics:[fn_return, balance], data:1
   6: [Failed Diagnostic Event (not emitted)] contract:CAAAAAAAAAAAAAAAAAAAAAAAAAAAAAAAAAAAAAAAAAAAAAAAAAAAHK3M, topics:[fn_call, CBEPDNVYXQGWB5YUBXKJWYJA7OXTZW5LFLNO5JRRGE6Z6C5OSUZPCCEL, balance], data:CAAAAAAAAAAAAAAAAAAAAAAAAAAAAAAAAAAAAAAAAAAAAAAAAAAAHK3M
   7: [Diagnostic Event] topics:[fn_call, CAAAAAAAAAAAAAAAAAAAAAAAAAAAAAAAAAAAAAAAAAAAAAAAAAAAHK3M, deposit], data:[CAAAAAAAAAAAAAAAAAAAAAAAAAAAAAAAAAAAAAAAAAAAAAAAAAAAITA4, 1]

Writing test snapshot file for test "prop_i8_transfer_shares" to "test_snapshots/prop_i8_transfer_shares.46.json".

thread 'prop_i8_transfer_shares' (3118483) panicked at /Users/igorfambonatti/.cargo/registry/src/index.crates.io-1949cf8c6b5b557f/soroban-env-host-26.1.3/src/host.rs:907:9:
HostError: Error(Contract, #7)

Event log (newest first):
   0: [Diagnostic Event] topics:[error, Error(Contract, #7)], data:"escalating error to panic"
   1: [Diagnostic Event] topics:[error, Error(Contract, #7)], data:["contract call failed", deposit, [CAAAAAAAAAAAAAAAAAAAAAAAAAAAAAAAAAAAAAAAAAAAAAAAAAAAITA4, 1]]
   2: [Failed Diagnostic Event (not emitted)] contract:CAAAAAAAAAAAAAAAAAAAAAAAAAAAAAAAAAAAAAAAAAAAAAAAAAAAHK3M, topics:[error, Error(Contract, #7)], data:"caught error from function"
   3: [Failed Diagnostic Event (not emitted)] contract:CAAAAAAAAAAAAAAAAAAAAAAAAAAAAAAAAAAAAAAAAAAAAAAAAAAAHK3M, topics:[error, Error(Contract, #7)], data:"escalating error to panic"
   4: [Failed Diagnostic Event (not emitted)] contract:CAAAAAAAAAAAAAAAAAAAAAAAAAAAAAAAAAAAAAAAAAAAAAAAAAAAHK3M, topics:[error, Error(Contract, #7)], data:["failing with contract error", 7]
   5: [Failed Diagnostic Event (not emitted)] contract:CBEPDNVYXQGWB5YUBXKJWYJA7OXTZW5LFLNO5JRRGE6Z6C5OSUZPCCEL, topics:[fn_return, balance], data:1
   6: [Failed Diagnostic Event (not emitted)] contract:CAAAAAAAAAAAAAAAAAAAAAAAAAAAAAAAAAAAAAAAAAAAAAAAAAAAHK3M, topics:[fn_call, CBEPDNVYXQGWB5YUBXKJWYJA7OXTZW5LFLNO5JRRGE6Z6C5OSUZPCCEL, balance], data:CAAAAAAAAAAAAAAAAAAAAAAAAAAAAAAAAAAAAAAAAAAAAAAAAAAAHK3M
   7: [Diagnostic Event] topics:[fn_call, CAAAAAAAAAAAAAAAAAAAAAAAAAAAAAAAAAAAAAAAAAAAAAAAAAAAHK3M, deposit], data:[CAAAAAAAAAAAAAAAAAAAAAAAAAAAAAAAAAAAAAAAAAAAAAAAAAAAITA4, 1]

Writing test snapshot file for test "prop_i8_transfer_shares" to "test_snapshots/prop_i8_transfer_shares.47.json".

thread 'prop_i8_transfer_shares' (3118483) panicked at /Users/igorfambonatti/.cargo/registry/src/index.crates.io-1949cf8c6b5b557f/soroban-env-host-26.1.3/src/host.rs:907:9:
HostError: Error(Contract, #7)

Event log (newest first):
   0: [Diagnostic Event] topics:[error, Error(Contract, #7)], data:"escalating error to panic"
   1: [Diagnostic Event] topics:[error, Error(Contract, #7)], data:["contract call failed", deposit, [CAAAAAAAAAAAAAAAAAAAAAAAAAAAAAAAAAAAAAAAAAAAAAAAAAAAITA4, 1]]
   2: [Failed Diagnostic Event (not emitted)] contract:CAAAAAAAAAAAAAAAAAAAAAAAAAAAAAAAAAAAAAAAAAAAAAAAAAAAHK3M, topics:[error, Error(Contract, #7)], data:"caught error from function"
   3: [Failed Diagnostic Event (not emitted)] contract:CAAAAAAAAAAAAAAAAAAAAAAAAAAAAAAAAAAAAAAAAAAAAAAAAAAAHK3M, topics:[error, Error(Contract, #7)], data:"escalating error to panic"
   4: [Failed Diagnostic Event (not emitted)] contract:CAAAAAAAAAAAAAAAAAAAAAAAAAAAAAAAAAAAAAAAAAAAAAAAAAAAHK3M, topics:[error, Error(Contract, #7)], data:["failing with contract error", 7]
   5: [Failed Diagnostic Event (not emitted)] contract:CBEPDNVYXQGWB5YUBXKJWYJA7OXTZW5LFLNO5JRRGE6Z6C5OSUZPCCEL, topics:[fn_return, balance], data:1
   6: [Failed Diagnostic Event (not emitted)] contract:CAAAAAAAAAAAAAAAAAAAAAAAAAAAAAAAAAAAAAAAAAAAAAAAAAAAHK3M, topics:[fn_call, CBEPDNVYXQGWB5YUBXKJWYJA7OXTZW5LFLNO5JRRGE6Z6C5OSUZPCCEL, balance], data:CAAAAAAAAAAAAAAAAAAAAAAAAAAAAAAAAAAAAAAAAAAAAAAAAAAAHK3M
   7: [Diagnostic Event] topics:[fn_call, CAAAAAAAAAAAAAAAAAAAAAAAAAAAAAAAAAAAAAAAAAAAAAAAAAAAHK3M, deposit], data:[CAAAAAAAAAAAAAAAAAAAAAAAAAAAAAAAAAAAAAAAAAAAAAAAAAAAITA4, 1]

Writing test snapshot file for test "prop_i8_transfer_shares" to "test_snapshots/prop_i8_transfer_shares.48.json".

thread 'prop_i8_transfer_shares' (3118483) panicked at /Users/igorfambonatti/.cargo/registry/src/index.crates.io-1949cf8c6b5b557f/soroban-env-host-26.1.3/src/host.rs:907:9:
HostError: Error(Contract, #7)

Event log (newest first):
   0: [Diagnostic Event] topics:[error, Error(Contract, #7)], data:"escalating error to panic"
   1: [Diagnostic Event] topics:[error, Error(Contract, #7)], data:["contract call failed", deposit, [CAAAAAAAAAAAAAAAAAAAAAAAAAAAAAAAAAAAAAAAAAAAAAAAAAAAITA4, 1]]
   2: [Failed Diagnostic Event (not emitted)] contract:CAAAAAAAAAAAAAAAAAAAAAAAAAAAAAAAAAAAAAAAAAAAAAAAAAAAHK3M, topics:[error, Error(Contract, #7)], data:"caught error from function"
   3: [Failed Diagnostic Event (not emitted)] contract:CAAAAAAAAAAAAAAAAAAAAAAAAAAAAAAAAAAAAAAAAAAAAAAAAAAAHK3M, topics:[error, Error(Contract, #7)], data:"escalating error to panic"
   4: [Failed Diagnostic Event (not emitted)] contract:CAAAAAAAAAAAAAAAAAAAAAAAAAAAAAAAAAAAAAAAAAAAAAAAAAAAHK3M, topics:[error, Error(Contract, #7)], data:["failing with contract error", 7]
   5: [Failed Diagnostic Event (not emitted)] contract:CBEPDNVYXQGWB5YUBXKJWYJA7OXTZW5LFLNO5JRRGE6Z6C5OSUZPCCEL, topics:[fn_return, balance], data:1
   6: [Failed Diagnostic Event (not emitted)] contract:CAAAAAAAAAAAAAAAAAAAAAAAAAAAAAAAAAAAAAAAAAAAAAAAAAAAHK3M, topics:[fn_call, CBEPDNVYXQGWB5YUBXKJWYJA7OXTZW5LFLNO5JRRGE6Z6C5OSUZPCCEL, balance], data:CAAAAAAAAAAAAAAAAAAAAAAAAAAAAAAAAAAAAAAAAAAAAAAAAAAAHK3M
   7: [Diagnostic Event] topics:[fn_call, CAAAAAAAAAAAAAAAAAAAAAAAAAAAAAAAAAAAAAAAAAAAAAAAAAAAHK3M, deposit], data:[CAAAAAAAAAAAAAAAAAAAAAAAAAAAAAAAAAAAAAAAAAAAAAAAAAAAITA4, 1]

Writing test snapshot file for test "prop_i8_transfer_shares" to "test_snapshots/prop_i8_transfer_shares.49.json".

thread 'prop_i8_transfer_shares' (3118483) panicked at /Users/igorfambonatti/.cargo/registry/src/index.crates.io-1949cf8c6b5b557f/soroban-env-host-26.1.3/src/host.rs:907:9:
HostError: Error(Contract, #7)

Event log (newest first):
   0: [Diagnostic Event] topics:[error, Error(Contract, #7)], data:"escalating error to panic"
   1: [Diagnostic Event] topics:[error, Error(Contract, #7)], data:["contract call failed", deposit, [CAAAAAAAAAAAAAAAAAAAAAAAAAAAAAAAAAAAAAAAAAAAAAAAAAAAITA4, 1]]
   2: [Failed Diagnostic Event (not emitted)] contract:CAAAAAAAAAAAAAAAAAAAAAAAAAAAAAAAAAAAAAAAAAAAAAAAAAAAHK3M, topics:[error, Error(Contract, #7)], data:"caught error from function"
   3: [Failed Diagnostic Event (not emitted)] contract:CAAAAAAAAAAAAAAAAAAAAAAAAAAAAAAAAAAAAAAAAAAAAAAAAAAAHK3M, topics:[error, Error(Contract, #7)], data:"escalating error to panic"
   4: [Failed Diagnostic Event (not emitted)] contract:CAAAAAAAAAAAAAAAAAAAAAAAAAAAAAAAAAAAAAAAAAAAAAAAAAAAHK3M, topics:[error, Error(Contract, #7)], data:["failing with contract error", 7]
   5: [Failed Diagnostic Event (not emitted)] contract:CBEPDNVYXQGWB5YUBXKJWYJA7OXTZW5LFLNO5JRRGE6Z6C5OSUZPCCEL, topics:[fn_return, balance], data:1
   6: [Failed Diagnostic Event (not emitted)] contract:CAAAAAAAAAAAAAAAAAAAAAAAAAAAAAAAAAAAAAAAAAAAAAAAAAAAHK3M, topics:[fn_call, CBEPDNVYXQGWB5YUBXKJWYJA7OXTZW5LFLNO5JRRGE6Z6C5OSUZPCCEL, balance], data:CAAAAAAAAAAAAAAAAAAAAAAAAAAAAAAAAAAAAAAAAAAAAAAAAAAAHK3M
   7: [Diagnostic Event] topics:[fn_call, CAAAAAAAAAAAAAAAAAAAAAAAAAAAAAAAAAAAAAAAAAAAAAAAAAAAHK3M, deposit], data:[CAAAAAAAAAAAAAAAAAAAAAAAAAAAAAAAAAAAAAAAAAAAAAAAAAAAITA4, 1]

Writing test snapshot file for test "prop_i8_transfer_shares" to "test_snapshots/prop_i8_transfer_shares.50.json".

thread 'prop_i8_transfer_shares' (3118483) panicked at /Users/igorfambonatti/.cargo/registry/src/index.crates.io-1949cf8c6b5b557f/soroban-env-host-26.1.3/src/host.rs:907:9:
HostError: Error(Contract, #7)

Event log (newest first):
   0: [Diagnostic Event] topics:[error, Error(Contract, #7)], data:"escalating error to panic"
   1: [Diagnostic Event] topics:[error, Error(Contract, #7)], data:["contract call failed", deposit, [CAAAAAAAAAAAAAAAAAAAAAAAAAAAAAAAAAAAAAAAAAAAAAAAAAAAITA4, 1]]
   2: [Failed Diagnostic Event (not emitted)] contract:CAAAAAAAAAAAAAAAAAAAAAAAAAAAAAAAAAAAAAAAAAAAAAAAAAAAHK3M, topics:[error, Error(Contract, #7)], data:"caught error from function"
   3: [Failed Diagnostic Event (not emitted)] contract:CAAAAAAAAAAAAAAAAAAAAAAAAAAAAAAAAAAAAAAAAAAAAAAAAAAAHK3M, topics:[error, Error(Contract, #7)], data:"escalating error to panic"
   4: [Failed Diagnostic Event (not emitted)] contract:CAAAAAAAAAAAAAAAAAAAAAAAAAAAAAAAAAAAAAAAAAAAAAAAAAAAHK3M, topics:[error, Error(Contract, #7)], data:["failing with contract error", 7]
   5: [Failed Diagnostic Event (not emitted)] contract:CBEPDNVYXQGWB5YUBXKJWYJA7OXTZW5LFLNO5JRRGE6Z6C5OSUZPCCEL, topics:[fn_return, balance], data:1
   6: [Failed Diagnostic Event (not emitted)] contract:CAAAAAAAAAAAAAAAAAAAAAAAAAAAAAAAAAAAAAAAAAAAAAAAAAAAHK3M, topics:[fn_call, CBEPDNVYXQGWB5YUBXKJWYJA7OXTZW5LFLNO5JRRGE6Z6C5OSUZPCCEL, balance], data:CAAAAAAAAAAAAAAAAAAAAAAAAAAAAAAAAAAAAAAAAAAAAAAAAAAAHK3M
   7: [Diagnostic Event] topics:[fn_call, CAAAAAAAAAAAAAAAAAAAAAAAAAAAAAAAAAAAAAAAAAAAAAAAAAAAHK3M, deposit], data:[CAAAAAAAAAAAAAAAAAAAAAAAAAAAAAAAAAAAAAAAAAAAAAAAAAAAITA4, 1]

Writing test snapshot file for test "prop_i8_transfer_shares" to "test_snapshots/prop_i8_transfer_shares.51.json".

thread 'prop_i8_transfer_shares' (3118483) panicked at /Users/igorfambonatti/.cargo/registry/src/index.crates.io-1949cf8c6b5b557f/soroban-env-host-26.1.3/src/host.rs:907:9:
HostError: Error(Contract, #7)

Event log (newest first):
   0: [Diagnostic Event] topics:[error, Error(Contract, #7)], data:"escalating error to panic"
   1: [Diagnostic Event] topics:[error, Error(Contract, #7)], data:["contract call failed", deposit, [CAAAAAAAAAAAAAAAAAAAAAAAAAAAAAAAAAAAAAAAAAAAAAAAAAAAITA4, 1]]
   2: [Failed Diagnostic Event (not emitted)] contract:CAAAAAAAAAAAAAAAAAAAAAAAAAAAAAAAAAAAAAAAAAAAAAAAAAAAHK3M, topics:[error, Error(Contract, #7)], data:"caught error from function"
   3: [Failed Diagnostic Event (not emitted)] contract:CAAAAAAAAAAAAAAAAAAAAAAAAAAAAAAAAAAAAAAAAAAAAAAAAAAAHK3M, topics:[error, Error(Contract, #7)], data:"escalating error to panic"
   4: [Failed Diagnostic Event (not emitted)] contract:CAAAAAAAAAAAAAAAAAAAAAAAAAAAAAAAAAAAAAAAAAAAAAAAAAAAHK3M, topics:[error, Error(Contract, #7)], data:["failing with contract error", 7]
   5: [Failed Diagnostic Event (not emitted)] contract:CBEPDNVYXQGWB5YUBXKJWYJA7OXTZW5LFLNO5JRRGE6Z6C5OSUZPCCEL, topics:[fn_return, balance], data:1
   6: [Failed Diagnostic Event (not emitted)] contract:CAAAAAAAAAAAAAAAAAAAAAAAAAAAAAAAAAAAAAAAAAAAAAAAAAAAHK3M, topics:[fn_call, CBEPDNVYXQGWB5YUBXKJWYJA7OXTZW5LFLNO5JRRGE6Z6C5OSUZPCCEL, balance], data:CAAAAAAAAAAAAAAAAAAAAAAAAAAAAAAAAAAAAAAAAAAAAAAAAAAAHK3M
   7: [Diagnostic Event] topics:[fn_call, CAAAAAAAAAAAAAAAAAAAAAAAAAAAAAAAAAAAAAAAAAAAAAAAAAAAHK3M, deposit], data:[CAAAAAAAAAAAAAAAAAAAAAAAAAAAAAAAAAAAAAAAAAAAAAAAAAAAITA4, 1]

Writing test snapshot file for test "prop_i8_transfer_shares" to "test_snapshots/prop_i8_transfer_shares.52.json".

thread 'prop_i8_transfer_shares' (3118483) panicked at /Users/igorfambonatti/.cargo/registry/src/index.crates.io-1949cf8c6b5b557f/soroban-env-host-26.1.3/src/host.rs:907:9:
HostError: Error(Contract, #7)

Event log (newest first):
   0: [Diagnostic Event] topics:[error, Error(Contract, #7)], data:"escalating error to panic"
   1: [Diagnostic Event] topics:[error, Error(Contract, #7)], data:["contract call failed", deposit, [CAAAAAAAAAAAAAAAAAAAAAAAAAAAAAAAAAAAAAAAAAAAAAAAAAAAITA4, 1]]
   2: [Failed Diagnostic Event (not emitted)] contract:CAAAAAAAAAAAAAAAAAAAAAAAAAAAAAAAAAAAAAAAAAAAAAAAAAAAHK3M, topics:[error, Error(Contract, #7)], data:"caught error from function"
   3: [Failed Diagnostic Event (not emitted)] contract:CAAAAAAAAAAAAAAAAAAAAAAAAAAAAAAAAAAAAAAAAAAAAAAAAAAAHK3M, topics:[error, Error(Contract, #7)], data:"escalating error to panic"
   4: [Failed Diagnostic Event (not emitted)] contract:CAAAAAAAAAAAAAAAAAAAAAAAAAAAAAAAAAAAAAAAAAAAAAAAAAAAHK3M, topics:[error, Error(Contract, #7)], data:["failing with contract error", 7]
   5: [Failed Diagnostic Event (not emitted)] contract:CBEPDNVYXQGWB5YUBXKJWYJA7OXTZW5LFLNO5JRRGE6Z6C5OSUZPCCEL, topics:[fn_return, balance], data:1
   6: [Failed Diagnostic Event (not emitted)] contract:CAAAAAAAAAAAAAAAAAAAAAAAAAAAAAAAAAAAAAAAAAAAAAAAAAAAHK3M, topics:[fn_call, CBEPDNVYXQGWB5YUBXKJWYJA7OXTZW5LFLNO5JRRGE6Z6C5OSUZPCCEL, balance], data:CAAAAAAAAAAAAAAAAAAAAAAAAAAAAAAAAAAAAAAAAAAAAAAAAAAAHK3M
   7: [Diagnostic Event] topics:[fn_call, CAAAAAAAAAAAAAAAAAAAAAAAAAAAAAAAAAAAAAAAAAAAAAAAAAAAHK3M, deposit], data:[CAAAAAAAAAAAAAAAAAAAAAAAAAAAAAAAAAAAAAAAAAAAAAAAAAAAITA4, 1]

Writing test snapshot file for test "prop_i8_transfer_shares" to "test_snapshots/prop_i8_transfer_shares.53.json".

thread 'prop_i8_transfer_shares' (3118483) panicked at /Users/igorfambonatti/.cargo/registry/src/index.crates.io-1949cf8c6b5b557f/soroban-env-host-26.1.3/src/host.rs:907:9:
HostError: Error(Contract, #7)

Event log (newest first):
   0: [Diagnostic Event] topics:[error, Error(Contract, #7)], data:"escalating error to panic"
   1: [Diagnostic Event] topics:[error, Error(Contract, #7)], data:["contract call failed", deposit, [CAAAAAAAAAAAAAAAAAAAAAAAAAAAAAAAAAAAAAAAAAAAAAAAAAAAITA4, 1]]
   2: [Failed Diagnostic Event (not emitted)] contract:CAAAAAAAAAAAAAAAAAAAAAAAAAAAAAAAAAAAAAAAAAAAAAAAAAAAHK3M, topics:[error, Error(Contract, #7)], data:"caught error from function"
   3: [Failed Diagnostic Event (not emitted)] contract:CAAAAAAAAAAAAAAAAAAAAAAAAAAAAAAAAAAAAAAAAAAAAAAAAAAAHK3M, topics:[error, Error(Contract, #7)], data:"escalating error to panic"
   4: [Failed Diagnostic Event (not emitted)] contract:CAAAAAAAAAAAAAAAAAAAAAAAAAAAAAAAAAAAAAAAAAAAAAAAAAAAHK3M, topics:[error, Error(Contract, #7)], data:["failing with contract error", 7]
   5: [Failed Diagnostic Event (not emitted)] contract:CBEPDNVYXQGWB5YUBXKJWYJA7OXTZW5LFLNO5JRRGE6Z6C5OSUZPCCEL, topics:[fn_return, balance], data:1
   6: [Failed Diagnostic Event (not emitted)] contract:CAAAAAAAAAAAAAAAAAAAAAAAAAAAAAAAAAAAAAAAAAAAAAAAAAAAHK3M, topics:[fn_call, CBEPDNVYXQGWB5YUBXKJWYJA7OXTZW5LFLNO5JRRGE6Z6C5OSUZPCCEL, balance], data:CAAAAAAAAAAAAAAAAAAAAAAAAAAAAAAAAAAAAAAAAAAAAAAAAAAAHK3M
   7: [Diagnostic Event] topics:[fn_call, CAAAAAAAAAAAAAAAAAAAAAAAAAAAAAAAAAAAAAAAAAAAAAAAAAAAHK3M, deposit], data:[CAAAAAAAAAAAAAAAAAAAAAAAAAAAAAAAAAAAAAAAAAAAAAAAAAAAITA4, 1]

Writing test snapshot file for test "prop_i8_transfer_shares" to "test_snapshots/prop_i8_transfer_shares.54.json".

thread 'prop_i8_transfer_shares' (3118483) panicked at /Users/igorfambonatti/.cargo/registry/src/index.crates.io-1949cf8c6b5b557f/soroban-env-host-26.1.3/src/host.rs:907:9:
HostError: Error(Contract, #7)

Event log (newest first):
   0: [Diagnostic Event] topics:[error, Error(Contract, #7)], data:"escalating error to panic"
   1: [Diagnostic Event] topics:[error, Error(Contract, #7)], data:["contract call failed", deposit, [CAAAAAAAAAAAAAAAAAAAAAAAAAAAAAAAAAAAAAAAAAAAAAAAAAAAITA4, 1]]
   2: [Failed Diagnostic Event (not emitted)] contract:CAAAAAAAAAAAAAAAAAAAAAAAAAAAAAAAAAAAAAAAAAAAAAAAAAAAHK3M, topics:[error, Error(Contract, #7)], data:"caught error from function"
   3: [Failed Diagnostic Event (not emitted)] contract:CAAAAAAAAAAAAAAAAAAAAAAAAAAAAAAAAAAAAAAAAAAAAAAAAAAAHK3M, topics:[error, Error(Contract, #7)], data:"escalating error to panic"
   4: [Failed Diagnostic Event (not emitted)] contract:CAAAAAAAAAAAAAAAAAAAAAAAAAAAAAAAAAAAAAAAAAAAAAAAAAAAHK3M, topics:[error, Error(Contract, #7)], data:["failing with contract error", 7]
   5: [Failed Diagnostic Event (not emitted)] contract:CBEPDNVYXQGWB5YUBXKJWYJA7OXTZW5LFLNO5JRRGE6Z6C5OSUZPCCEL, topics:[fn_return, balance], data:1
   6: [Failed Diagnostic Event (not emitted)] contract:CAAAAAAAAAAAAAAAAAAAAAAAAAAAAAAAAAAAAAAAAAAAAAAAAAAAHK3M, topics:[fn_call, CBEPDNVYXQGWB5YUBXKJWYJA7OXTZW5LFLNO5JRRGE6Z6C5OSUZPCCEL, balance], data:CAAAAAAAAAAAAAAAAAAAAAAAAAAAAAAAAAAAAAAAAAAAAAAAAAAAHK3M
   7: [Diagnostic Event] topics:[fn_call, CAAAAAAAAAAAAAAAAAAAAAAAAAAAAAAAAAAAAAAAAAAAAAAAAAAAHK3M, deposit], data:[CAAAAAAAAAAAAAAAAAAAAAAAAAAAAAAAAAAAAAAAAAAAAAAAAAAAITA4, 1]

Writing test snapshot file for test "prop_i8_transfer_shares" to "test_snapshots/prop_i8_transfer_shares.55.json".

thread 'prop_i8_transfer_shares' (3118483) panicked at /Users/igorfambonatti/.cargo/registry/src/index.crates.io-1949cf8c6b5b557f/soroban-env-host-26.1.3/src/host.rs:907:9:
HostError: Error(Contract, #7)

Event log (newest first):
   0: [Diagnostic Event] topics:[error, Error(Contract, #7)], data:"escalating error to panic"
   1: [Diagnostic Event] topics:[error, Error(Contract, #7)], data:["contract call failed", deposit, [CAAAAAAAAAAAAAAAAAAAAAAAAAAAAAAAAAAAAAAAAAAAAAAAAAAAITA4, 1]]
   2: [Failed Diagnostic Event (not emitted)] contract:CAAAAAAAAAAAAAAAAAAAAAAAAAAAAAAAAAAAAAAAAAAAAAAAAAAAHK3M, topics:[error, Error(Contract, #7)], data:"caught error from function"
   3: [Failed Diagnostic Event (not emitted)] contract:CAAAAAAAAAAAAAAAAAAAAAAAAAAAAAAAAAAAAAAAAAAAAAAAAAAAHK3M, topics:[error, Error(Contract, #7)], data:"escalating error to panic"
   4: [Failed Diagnostic Event (not emitted)] contract:CAAAAAAAAAAAAAAAAAAAAAAAAAAAAAAAAAAAAAAAAAAAAAAAAAAAHK3M, topics:[error, Error(Contract, #7)], data:["failing with contract error", 7]
   5: [Failed Diagnostic Event (not emitted)] contract:CBEPDNVYXQGWB5YUBXKJWYJA7OXTZW5LFLNO5JRRGE6Z6C5OSUZPCCEL, topics:[fn_return, balance], data:1
   6: [Failed Diagnostic Event (not emitted)] contract:CAAAAAAAAAAAAAAAAAAAAAAAAAAAAAAAAAAAAAAAAAAAAAAAAAAAHK3M, topics:[fn_call, CBEPDNVYXQGWB5YUBXKJWYJA7OXTZW5LFLNO5JRRGE6Z6C5OSUZPCCEL, balance], data:CAAAAAAAAAAAAAAAAAAAAAAAAAAAAAAAAAAAAAAAAAAAAAAAAAAAHK3M
   7: [Diagnostic Event] topics:[fn_call, CAAAAAAAAAAAAAAAAAAAAAAAAAAAAAAAAAAAAAAAAAAAAAAAAAAAHK3M, deposit], data:[CAAAAAAAAAAAAAAAAAAAAAAAAAAAAAAAAAAAAAAAAAAAAAAAAAAAITA4, 1]

Writing test snapshot file for test "prop_i8_transfer_shares" to "test_snapshots/prop_i8_transfer_shares.56.json".

thread 'prop_i8_transfer_shares' (3118483) panicked at /Users/igorfambonatti/.cargo/registry/src/index.crates.io-1949cf8c6b5b557f/soroban-env-host-26.1.3/src/host.rs:907:9:
HostError: Error(Contract, #7)

Event log (newest first):
   0: [Diagnostic Event] topics:[error, Error(Contract, #7)], data:"escalating error to panic"
   1: [Diagnostic Event] topics:[error, Error(Contract, #7)], data:["contract call failed", deposit, [CAAAAAAAAAAAAAAAAAAAAAAAAAAAAAAAAAAAAAAAAAAAAAAAAAAAITA4, 1]]
   2: [Failed Diagnostic Event (not emitted)] contract:CAAAAAAAAAAAAAAAAAAAAAAAAAAAAAAAAAAAAAAAAAAAAAAAAAAAHK3M, topics:[error, Error(Contract, #7)], data:"caught error from function"
   3: [Failed Diagnostic Event (not emitted)] contract:CAAAAAAAAAAAAAAAAAAAAAAAAAAAAAAAAAAAAAAAAAAAAAAAAAAAHK3M, topics:[error, Error(Contract, #7)], data:"escalating error to panic"
   4: [Failed Diagnostic Event (not emitted)] contract:CAAAAAAAAAAAAAAAAAAAAAAAAAAAAAAAAAAAAAAAAAAAAAAAAAAAHK3M, topics:[error, Error(Contract, #7)], data:["failing with contract error", 7]
   5: [Failed Diagnostic Event (not emitted)] contract:CBEPDNVYXQGWB5YUBXKJWYJA7OXTZW5LFLNO5JRRGE6Z6C5OSUZPCCEL, topics:[fn_return, balance], data:1
   6: [Failed Diagnostic Event (not emitted)] contract:CAAAAAAAAAAAAAAAAAAAAAAAAAAAAAAAAAAAAAAAAAAAAAAAAAAAHK3M, topics:[fn_call, CBEPDNVYXQGWB5YUBXKJWYJA7OXTZW5LFLNO5JRRGE6Z6C5OSUZPCCEL, balance], data:CAAAAAAAAAAAAAAAAAAAAAAAAAAAAAAAAAAAAAAAAAAAAAAAAAAAHK3M
   7: [Diagnostic Event] topics:[fn_call, CAAAAAAAAAAAAAAAAAAAAAAAAAAAAAAAAAAAAAAAAAAAAAAAAAAAHK3M, deposit], data:[CAAAAAAAAAAAAAAAAAAAAAAAAAAAAAAAAAAAAAAAAAAAAAAAAAAAITA4, 1]

Writing test snapshot file for test "prop_i8_transfer_shares" to "test_snapshots/prop_i8_transfer_shares.57.json".

thread 'prop_i8_transfer_shares' (3118483) panicked at /Users/igorfambonatti/.cargo/registry/src/index.crates.io-1949cf8c6b5b557f/soroban-env-host-26.1.3/src/host.rs:907:9:
HostError: Error(Contract, #7)

Event log (newest first):
   0: [Diagnostic Event] topics:[error, Error(Contract, #7)], data:"escalating error to panic"
   1: [Diagnostic Event] topics:[error, Error(Contract, #7)], data:["contract call failed", deposit, [CAAAAAAAAAAAAAAAAAAAAAAAAAAAAAAAAAAAAAAAAAAAAAAAAAAAITA4, 1]]
   2: [Failed Diagnostic Event (not emitted)] contract:CAAAAAAAAAAAAAAAAAAAAAAAAAAAAAAAAAAAAAAAAAAAAAAAAAAAHK3M, topics:[error, Error(Contract, #7)], data:"caught error from function"
   3: [Failed Diagnostic Event (not emitted)] contract:CAAAAAAAAAAAAAAAAAAAAAAAAAAAAAAAAAAAAAAAAAAAAAAAAAAAHK3M, topics:[error, Error(Contract, #7)], data:"escalating error to panic"
   4: [Failed Diagnostic Event (not emitted)] contract:CAAAAAAAAAAAAAAAAAAAAAAAAAAAAAAAAAAAAAAAAAAAAAAAAAAAHK3M, topics:[error, Error(Contract, #7)], data:["failing with contract error", 7]
   5: [Failed Diagnostic Event (not emitted)] contract:CBEPDNVYXQGWB5YUBXKJWYJA7OXTZW5LFLNO5JRRGE6Z6C5OSUZPCCEL, topics:[fn_return, balance], data:1
   6: [Failed Diagnostic Event (not emitted)] contract:CAAAAAAAAAAAAAAAAAAAAAAAAAAAAAAAAAAAAAAAAAAAAAAAAAAAHK3M, topics:[fn_call, CBEPDNVYXQGWB5YUBXKJWYJA7OXTZW5LFLNO5JRRGE6Z6C5OSUZPCCEL, balance], data:CAAAAAAAAAAAAAAAAAAAAAAAAAAAAAAAAAAAAAAAAAAAAAAAAAAAHK3M
   7: [Diagnostic Event] topics:[fn_call, CAAAAAAAAAAAAAAAAAAAAAAAAAAAAAAAAAAAAAAAAAAAAAAAAAAAHK3M, deposit], data:[CAAAAAAAAAAAAAAAAAAAAAAAAAAAAAAAAAAAAAAAAAAAAAAAAAAAITA4, 1]

Writing test snapshot file for test "prop_i8_transfer_shares" to "test_snapshots/prop_i8_transfer_shares.58.json".

thread 'prop_i8_transfer_shares' (3118483) panicked at /Users/igorfambonatti/.cargo/registry/src/index.crates.io-1949cf8c6b5b557f/soroban-env-host-26.1.3/src/host.rs:907:9:
HostError: Error(Contract, #7)

Event log (newest first):
   0: [Diagnostic Event] topics:[error, Error(Contract, #7)], data:"escalating error to panic"
   1: [Diagnostic Event] topics:[error, Error(Contract, #7)], data:["contract call failed", deposit, [CAAAAAAAAAAAAAAAAAAAAAAAAAAAAAAAAAAAAAAAAAAAAAAAAAAAITA4, 1]]
   2: [Failed Diagnostic Event (not emitted)] contract:CAAAAAAAAAAAAAAAAAAAAAAAAAAAAAAAAAAAAAAAAAAAAAAAAAAAHK3M, topics:[error, Error(Contract, #7)], data:"caught error from function"
   3: [Failed Diagnostic Event (not emitted)] contract:CAAAAAAAAAAAAAAAAAAAAAAAAAAAAAAAAAAAAAAAAAAAAAAAAAAAHK3M, topics:[error, Error(Contract, #7)], data:"escalating error to panic"
   4: [Failed Diagnostic Event (not emitted)] contract:CAAAAAAAAAAAAAAAAAAAAAAAAAAAAAAAAAAAAAAAAAAAAAAAAAAAHK3M, topics:[error, Error(Contract, #7)], data:["failing with contract error", 7]
   5: [Failed Diagnostic Event (not emitted)] contract:CBEPDNVYXQGWB5YUBXKJWYJA7OXTZW5LFLNO5JRRGE6Z6C5OSUZPCCEL, topics:[fn_return, balance], data:1
   6: [Failed Diagnostic Event (not emitted)] contract:CAAAAAAAAAAAAAAAAAAAAAAAAAAAAAAAAAAAAAAAAAAAAAAAAAAAHK3M, topics:[fn_call, CBEPDNVYXQGWB5YUBXKJWYJA7OXTZW5LFLNO5JRRGE6Z6C5OSUZPCCEL, balance], data:CAAAAAAAAAAAAAAAAAAAAAAAAAAAAAAAAAAAAAAAAAAAAAAAAAAAHK3M
   7: [Diagnostic Event] topics:[fn_call, CAAAAAAAAAAAAAAAAAAAAAAAAAAAAAAAAAAAAAAAAAAAAAAAAAAAHK3M, deposit], data:[CAAAAAAAAAAAAAAAAAAAAAAAAAAAAAAAAAAAAAAAAAAAAAAAAAAAITA4, 1]

Writing test snapshot file for test "prop_i8_transfer_shares" to "test_snapshots/prop_i8_transfer_shares.59.json".

thread 'prop_i8_transfer_shares' (3118483) panicked at /Users/igorfambonatti/.cargo/registry/src/index.crates.io-1949cf8c6b5b557f/soroban-env-host-26.1.3/src/host.rs:907:9:
HostError: Error(Contract, #7)

Event log (newest first):
   0: [Diagnostic Event] topics:[error, Error(Contract, #7)], data:"escalating error to panic"
   1: [Diagnostic Event] topics:[error, Error(Contract, #7)], data:["contract call failed", deposit, [CAAAAAAAAAAAAAAAAAAAAAAAAAAAAAAAAAAAAAAAAAAAAAAAAAAAITA4, 1]]
   2: [Failed Diagnostic Event (not emitted)] contract:CAAAAAAAAAAAAAAAAAAAAAAAAAAAAAAAAAAAAAAAAAAAAAAAAAAAHK3M, topics:[error, Error(Contract, #7)], data:"caught error from function"
   3: [Failed Diagnostic Event (not emitted)] contract:CAAAAAAAAAAAAAAAAAAAAAAAAAAAAAAAAAAAAAAAAAAAAAAAAAAAHK3M, topics:[error, Error(Contract, #7)], data:"escalating error to panic"
   4: [Failed Diagnostic Event (not emitted)] contract:CAAAAAAAAAAAAAAAAAAAAAAAAAAAAAAAAAAAAAAAAAAAAAAAAAAAHK3M, topics:[error, Error(Contract, #7)], data:["failing with contract error", 7]
   5: [Failed Diagnostic Event (not emitted)] contract:CBEPDNVYXQGWB5YUBXKJWYJA7OXTZW5LFLNO5JRRGE6Z6C5OSUZPCCEL, topics:[fn_return, balance], data:1
   6: [Failed Diagnostic Event (not emitted)] contract:CAAAAAAAAAAAAAAAAAAAAAAAAAAAAAAAAAAAAAAAAAAAAAAAAAAAHK3M, topics:[fn_call, CBEPDNVYXQGWB5YUBXKJWYJA7OXTZW5LFLNO5JRRGE6Z6C5OSUZPCCEL, balance], data:CAAAAAAAAAAAAAAAAAAAAAAAAAAAAAAAAAAAAAAAAAAAAAAAAAAAHK3M
   7: [Diagnostic Event] topics:[fn_call, CAAAAAAAAAAAAAAAAAAAAAAAAAAAAAAAAAAAAAAAAAAAAAAAAAAAHK3M, deposit], data:[CAAAAAAAAAAAAAAAAAAAAAAAAAAAAAAAAAAAAAAAAAAAAAAAAAAAITA4, 1]

Writing test snapshot file for test "prop_i8_transfer_shares" to "test_snapshots/prop_i8_transfer_shares.60.json".

thread 'prop_i8_transfer_shares' (3118483) panicked at /Users/igorfambonatti/.cargo/registry/src/index.crates.io-1949cf8c6b5b557f/soroban-env-host-26.1.3/src/host.rs:907:9:
HostError: Error(Contract, #7)

Event log (newest first):
   0: [Diagnostic Event] topics:[error, Error(Contract, #7)], data:"escalating error to panic"
   1: [Diagnostic Event] topics:[error, Error(Contract, #7)], data:["contract call failed", deposit, [CAAAAAAAAAAAAAAAAAAAAAAAAAAAAAAAAAAAAAAAAAAAAAAAAAAAITA4, 1]]
   2: [Failed Diagnostic Event (not emitted)] contract:CAAAAAAAAAAAAAAAAAAAAAAAAAAAAAAAAAAAAAAAAAAAAAAAAAAAHK3M, topics:[error, Error(Contract, #7)], data:"caught error from function"
   3: [Failed Diagnostic Event (not emitted)] contract:CAAAAAAAAAAAAAAAAAAAAAAAAAAAAAAAAAAAAAAAAAAAAAAAAAAAHK3M, topics:[error, Error(Contract, #7)], data:"escalating error to panic"
   4: [Failed Diagnostic Event (not emitted)] contract:CAAAAAAAAAAAAAAAAAAAAAAAAAAAAAAAAAAAAAAAAAAAAAAAAAAAHK3M, topics:[error, Error(Contract, #7)], data:["failing with contract error", 7]
   5: [Failed Diagnostic Event (not emitted)] contract:CBEPDNVYXQGWB5YUBXKJWYJA7OXTZW5LFLNO5JRRGE6Z6C5OSUZPCCEL, topics:[fn_return, balance], data:1
   6: [Failed Diagnostic Event (not emitted)] contract:CAAAAAAAAAAAAAAAAAAAAAAAAAAAAAAAAAAAAAAAAAAAAAAAAAAAHK3M, topics:[fn_call, CBEPDNVYXQGWB5YUBXKJWYJA7OXTZW5LFLNO5JRRGE6Z6C5OSUZPCCEL, balance], data:CAAAAAAAAAAAAAAAAAAAAAAAAAAAAAAAAAAAAAAAAAAAAAAAAAAAHK3M
   7: [Diagnostic Event] topics:[fn_call, CAAAAAAAAAAAAAAAAAAAAAAAAAAAAAAAAAAAAAAAAAAAAAAAAAAAHK3M, deposit], data:[CAAAAAAAAAAAAAAAAAAAAAAAAAAAAAAAAAAAAAAAAAAAAAAAAAAAITA4, 1]

Writing test snapshot file for test "prop_i8_transfer_shares" to "test_snapshots/prop_i8_transfer_shares.61.json".

thread 'prop_i8_transfer_shares' (3118483) panicked at /Users/igorfambonatti/.cargo/registry/src/index.crates.io-1949cf8c6b5b557f/soroban-env-host-26.1.3/src/host.rs:907:9:
HostError: Error(Contract, #7)

Event log (newest first):
   0: [Diagnostic Event] topics:[error, Error(Contract, #7)], data:"escalating error to panic"
   1: [Diagnostic Event] topics:[error, Error(Contract, #7)], data:["contract call failed", deposit, [CAAAAAAAAAAAAAAAAAAAAAAAAAAAAAAAAAAAAAAAAAAAAAAAAAAAITA4, 1]]
   2: [Failed Diagnostic Event (not emitted)] contract:CAAAAAAAAAAAAAAAAAAAAAAAAAAAAAAAAAAAAAAAAAAAAAAAAAAAHK3M, topics:[error, Error(Contract, #7)], data:"caught error from function"
   3: [Failed Diagnostic Event (not emitted)] contract:CAAAAAAAAAAAAAAAAAAAAAAAAAAAAAAAAAAAAAAAAAAAAAAAAAAAHK3M, topics:[error, Error(Contract, #7)], data:"escalating error to panic"
   4: [Failed Diagnostic Event (not emitted)] contract:CAAAAAAAAAAAAAAAAAAAAAAAAAAAAAAAAAAAAAAAAAAAAAAAAAAAHK3M, topics:[error, Error(Contract, #7)], data:["failing with contract error", 7]
   5: [Failed Diagnostic Event (not emitted)] contract:CBEPDNVYXQGWB5YUBXKJWYJA7OXTZW5LFLNO5JRRGE6Z6C5OSUZPCCEL, topics:[fn_return, balance], data:1
   6: [Failed Diagnostic Event (not emitted)] contract:CAAAAAAAAAAAAAAAAAAAAAAAAAAAAAAAAAAAAAAAAAAAAAAAAAAAHK3M, topics:[fn_call, CBEPDNVYXQGWB5YUBXKJWYJA7OXTZW5LFLNO5JRRGE6Z6C5OSUZPCCEL, balance], data:CAAAAAAAAAAAAAAAAAAAAAAAAAAAAAAAAAAAAAAAAAAAAAAAAAAAHK3M
   7: [Diagnostic Event] topics:[fn_call, CAAAAAAAAAAAAAAAAAAAAAAAAAAAAAAAAAAAAAAAAAAAAAAAAAAAHK3M, deposit], data:[CAAAAAAAAAAAAAAAAAAAAAAAAAAAAAAAAAAAAAAAAAAAAAAAAAAAITA4, 1]

Writing test snapshot file for test "prop_i8_transfer_shares" to "test_snapshots/prop_i8_transfer_shares.62.json".

thread 'prop_i8_transfer_shares' (3118483) panicked at /Users/igorfambonatti/.cargo/registry/src/index.crates.io-1949cf8c6b5b557f/soroban-env-host-26.1.3/src/host.rs:907:9:
HostError: Error(Contract, #7)

Event log (newest first):
   0: [Diagnostic Event] topics:[error, Error(Contract, #7)], data:"escalating error to panic"
   1: [Diagnostic Event] topics:[error, Error(Contract, #7)], data:["contract call failed", deposit, [CAAAAAAAAAAAAAAAAAAAAAAAAAAAAAAAAAAAAAAAAAAAAAAAAAAAITA4, 1]]
   2: [Failed Diagnostic Event (not emitted)] contract:CAAAAAAAAAAAAAAAAAAAAAAAAAAAAAAAAAAAAAAAAAAAAAAAAAAAHK3M, topics:[error, Error(Contract, #7)], data:"caught error from function"
   3: [Failed Diagnostic Event (not emitted)] contract:CAAAAAAAAAAAAAAAAAAAAAAAAAAAAAAAAAAAAAAAAAAAAAAAAAAAHK3M, topics:[error, Error(Contract, #7)], data:"escalating error to panic"
   4: [Failed Diagnostic Event (not emitted)] contract:CAAAAAAAAAAAAAAAAAAAAAAAAAAAAAAAAAAAAAAAAAAAAAAAAAAAHK3M, topics:[error, Error(Contract, #7)], data:["failing with contract error", 7]
   5: [Failed Diagnostic Event (not emitted)] contract:CBEPDNVYXQGWB5YUBXKJWYJA7OXTZW5LFLNO5JRRGE6Z6C5OSUZPCCEL, topics:[fn_return, balance], data:1
   6: [Failed Diagnostic Event (not emitted)] contract:CAAAAAAAAAAAAAAAAAAAAAAAAAAAAAAAAAAAAAAAAAAAAAAAAAAAHK3M, topics:[fn_call, CBEPDNVYXQGWB5YUBXKJWYJA7OXTZW5LFLNO5JRRGE6Z6C5OSUZPCCEL, balance], data:CAAAAAAAAAAAAAAAAAAAAAAAAAAAAAAAAAAAAAAAAAAAAAAAAAAAHK3M
   7: [Diagnostic Event] topics:[fn_call, CAAAAAAAAAAAAAAAAAAAAAAAAAAAAAAAAAAAAAAAAAAAAAAAAAAAHK3M, deposit], data:[CAAAAAAAAAAAAAAAAAAAAAAAAAAAAAAAAAAAAAAAAAAAAAAAAAAAITA4, 1]

Writing test snapshot file for test "prop_i8_transfer_shares" to "test_snapshots/prop_i8_transfer_shares.63.json".

thread 'prop_i8_transfer_shares' (3118483) panicked at /Users/igorfambonatti/.cargo/registry/src/index.crates.io-1949cf8c6b5b557f/soroban-env-host-26.1.3/src/host.rs:907:9:
HostError: Error(Contract, #7)

Event log (newest first):
   0: [Diagnostic Event] topics:[error, Error(Contract, #7)], data:"escalating error to panic"
   1: [Diagnostic Event] topics:[error, Error(Contract, #7)], data:["contract call failed", deposit, [CAAAAAAAAAAAAAAAAAAAAAAAAAAAAAAAAAAAAAAAAAAAAAAAAAAAITA4, 1]]
   2: [Failed Diagnostic Event (not emitted)] contract:CAAAAAAAAAAAAAAAAAAAAAAAAAAAAAAAAAAAAAAAAAAAAAAAAAAAHK3M, topics:[error, Error(Contract, #7)], data:"caught error from function"
   3: [Failed Diagnostic Event (not emitted)] contract:CAAAAAAAAAAAAAAAAAAAAAAAAAAAAAAAAAAAAAAAAAAAAAAAAAAAHK3M, topics:[error, Error(Contract, #7)], data:"escalating error to panic"
   4: [Failed Diagnostic Event (not emitted)] contract:CAAAAAAAAAAAAAAAAAAAAAAAAAAAAAAAAAAAAAAAAAAAAAAAAAAAHK3M, topics:[error, Error(Contract, #7)], data:["failing with contract error", 7]
   5: [Failed Diagnostic Event (not emitted)] contract:CBEPDNVYXQGWB5YUBXKJWYJA7OXTZW5LFLNO5JRRGE6Z6C5OSUZPCCEL, topics:[fn_return, balance], data:1
   6: [Failed Diagnostic Event (not emitted)] contract:CAAAAAAAAAAAAAAAAAAAAAAAAAAAAAAAAAAAAAAAAAAAAAAAAAAAHK3M, topics:[fn_call, CBEPDNVYXQGWB5YUBXKJWYJA7OXTZW5LFLNO5JRRGE6Z6C5OSUZPCCEL, balance], data:CAAAAAAAAAAAAAAAAAAAAAAAAAAAAAAAAAAAAAAAAAAAAAAAAAAAHK3M
   7: [Diagnostic Event] topics:[fn_call, CAAAAAAAAAAAAAAAAAAAAAAAAAAAAAAAAAAAAAAAAAAAAAAAAAAAHK3M, deposit], data:[CAAAAAAAAAAAAAAAAAAAAAAAAAAAAAAAAAAAAAAAAAAAAAAAAAAAITA4, 1]

Writing test snapshot file for test "prop_i8_transfer_shares" to "test_snapshots/prop_i8_transfer_shares.64.json".

thread 'prop_i8_transfer_shares' (3118483) panicked at /Users/igorfambonatti/.cargo/registry/src/index.crates.io-1949cf8c6b5b557f/soroban-env-host-26.1.3/src/host.rs:907:9:
HostError: Error(Contract, #7)

Event log (newest first):
   0: [Diagnostic Event] topics:[error, Error(Contract, #7)], data:"escalating error to panic"
   1: [Diagnostic Event] topics:[error, Error(Contract, #7)], data:["contract call failed", deposit, [CAAAAAAAAAAAAAAAAAAAAAAAAAAAAAAAAAAAAAAAAAAAAAAAAAAAITA4, 1]]
   2: [Failed Diagnostic Event (not emitted)] contract:CAAAAAAAAAAAAAAAAAAAAAAAAAAAAAAAAAAAAAAAAAAAAAAAAAAAHK3M, topics:[error, Error(Contract, #7)], data:"caught error from function"
   3: [Failed Diagnostic Event (not emitted)] contract:CAAAAAAAAAAAAAAAAAAAAAAAAAAAAAAAAAAAAAAAAAAAAAAAAAAAHK3M, topics:[error, Error(Contract, #7)], data:"escalating error to panic"
   4: [Failed Diagnostic Event (not emitted)] contract:CAAAAAAAAAAAAAAAAAAAAAAAAAAAAAAAAAAAAAAAAAAAAAAAAAAAHK3M, topics:[error, Error(Contract, #7)], data:["failing with contract error", 7]
   5: [Failed Diagnostic Event (not emitted)] contract:CBEPDNVYXQGWB5YUBXKJWYJA7OXTZW5LFLNO5JRRGE6Z6C5OSUZPCCEL, topics:[fn_return, balance], data:1
   6: [Failed Diagnostic Event (not emitted)] contract:CAAAAAAAAAAAAAAAAAAAAAAAAAAAAAAAAAAAAAAAAAAAAAAAAAAAHK3M, topics:[fn_call, CBEPDNVYXQGWB5YUBXKJWYJA7OXTZW5LFLNO5JRRGE6Z6C5OSUZPCCEL, balance], data:CAAAAAAAAAAAAAAAAAAAAAAAAAAAAAAAAAAAAAAAAAAAAAAAAAAAHK3M
   7: [Diagnostic Event] topics:[fn_call, CAAAAAAAAAAAAAAAAAAAAAAAAAAAAAAAAAAAAAAAAAAAAAAAAAAAHK3M, deposit], data:[CAAAAAAAAAAAAAAAAAAAAAAAAAAAAAAAAAAAAAAAAAAAAAAAAAAAITA4, 1]

Writing test snapshot file for test "prop_i8_transfer_shares" to "test_snapshots/prop_i8_transfer_shares.65.json".

thread 'prop_i8_transfer_shares' (3118483) panicked at /Users/igorfambonatti/.cargo/registry/src/index.crates.io-1949cf8c6b5b557f/soroban-env-host-26.1.3/src/host.rs:907:9:
HostError: Error(Contract, #7)

Event log (newest first):
   0: [Diagnostic Event] topics:[error, Error(Contract, #7)], data:"escalating error to panic"
   1: [Diagnostic Event] topics:[error, Error(Contract, #7)], data:["contract call failed", deposit, [CAAAAAAAAAAAAAAAAAAAAAAAAAAAAAAAAAAAAAAAAAAAAAAAAAAAITA4, 1]]
   2: [Failed Diagnostic Event (not emitted)] contract:CAAAAAAAAAAAAAAAAAAAAAAAAAAAAAAAAAAAAAAAAAAAAAAAAAAAHK3M, topics:[error, Error(Contract, #7)], data:"caught error from function"
   3: [Failed Diagnostic Event (not emitted)] contract:CAAAAAAAAAAAAAAAAAAAAAAAAAAAAAAAAAAAAAAAAAAAAAAAAAAAHK3M, topics:[error, Error(Contract, #7)], data:"escalating error to panic"
   4: [Failed Diagnostic Event (not emitted)] contract:CAAAAAAAAAAAAAAAAAAAAAAAAAAAAAAAAAAAAAAAAAAAAAAAAAAAHK3M, topics:[error, Error(Contract, #7)], data:["failing with contract error", 7]
   5: [Failed Diagnostic Event (not emitted)] contract:CBEPDNVYXQGWB5YUBXKJWYJA7OXTZW5LFLNO5JRRGE6Z6C5OSUZPCCEL, topics:[fn_return, balance], data:1
   6: [Failed Diagnostic Event (not emitted)] contract:CAAAAAAAAAAAAAAAAAAAAAAAAAAAAAAAAAAAAAAAAAAAAAAAAAAAHK3M, topics:[fn_call, CBEPDNVYXQGWB5YUBXKJWYJA7OXTZW5LFLNO5JRRGE6Z6C5OSUZPCCEL, balance], data:CAAAAAAAAAAAAAAAAAAAAAAAAAAAAAAAAAAAAAAAAAAAAAAAAAAAHK3M
   7: [Diagnostic Event] topics:[fn_call, CAAAAAAAAAAAAAAAAAAAAAAAAAAAAAAAAAAAAAAAAAAAAAAAAAAAHK3M, deposit], data:[CAAAAAAAAAAAAAAAAAAAAAAAAAAAAAAAAAAAAAAAAAAAAAAAAAAAITA4, 1]

Writing test snapshot file for test "prop_i8_transfer_shares" to "test_snapshots/prop_i8_transfer_shares.66.json".

thread 'prop_i8_transfer_shares' (3118483) panicked at /Users/igorfambonatti/.cargo/registry/src/index.crates.io-1949cf8c6b5b557f/soroban-env-host-26.1.3/src/host.rs:907:9:
HostError: Error(Contract, #7)

Event log (newest first):
   0: [Diagnostic Event] topics:[error, Error(Contract, #7)], data:"escalating error to panic"
   1: [Diagnostic Event] topics:[error, Error(Contract, #7)], data:["contract call failed", deposit, [CAAAAAAAAAAAAAAAAAAAAAAAAAAAAAAAAAAAAAAAAAAAAAAAAAAAITA4, 1]]
   2: [Failed Diagnostic Event (not emitted)] contract:CAAAAAAAAAAAAAAAAAAAAAAAAAAAAAAAAAAAAAAAAAAAAAAAAAAAHK3M, topics:[error, Error(Contract, #7)], data:"caught error from function"
   3: [Failed Diagnostic Event (not emitted)] contract:CAAAAAAAAAAAAAAAAAAAAAAAAAAAAAAAAAAAAAAAAAAAAAAAAAAAHK3M, topics:[error, Error(Contract, #7)], data:"escalating error to panic"
   4: [Failed Diagnostic Event (not emitted)] contract:CAAAAAAAAAAAAAAAAAAAAAAAAAAAAAAAAAAAAAAAAAAAAAAAAAAAHK3M, topics:[error, Error(Contract, #7)], data:["failing with contract error", 7]
   5: [Failed Diagnostic Event (not emitted)] contract:CBEPDNVYXQGWB5YUBXKJWYJA7OXTZW5LFLNO5JRRGE6Z6C5OSUZPCCEL, topics:[fn_return, balance], data:1
   6: [Failed Diagnostic Event (not emitted)] contract:CAAAAAAAAAAAAAAAAAAAAAAAAAAAAAAAAAAAAAAAAAAAAAAAAAAAHK3M, topics:[fn_call, CBEPDNVYXQGWB5YUBXKJWYJA7OXTZW5LFLNO5JRRGE6Z6C5OSUZPCCEL, balance], data:CAAAAAAAAAAAAAAAAAAAAAAAAAAAAAAAAAAAAAAAAAAAAAAAAAAAHK3M
   7: [Diagnostic Event] topics:[fn_call, CAAAAAAAAAAAAAAAAAAAAAAAAAAAAAAAAAAAAAAAAAAAAAAAAAAAHK3M, deposit], data:[CAAAAAAAAAAAAAAAAAAAAAAAAAAAAAAAAAAAAAAAAAAAAAAAAAAAITA4, 1]

Writing test snapshot file for test "prop_i8_transfer_shares" to "test_snapshots/prop_i8_transfer_shares.67.json".

thread 'prop_i8_transfer_shares' (3118483) panicked at /Users/igorfambonatti/.cargo/registry/src/index.crates.io-1949cf8c6b5b557f/soroban-env-host-26.1.3/src/host.rs:907:9:
HostError: Error(Contract, #7)

Event log (newest first):
   0: [Diagnostic Event] topics:[error, Error(Contract, #7)], data:"escalating error to panic"
   1: [Diagnostic Event] topics:[error, Error(Contract, #7)], data:["contract call failed", deposit, [CAAAAAAAAAAAAAAAAAAAAAAAAAAAAAAAAAAAAAAAAAAAAAAAAAAAITA4, 1]]
   2: [Failed Diagnostic Event (not emitted)] contract:CAAAAAAAAAAAAAAAAAAAAAAAAAAAAAAAAAAAAAAAAAAAAAAAAAAAHK3M, topics:[error, Error(Contract, #7)], data:"caught error from function"
   3: [Failed Diagnostic Event (not emitted)] contract:CAAAAAAAAAAAAAAAAAAAAAAAAAAAAAAAAAAAAAAAAAAAAAAAAAAAHK3M, topics:[error, Error(Contract, #7)], data:"escalating error to panic"
   4: [Failed Diagnostic Event (not emitted)] contract:CAAAAAAAAAAAAAAAAAAAAAAAAAAAAAAAAAAAAAAAAAAAAAAAAAAAHK3M, topics:[error, Error(Contract, #7)], data:["failing with contract error", 7]
   5: [Failed Diagnostic Event (not emitted)] contract:CBEPDNVYXQGWB5YUBXKJWYJA7OXTZW5LFLNO5JRRGE6Z6C5OSUZPCCEL, topics:[fn_return, balance], data:1
   6: [Failed Diagnostic Event (not emitted)] contract:CAAAAAAAAAAAAAAAAAAAAAAAAAAAAAAAAAAAAAAAAAAAAAAAAAAAHK3M, topics:[fn_call, CBEPDNVYXQGWB5YUBXKJWYJA7OXTZW5LFLNO5JRRGE6Z6C5OSUZPCCEL, balance], data:CAAAAAAAAAAAAAAAAAAAAAAAAAAAAAAAAAAAAAAAAAAAAAAAAAAAHK3M
   7: [Diagnostic Event] topics:[fn_call, CAAAAAAAAAAAAAAAAAAAAAAAAAAAAAAAAAAAAAAAAAAAAAAAAAAAHK3M, deposit], data:[CAAAAAAAAAAAAAAAAAAAAAAAAAAAAAAAAAAAAAAAAAAAAAAAAAAAITA4, 1]

Writing test snapshot file for test "prop_i8_transfer_shares" to "test_snapshots/prop_i8_transfer_shares.68.json".

thread 'prop_i8_transfer_shares' (3118483) panicked at /Users/igorfambonatti/.cargo/registry/src/index.crates.io-1949cf8c6b5b557f/soroban-env-host-26.1.3/src/host.rs:907:9:
HostError: Error(Contract, #7)

Event log (newest first):
   0: [Diagnostic Event] topics:[error, Error(Contract, #7)], data:"escalating error to panic"
   1: [Diagnostic Event] topics:[error, Error(Contract, #7)], data:["contract call failed", deposit, [CAAAAAAAAAAAAAAAAAAAAAAAAAAAAAAAAAAAAAAAAAAAAAAAAAAAITA4, 1]]
   2: [Failed Diagnostic Event (not emitted)] contract:CAAAAAAAAAAAAAAAAAAAAAAAAAAAAAAAAAAAAAAAAAAAAAAAAAAAHK3M, topics:[error, Error(Contract, #7)], data:"caught error from function"
   3: [Failed Diagnostic Event (not emitted)] contract:CAAAAAAAAAAAAAAAAAAAAAAAAAAAAAAAAAAAAAAAAAAAAAAAAAAAHK3M, topics:[error, Error(Contract, #7)], data:"escalating error to panic"
   4: [Failed Diagnostic Event (not emitted)] contract:CAAAAAAAAAAAAAAAAAAAAAAAAAAAAAAAAAAAAAAAAAAAAAAAAAAAHK3M, topics:[error, Error(Contract, #7)], data:["failing with contract error", 7]
   5: [Failed Diagnostic Event (not emitted)] contract:CBEPDNVYXQGWB5YUBXKJWYJA7OXTZW5LFLNO5JRRGE6Z6C5OSUZPCCEL, topics:[fn_return, balance], data:1
   6: [Failed Diagnostic Event (not emitted)] contract:CAAAAAAAAAAAAAAAAAAAAAAAAAAAAAAAAAAAAAAAAAAAAAAAAAAAHK3M, topics:[fn_call, CBEPDNVYXQGWB5YUBXKJWYJA7OXTZW5LFLNO5JRRGE6Z6C5OSUZPCCEL, balance], data:CAAAAAAAAAAAAAAAAAAAAAAAAAAAAAAAAAAAAAAAAAAAAAAAAAAAHK3M
   7: [Diagnostic Event] topics:[fn_call, CAAAAAAAAAAAAAAAAAAAAAAAAAAAAAAAAAAAAAAAAAAAAAAAAAAAHK3M, deposit], data:[CAAAAAAAAAAAAAAAAAAAAAAAAAAAAAAAAAAAAAAAAAAAAAAAAAAAITA4, 1]

Writing test snapshot file for test "prop_i8_transfer_shares" to "test_snapshots/prop_i8_transfer_shares.69.json".

thread 'prop_i8_transfer_shares' (3118483) panicked at /Users/igorfambonatti/.cargo/registry/src/index.crates.io-1949cf8c6b5b557f/soroban-env-host-26.1.3/src/host.rs:907:9:
HostError: Error(Contract, #7)

Event log (newest first):
   0: [Diagnostic Event] topics:[error, Error(Contract, #7)], data:"escalating error to panic"
   1: [Diagnostic Event] topics:[error, Error(Contract, #7)], data:["contract call failed", deposit, [CAAAAAAAAAAAAAAAAAAAAAAAAAAAAAAAAAAAAAAAAAAAAAAAAAAAITA4, 1]]
   2: [Failed Diagnostic Event (not emitted)] contract:CAAAAAAAAAAAAAAAAAAAAAAAAAAAAAAAAAAAAAAAAAAAAAAAAAAAHK3M, topics:[error, Error(Contract, #7)], data:"caught error from function"
   3: [Failed Diagnostic Event (not emitted)] contract:CAAAAAAAAAAAAAAAAAAAAAAAAAAAAAAAAAAAAAAAAAAAAAAAAAAAHK3M, topics:[error, Error(Contract, #7)], data:"escalating error to panic"
   4: [Failed Diagnostic Event (not emitted)] contract:CAAAAAAAAAAAAAAAAAAAAAAAAAAAAAAAAAAAAAAAAAAAAAAAAAAAHK3M, topics:[error, Error(Contract, #7)], data:["failing with contract error", 7]
   5: [Failed Diagnostic Event (not emitted)] contract:CBEPDNVYXQGWB5YUBXKJWYJA7OXTZW5LFLNO5JRRGE6Z6C5OSUZPCCEL, topics:[fn_return, balance], data:1
   6: [Failed Diagnostic Event (not emitted)] contract:CAAAAAAAAAAAAAAAAAAAAAAAAAAAAAAAAAAAAAAAAAAAAAAAAAAAHK3M, topics:[fn_call, CBEPDNVYXQGWB5YUBXKJWYJA7OXTZW5LFLNO5JRRGE6Z6C5OSUZPCCEL, balance], data:CAAAAAAAAAAAAAAAAAAAAAAAAAAAAAAAAAAAAAAAAAAAAAAAAAAAHK3M
   7: [Diagnostic Event] topics:[fn_call, CAAAAAAAAAAAAAAAAAAAAAAAAAAAAAAAAAAAAAAAAAAAAAAAAAAAHK3M, deposit], data:[CAAAAAAAAAAAAAAAAAAAAAAAAAAAAAAAAAAAAAAAAAAAAAAAAAAAITA4, 1]

Writing test snapshot file for test "prop_i8_transfer_shares" to "test_snapshots/prop_i8_transfer_shares.70.json".

thread 'prop_i8_transfer_shares' (3118483) panicked at /Users/igorfambonatti/.cargo/registry/src/index.crates.io-1949cf8c6b5b557f/soroban-env-host-26.1.3/src/host.rs:907:9:
HostError: Error(Contract, #7)

Event log (newest first):
   0: [Diagnostic Event] topics:[error, Error(Contract, #7)], data:"escalating error to panic"
   1: [Diagnostic Event] topics:[error, Error(Contract, #7)], data:["contract call failed", deposit, [CAAAAAAAAAAAAAAAAAAAAAAAAAAAAAAAAAAAAAAAAAAAAAAAAAAAITA4, 1]]
   2: [Failed Diagnostic Event (not emitted)] contract:CAAAAAAAAAAAAAAAAAAAAAAAAAAAAAAAAAAAAAAAAAAAAAAAAAAAHK3M, topics:[error, Error(Contract, #7)], data:"caught error from function"
   3: [Failed Diagnostic Event (not emitted)] contract:CAAAAAAAAAAAAAAAAAAAAAAAAAAAAAAAAAAAAAAAAAAAAAAAAAAAHK3M, topics:[error, Error(Contract, #7)], data:"escalating error to panic"
   4: [Failed Diagnostic Event (not emitted)] contract:CAAAAAAAAAAAAAAAAAAAAAAAAAAAAAAAAAAAAAAAAAAAAAAAAAAAHK3M, topics:[error, Error(Contract, #7)], data:["failing with contract error", 7]
   5: [Failed Diagnostic Event (not emitted)] contract:CBEPDNVYXQGWB5YUBXKJWYJA7OXTZW5LFLNO5JRRGE6Z6C5OSUZPCCEL, topics:[fn_return, balance], data:1
   6: [Failed Diagnostic Event (not emitted)] contract:CAAAAAAAAAAAAAAAAAAAAAAAAAAAAAAAAAAAAAAAAAAAAAAAAAAAHK3M, topics:[fn_call, CBEPDNVYXQGWB5YUBXKJWYJA7OXTZW5LFLNO5JRRGE6Z6C5OSUZPCCEL, balance], data:CAAAAAAAAAAAAAAAAAAAAAAAAAAAAAAAAAAAAAAAAAAAAAAAAAAAHK3M
   7: [Diagnostic Event] topics:[fn_call, CAAAAAAAAAAAAAAAAAAAAAAAAAAAAAAAAAAAAAAAAAAAAAAAAAAAHK3M, deposit], data:[CAAAAAAAAAAAAAAAAAAAAAAAAAAAAAAAAAAAAAAAAAAAAAAAAAAAITA4, 1]

Writing test snapshot file for test "prop_i8_transfer_shares" to "test_snapshots/prop_i8_transfer_shares.71.json".

thread 'prop_i8_transfer_shares' (3118483) panicked at /Users/igorfambonatti/.cargo/registry/src/index.crates.io-1949cf8c6b5b557f/soroban-env-host-26.1.3/src/host.rs:907:9:
HostError: Error(Contract, #7)

Event log (newest first):
   0: [Diagnostic Event] topics:[error, Error(Contract, #7)], data:"escalating error to panic"
   1: [Diagnostic Event] topics:[error, Error(Contract, #7)], data:["contract call failed", deposit, [CAAAAAAAAAAAAAAAAAAAAAAAAAAAAAAAAAAAAAAAAAAAAAAAAAAAITA4, 1]]
   2: [Failed Diagnostic Event (not emitted)] contract:CAAAAAAAAAAAAAAAAAAAAAAAAAAAAAAAAAAAAAAAAAAAAAAAAAAAHK3M, topics:[error, Error(Contract, #7)], data:"caught error from function"
   3: [Failed Diagnostic Event (not emitted)] contract:CAAAAAAAAAAAAAAAAAAAAAAAAAAAAAAAAAAAAAAAAAAAAAAAAAAAHK3M, topics:[error, Error(Contract, #7)], data:"escalating error to panic"
   4: [Failed Diagnostic Event (not emitted)] contract:CAAAAAAAAAAAAAAAAAAAAAAAAAAAAAAAAAAAAAAAAAAAAAAAAAAAHK3M, topics:[error, Error(Contract, #7)], data:["failing with contract error", 7]
   5: [Failed Diagnostic Event (not emitted)] contract:CBEPDNVYXQGWB5YUBXKJWYJA7OXTZW5LFLNO5JRRGE6Z6C5OSUZPCCEL, topics:[fn_return, balance], data:1
   6: [Failed Diagnostic Event (not emitted)] contract:CAAAAAAAAAAAAAAAAAAAAAAAAAAAAAAAAAAAAAAAAAAAAAAAAAAAHK3M, topics:[fn_call, CBEPDNVYXQGWB5YUBXKJWYJA7OXTZW5LFLNO5JRRGE6Z6C5OSUZPCCEL, balance], data:CAAAAAAAAAAAAAAAAAAAAAAAAAAAAAAAAAAAAAAAAAAAAAAAAAAAHK3M
   7: [Diagnostic Event] topics:[fn_call, CAAAAAAAAAAAAAAAAAAAAAAAAAAAAAAAAAAAAAAAAAAAAAAAAAAAHK3M, deposit], data:[CAAAAAAAAAAAAAAAAAAAAAAAAAAAAAAAAAAAAAAAAAAAAAAAAAAAITA4, 1]

Writing test snapshot file for test "prop_i8_transfer_shares" to "test_snapshots/prop_i8_transfer_shares.72.json".

thread 'prop_i8_transfer_shares' (3118483) panicked at /Users/igorfambonatti/.cargo/registry/src/index.crates.io-1949cf8c6b5b557f/soroban-env-host-26.1.3/src/host.rs:907:9:
HostError: Error(Contract, #7)

Event log (newest first):
   0: [Diagnostic Event] topics:[error, Error(Contract, #7)], data:"escalating error to panic"
   1: [Diagnostic Event] topics:[error, Error(Contract, #7)], data:["contract call failed", deposit, [CAAAAAAAAAAAAAAAAAAAAAAAAAAAAAAAAAAAAAAAAAAAAAAAAAAAITA4, 1]]
   2: [Failed Diagnostic Event (not emitted)] contract:CAAAAAAAAAAAAAAAAAAAAAAAAAAAAAAAAAAAAAAAAAAAAAAAAAAAHK3M, topics:[error, Error(Contract, #7)], data:"caught error from function"
   3: [Failed Diagnostic Event (not emitted)] contract:CAAAAAAAAAAAAAAAAAAAAAAAAAAAAAAAAAAAAAAAAAAAAAAAAAAAHK3M, topics:[error, Error(Contract, #7)], data:"escalating error to panic"
   4: [Failed Diagnostic Event (not emitted)] contract:CAAAAAAAAAAAAAAAAAAAAAAAAAAAAAAAAAAAAAAAAAAAAAAAAAAAHK3M, topics:[error, Error(Contract, #7)], data:["failing with contract error", 7]
   5: [Failed Diagnostic Event (not emitted)] contract:CBEPDNVYXQGWB5YUBXKJWYJA7OXTZW5LFLNO5JRRGE6Z6C5OSUZPCCEL, topics:[fn_return, balance], data:1
   6: [Failed Diagnostic Event (not emitted)] contract:CAAAAAAAAAAAAAAAAAAAAAAAAAAAAAAAAAAAAAAAAAAAAAAAAAAAHK3M, topics:[fn_call, CBEPDNVYXQGWB5YUBXKJWYJA7OXTZW5LFLNO5JRRGE6Z6C5OSUZPCCEL, balance], data:CAAAAAAAAAAAAAAAAAAAAAAAAAAAAAAAAAAAAAAAAAAAAAAAAAAAHK3M
   7: [Diagnostic Event] topics:[fn_call, CAAAAAAAAAAAAAAAAAAAAAAAAAAAAAAAAAAAAAAAAAAAAAAAAAAAHK3M, deposit], data:[CAAAAAAAAAAAAAAAAAAAAAAAAAAAAAAAAAAAAAAAAAAAAAAAAAAAITA4, 1]

Writing test snapshot file for test "prop_i8_transfer_shares" to "test_snapshots/prop_i8_transfer_shares.73.json".

thread 'prop_i8_transfer_shares' (3118483) panicked at /Users/igorfambonatti/.cargo/registry/src/index.crates.io-1949cf8c6b5b557f/soroban-env-host-26.1.3/src/host.rs:907:9:
HostError: Error(Contract, #7)

Event log (newest first):
   0: [Diagnostic Event] topics:[error, Error(Contract, #7)], data:"escalating error to panic"
   1: [Diagnostic Event] topics:[error, Error(Contract, #7)], data:["contract call failed", deposit, [CAAAAAAAAAAAAAAAAAAAAAAAAAAAAAAAAAAAAAAAAAAAAAAAAAAAITA4, 1]]
   2: [Failed Diagnostic Event (not emitted)] contract:CAAAAAAAAAAAAAAAAAAAAAAAAAAAAAAAAAAAAAAAAAAAAAAAAAAAHK3M, topics:[error, Error(Contract, #7)], data:"caught error from function"
   3: [Failed Diagnostic Event (not emitted)] contract:CAAAAAAAAAAAAAAAAAAAAAAAAAAAAAAAAAAAAAAAAAAAAAAAAAAAHK3M, topics:[error, Error(Contract, #7)], data:"escalating error to panic"
   4: [Failed Diagnostic Event (not emitted)] contract:CAAAAAAAAAAAAAAAAAAAAAAAAAAAAAAAAAAAAAAAAAAAAAAAAAAAHK3M, topics:[error, Error(Contract, #7)], data:["failing with contract error", 7]
   5: [Failed Diagnostic Event (not emitted)] contract:CBEPDNVYXQGWB5YUBXKJWYJA7OXTZW5LFLNO5JRRGE6Z6C5OSUZPCCEL, topics:[fn_return, balance], data:1
   6: [Failed Diagnostic Event (not emitted)] contract:CAAAAAAAAAAAAAAAAAAAAAAAAAAAAAAAAAAAAAAAAAAAAAAAAAAAHK3M, topics:[fn_call, CBEPDNVYXQGWB5YUBXKJWYJA7OXTZW5LFLNO5JRRGE6Z6C5OSUZPCCEL, balance], data:CAAAAAAAAAAAAAAAAAAAAAAAAAAAAAAAAAAAAAAAAAAAAAAAAAAAHK3M
   7: [Diagnostic Event] topics:[fn_call, CAAAAAAAAAAAAAAAAAAAAAAAAAAAAAAAAAAAAAAAAAAAAAAAAAAAHK3M, deposit], data:[CAAAAAAAAAAAAAAAAAAAAAAAAAAAAAAAAAAAAAAAAAAAAAAAAAAAITA4, 1]

Writing test snapshot file for test "prop_i8_transfer_shares" to "test_snapshots/prop_i8_transfer_shares.74.json".

thread 'prop_i8_transfer_shares' (3118483) panicked at /Users/igorfambonatti/.cargo/registry/src/index.crates.io-1949cf8c6b5b557f/soroban-env-host-26.1.3/src/host.rs:907:9:
HostError: Error(Contract, #7)

Event log (newest first):
   0: [Diagnostic Event] topics:[error, Error(Contract, #7)], data:"escalating error to panic"
   1: [Diagnostic Event] topics:[error, Error(Contract, #7)], data:["contract call failed", deposit, [CAAAAAAAAAAAAAAAAAAAAAAAAAAAAAAAAAAAAAAAAAAAAAAAAAAAITA4, 1]]
   2: [Failed Diagnostic Event (not emitted)] contract:CAAAAAAAAAAAAAAAAAAAAAAAAAAAAAAAAAAAAAAAAAAAAAAAAAAAHK3M, topics:[error, Error(Contract, #7)], data:"caught error from function"
   3: [Failed Diagnostic Event (not emitted)] contract:CAAAAAAAAAAAAAAAAAAAAAAAAAAAAAAAAAAAAAAAAAAAAAAAAAAAHK3M, topics:[error, Error(Contract, #7)], data:"escalating error to panic"
   4: [Failed Diagnostic Event (not emitted)] contract:CAAAAAAAAAAAAAAAAAAAAAAAAAAAAAAAAAAAAAAAAAAAAAAAAAAAHK3M, topics:[error, Error(Contract, #7)], data:["failing with contract error", 7]
   5: [Failed Diagnostic Event (not emitted)] contract:CBEPDNVYXQGWB5YUBXKJWYJA7OXTZW5LFLNO5JRRGE6Z6C5OSUZPCCEL, topics:[fn_return, balance], data:1
   6: [Failed Diagnostic Event (not emitted)] contract:CAAAAAAAAAAAAAAAAAAAAAAAAAAAAAAAAAAAAAAAAAAAAAAAAAAAHK3M, topics:[fn_call, CBEPDNVYXQGWB5YUBXKJWYJA7OXTZW5LFLNO5JRRGE6Z6C5OSUZPCCEL, balance], data:CAAAAAAAAAAAAAAAAAAAAAAAAAAAAAAAAAAAAAAAAAAAAAAAAAAAHK3M
   7: [Diagnostic Event] topics:[fn_call, CAAAAAAAAAAAAAAAAAAAAAAAAAAAAAAAAAAAAAAAAAAAAAAAAAAAHK3M, deposit], data:[CAAAAAAAAAAAAAAAAAAAAAAAAAAAAAAAAAAAAAAAAAAAAAAAAAAAITA4, 1]

Writing test snapshot file for test "prop_i8_transfer_shares" to "test_snapshots/prop_i8_transfer_shares.75.json".

thread 'prop_i8_transfer_shares' (3118483) panicked at /Users/igorfambonatti/.cargo/registry/src/index.crates.io-1949cf8c6b5b557f/soroban-env-host-26.1.3/src/host.rs:907:9:
HostError: Error(Contract, #7)

Event log (newest first):
   0: [Diagnostic Event] topics:[error, Error(Contract, #7)], data:"escalating error to panic"
   1: [Diagnostic Event] topics:[error, Error(Contract, #7)], data:["contract call failed", deposit, [CAAAAAAAAAAAAAAAAAAAAAAAAAAAAAAAAAAAAAAAAAAAAAAAAAAAITA4, 1]]
   2: [Failed Diagnostic Event (not emitted)] contract:CAAAAAAAAAAAAAAAAAAAAAAAAAAAAAAAAAAAAAAAAAAAAAAAAAAAHK3M, topics:[error, Error(Contract, #7)], data:"caught error from function"
   3: [Failed Diagnostic Event (not emitted)] contract:CAAAAAAAAAAAAAAAAAAAAAAAAAAAAAAAAAAAAAAAAAAAAAAAAAAAHK3M, topics:[error, Error(Contract, #7)], data:"escalating error to panic"
   4: [Failed Diagnostic Event (not emitted)] contract:CAAAAAAAAAAAAAAAAAAAAAAAAAAAAAAAAAAAAAAAAAAAAAAAAAAAHK3M, topics:[error, Error(Contract, #7)], data:["failing with contract error", 7]
   5: [Failed Diagnostic Event (not emitted)] contract:CBEPDNVYXQGWB5YUBXKJWYJA7OXTZW5LFLNO5JRRGE6Z6C5OSUZPCCEL, topics:[fn_return, balance], data:1
   6: [Failed Diagnostic Event (not emitted)] contract:CAAAAAAAAAAAAAAAAAAAAAAAAAAAAAAAAAAAAAAAAAAAAAAAAAAAHK3M, topics:[fn_call, CBEPDNVYXQGWB5YUBXKJWYJA7OXTZW5LFLNO5JRRGE6Z6C5OSUZPCCEL, balance], data:CAAAAAAAAAAAAAAAAAAAAAAAAAAAAAAAAAAAAAAAAAAAAAAAAAAAHK3M
   7: [Diagnostic Event] topics:[fn_call, CAAAAAAAAAAAAAAAAAAAAAAAAAAAAAAAAAAAAAAAAAAAAAAAAAAAHK3M, deposit], data:[CAAAAAAAAAAAAAAAAAAAAAAAAAAAAAAAAAAAAAAAAAAAAAAAAAAAITA4, 1]

Writing test snapshot file for test "prop_i8_transfer_shares" to "test_snapshots/prop_i8_transfer_shares.76.json".

thread 'prop_i8_transfer_shares' (3118483) panicked at /Users/igorfambonatti/.cargo/registry/src/index.crates.io-1949cf8c6b5b557f/soroban-env-host-26.1.3/src/host.rs:907:9:
HostError: Error(Contract, #7)

Event log (newest first):
   0: [Diagnostic Event] topics:[error, Error(Contract, #7)], data:"escalating error to panic"
   1: [Diagnostic Event] topics:[error, Error(Contract, #7)], data:["contract call failed", deposit, [CAAAAAAAAAAAAAAAAAAAAAAAAAAAAAAAAAAAAAAAAAAAAAAAAAAAITA4, 1]]
   2: [Failed Diagnostic Event (not emitted)] contract:CAAAAAAAAAAAAAAAAAAAAAAAAAAAAAAAAAAAAAAAAAAAAAAAAAAAHK3M, topics:[error, Error(Contract, #7)], data:"caught error from function"
   3: [Failed Diagnostic Event (not emitted)] contract:CAAAAAAAAAAAAAAAAAAAAAAAAAAAAAAAAAAAAAAAAAAAAAAAAAAAHK3M, topics:[error, Error(Contract, #7)], data:"escalating error to panic"
   4: [Failed Diagnostic Event (not emitted)] contract:CAAAAAAAAAAAAAAAAAAAAAAAAAAAAAAAAAAAAAAAAAAAAAAAAAAAHK3M, topics:[error, Error(Contract, #7)], data:["failing with contract error", 7]
   5: [Failed Diagnostic Event (not emitted)] contract:CBEPDNVYXQGWB5YUBXKJWYJA7OXTZW5LFLNO5JRRGE6Z6C5OSUZPCCEL, topics:[fn_return, balance], data:1
   6: [Failed Diagnostic Event (not emitted)] contract:CAAAAAAAAAAAAAAAAAAAAAAAAAAAAAAAAAAAAAAAAAAAAAAAAAAAHK3M, topics:[fn_call, CBEPDNVYXQGWB5YUBXKJWYJA7OXTZW5LFLNO5JRRGE6Z6C5OSUZPCCEL, balance], data:CAAAAAAAAAAAAAAAAAAAAAAAAAAAAAAAAAAAAAAAAAAAAAAAAAAAHK3M
   7: [Diagnostic Event] topics:[fn_call, CAAAAAAAAAAAAAAAAAAAAAAAAAAAAAAAAAAAAAAAAAAAAAAAAAAAHK3M, deposit], data:[CAAAAAAAAAAAAAAAAAAAAAAAAAAAAAAAAAAAAAAAAAAAAAAAAAAAITA4, 1]

Writing test snapshot file for test "prop_i8_transfer_shares" to "test_snapshots/prop_i8_transfer_shares.77.json".

thread 'prop_i8_transfer_shares' (3118483) panicked at /Users/igorfambonatti/.cargo/registry/src/index.crates.io-1949cf8c6b5b557f/soroban-env-host-26.1.3/src/host.rs:907:9:
HostError: Error(Contract, #7)

Event log (newest first):
   0: [Diagnostic Event] topics:[error, Error(Contract, #7)], data:"escalating error to panic"
   1: [Diagnostic Event] topics:[error, Error(Contract, #7)], data:["contract call failed", deposit, [CAAAAAAAAAAAAAAAAAAAAAAAAAAAAAAAAAAAAAAAAAAAAAAAAAAAITA4, 1]]
   2: [Failed Diagnostic Event (not emitted)] contract:CAAAAAAAAAAAAAAAAAAAAAAAAAAAAAAAAAAAAAAAAAAAAAAAAAAAHK3M, topics:[error, Error(Contract, #7)], data:"caught error from function"
   3: [Failed Diagnostic Event (not emitted)] contract:CAAAAAAAAAAAAAAAAAAAAAAAAAAAAAAAAAAAAAAAAAAAAAAAAAAAHK3M, topics:[error, Error(Contract, #7)], data:"escalating error to panic"
   4: [Failed Diagnostic Event (not emitted)] contract:CAAAAAAAAAAAAAAAAAAAAAAAAAAAAAAAAAAAAAAAAAAAAAAAAAAAHK3M, topics:[error, Error(Contract, #7)], data:["failing with contract error", 7]
   5: [Failed Diagnostic Event (not emitted)] contract:CBEPDNVYXQGWB5YUBXKJWYJA7OXTZW5LFLNO5JRRGE6Z6C5OSUZPCCEL, topics:[fn_return, balance], data:1
   6: [Failed Diagnostic Event (not emitted)] contract:CAAAAAAAAAAAAAAAAAAAAAAAAAAAAAAAAAAAAAAAAAAAAAAAAAAAHK3M, topics:[fn_call, CBEPDNVYXQGWB5YUBXKJWYJA7OXTZW5LFLNO5JRRGE6Z6C5OSUZPCCEL, balance], data:CAAAAAAAAAAAAAAAAAAAAAAAAAAAAAAAAAAAAAAAAAAAAAAAAAAAHK3M
   7: [Diagnostic Event] topics:[fn_call, CAAAAAAAAAAAAAAAAAAAAAAAAAAAAAAAAAAAAAAAAAAAAAAAAAAAHK3M, deposit], data:[CAAAAAAAAAAAAAAAAAAAAAAAAAAAAAAAAAAAAAAAAAAAAAAAAAAAITA4, 1]

Writing test snapshot file for test "prop_i8_transfer_shares" to "test_snapshots/prop_i8_transfer_shares.78.json".

thread 'prop_i8_transfer_shares' (3118483) panicked at /Users/igorfambonatti/.cargo/registry/src/index.crates.io-1949cf8c6b5b557f/soroban-env-host-26.1.3/src/host.rs:907:9:
HostError: Error(Contract, #7)

Event log (newest first):
   0: [Diagnostic Event] topics:[error, Error(Contract, #7)], data:"escalating error to panic"
   1: [Diagnostic Event] topics:[error, Error(Contract, #7)], data:["contract call failed", deposit, [CAAAAAAAAAAAAAAAAAAAAAAAAAAAAAAAAAAAAAAAAAAAAAAAAAAAITA4, 1]]
   2: [Failed Diagnostic Event (not emitted)] contract:CAAAAAAAAAAAAAAAAAAAAAAAAAAAAAAAAAAAAAAAAAAAAAAAAAAAHK3M, topics:[error, Error(Contract, #7)], data:"caught error from function"
   3: [Failed Diagnostic Event (not emitted)] contract:CAAAAAAAAAAAAAAAAAAAAAAAAAAAAAAAAAAAAAAAAAAAAAAAAAAAHK3M, topics:[error, Error(Contract, #7)], data:"escalating error to panic"
   4: [Failed Diagnostic Event (not emitted)] contract:CAAAAAAAAAAAAAAAAAAAAAAAAAAAAAAAAAAAAAAAAAAAAAAAAAAAHK3M, topics:[error, Error(Contract, #7)], data:["failing with contract error", 7]
   5: [Failed Diagnostic Event (not emitted)] contract:CBEPDNVYXQGWB5YUBXKJWYJA7OXTZW5LFLNO5JRRGE6Z6C5OSUZPCCEL, topics:[fn_return, balance], data:1
   6: [Failed Diagnostic Event (not emitted)] contract:CAAAAAAAAAAAAAAAAAAAAAAAAAAAAAAAAAAAAAAAAAAAAAAAAAAAHK3M, topics:[fn_call, CBEPDNVYXQGWB5YUBXKJWYJA7OXTZW5LFLNO5JRRGE6Z6C5OSUZPCCEL, balance], data:CAAAAAAAAAAAAAAAAAAAAAAAAAAAAAAAAAAAAAAAAAAAAAAAAAAAHK3M
   7: [Diagnostic Event] topics:[fn_call, CAAAAAAAAAAAAAAAAAAAAAAAAAAAAAAAAAAAAAAAAAAAAAAAAAAAHK3M, deposit], data:[CAAAAAAAAAAAAAAAAAAAAAAAAAAAAAAAAAAAAAAAAAAAAAAAAAAAITA4, 1]

Writing test snapshot file for test "prop_i8_transfer_shares" to "test_snapshots/prop_i8_transfer_shares.79.json".

thread 'prop_i8_transfer_shares' (3118483) panicked at /Users/igorfambonatti/.cargo/registry/src/index.crates.io-1949cf8c6b5b557f/soroban-env-host-26.1.3/src/host.rs:907:9:
HostError: Error(Contract, #7)

Event log (newest first):
   0: [Diagnostic Event] topics:[error, Error(Contract, #7)], data:"escalating error to panic"
   1: [Diagnostic Event] topics:[error, Error(Contract, #7)], data:["contract call failed", deposit, [CAAAAAAAAAAAAAAAAAAAAAAAAAAAAAAAAAAAAAAAAAAAAAAAAAAAITA4, 1]]
   2: [Failed Diagnostic Event (not emitted)] contract:CAAAAAAAAAAAAAAAAAAAAAAAAAAAAAAAAAAAAAAAAAAAAAAAAAAAHK3M, topics:[error, Error(Contract, #7)], data:"caught error from function"
   3: [Failed Diagnostic Event (not emitted)] contract:CAAAAAAAAAAAAAAAAAAAAAAAAAAAAAAAAAAAAAAAAAAAAAAAAAAAHK3M, topics:[error, Error(Contract, #7)], data:"escalating error to panic"
   4: [Failed Diagnostic Event (not emitted)] contract:CAAAAAAAAAAAAAAAAAAAAAAAAAAAAAAAAAAAAAAAAAAAAAAAAAAAHK3M, topics:[error, Error(Contract, #7)], data:["failing with contract error", 7]
   5: [Failed Diagnostic Event (not emitted)] contract:CBEPDNVYXQGWB5YUBXKJWYJA7OXTZW5LFLNO5JRRGE6Z6C5OSUZPCCEL, topics:[fn_return, balance], data:1
   6: [Failed Diagnostic Event (not emitted)] contract:CAAAAAAAAAAAAAAAAAAAAAAAAAAAAAAAAAAAAAAAAAAAAAAAAAAAHK3M, topics:[fn_call, CBEPDNVYXQGWB5YUBXKJWYJA7OXTZW5LFLNO5JRRGE6Z6C5OSUZPCCEL, balance], data:CAAAAAAAAAAAAAAAAAAAAAAAAAAAAAAAAAAAAAAAAAAAAAAAAAAAHK3M
   7: [Diagnostic Event] topics:[fn_call, CAAAAAAAAAAAAAAAAAAAAAAAAAAAAAAAAAAAAAAAAAAAAAAAAAAAHK3M, deposit], data:[CAAAAAAAAAAAAAAAAAAAAAAAAAAAAAAAAAAAAAAAAAAAAAAAAAAAITA4, 1]

Writing test snapshot file for test "prop_i8_transfer_shares" to "test_snapshots/prop_i8_transfer_shares.80.json".

thread 'prop_i8_transfer_shares' (3118483) panicked at /Users/igorfambonatti/.cargo/registry/src/index.crates.io-1949cf8c6b5b557f/soroban-env-host-26.1.3/src/host.rs:907:9:
HostError: Error(Contract, #7)

Event log (newest first):
   0: [Diagnostic Event] topics:[error, Error(Contract, #7)], data:"escalating error to panic"
   1: [Diagnostic Event] topics:[error, Error(Contract, #7)], data:["contract call failed", deposit, [CAAAAAAAAAAAAAAAAAAAAAAAAAAAAAAAAAAAAAAAAAAAAAAAAAAAITA4, 1]]
   2: [Failed Diagnostic Event (not emitted)] contract:CAAAAAAAAAAAAAAAAAAAAAAAAAAAAAAAAAAAAAAAAAAAAAAAAAAAHK3M, topics:[error, Error(Contract, #7)], data:"caught error from function"
   3: [Failed Diagnostic Event (not emitted)] contract:CAAAAAAAAAAAAAAAAAAAAAAAAAAAAAAAAAAAAAAAAAAAAAAAAAAAHK3M, topics:[error, Error(Contract, #7)], data:"escalating error to panic"
   4: [Failed Diagnostic Event (not emitted)] contract:CAAAAAAAAAAAAAAAAAAAAAAAAAAAAAAAAAAAAAAAAAAAAAAAAAAAHK3M, topics:[error, Error(Contract, #7)], data:["failing with contract error", 7]
   5: [Failed Diagnostic Event (not emitted)] contract:CBEPDNVYXQGWB5YUBXKJWYJA7OXTZW5LFLNO5JRRGE6Z6C5OSUZPCCEL, topics:[fn_return, balance], data:1
   6: [Failed Diagnostic Event (not emitted)] contract:CAAAAAAAAAAAAAAAAAAAAAAAAAAAAAAAAAAAAAAAAAAAAAAAAAAAHK3M, topics:[fn_call, CBEPDNVYXQGWB5YUBXKJWYJA7OXTZW5LFLNO5JRRGE6Z6C5OSUZPCCEL, balance], data:CAAAAAAAAAAAAAAAAAAAAAAAAAAAAAAAAAAAAAAAAAAAAAAAAAAAHK3M
   7: [Diagnostic Event] topics:[fn_call, CAAAAAAAAAAAAAAAAAAAAAAAAAAAAAAAAAAAAAAAAAAAAAAAAAAAHK3M, deposit], data:[CAAAAAAAAAAAAAAAAAAAAAAAAAAAAAAAAAAAAAAAAAAAAAAAAAAAITA4, 1]

Writing test snapshot file for test "prop_i8_transfer_shares" to "test_snapshots/prop_i8_transfer_shares.81.json".

thread 'prop_i8_transfer_shares' (3118483) panicked at /Users/igorfambonatti/.cargo/registry/src/index.crates.io-1949cf8c6b5b557f/soroban-env-host-26.1.3/src/host.rs:907:9:
HostError: Error(Contract, #7)

Event log (newest first):
   0: [Diagnostic Event] topics:[error, Error(Contract, #7)], data:"escalating error to panic"
   1: [Diagnostic Event] topics:[error, Error(Contract, #7)], data:["contract call failed", deposit, [CAAAAAAAAAAAAAAAAAAAAAAAAAAAAAAAAAAAAAAAAAAAAAAAAAAAITA4, 1]]
   2: [Failed Diagnostic Event (not emitted)] contract:CAAAAAAAAAAAAAAAAAAAAAAAAAAAAAAAAAAAAAAAAAAAAAAAAAAAHK3M, topics:[error, Error(Contract, #7)], data:"caught error from function"
   3: [Failed Diagnostic Event (not emitted)] contract:CAAAAAAAAAAAAAAAAAAAAAAAAAAAAAAAAAAAAAAAAAAAAAAAAAAAHK3M, topics:[error, Error(Contract, #7)], data:"escalating error to panic"
   4: [Failed Diagnostic Event (not emitted)] contract:CAAAAAAAAAAAAAAAAAAAAAAAAAAAAAAAAAAAAAAAAAAAAAAAAAAAHK3M, topics:[error, Error(Contract, #7)], data:["failing with contract error", 7]
   5: [Failed Diagnostic Event (not emitted)] contract:CBEPDNVYXQGWB5YUBXKJWYJA7OXTZW5LFLNO5JRRGE6Z6C5OSUZPCCEL, topics:[fn_return, balance], data:1
   6: [Failed Diagnostic Event (not emitted)] contract:CAAAAAAAAAAAAAAAAAAAAAAAAAAAAAAAAAAAAAAAAAAAAAAAAAAAHK3M, topics:[fn_call, CBEPDNVYXQGWB5YUBXKJWYJA7OXTZW5LFLNO5JRRGE6Z6C5OSUZPCCEL, balance], data:CAAAAAAAAAAAAAAAAAAAAAAAAAAAAAAAAAAAAAAAAAAAAAAAAAAAHK3M
   7: [Diagnostic Event] topics:[fn_call, CAAAAAAAAAAAAAAAAAAAAAAAAAAAAAAAAAAAAAAAAAAAAAAAAAAAHK3M, deposit], data:[CAAAAAAAAAAAAAAAAAAAAAAAAAAAAAAAAAAAAAAAAAAAAAAAAAAAITA4, 1]

Writing test snapshot file for test "prop_i8_transfer_shares" to "test_snapshots/prop_i8_transfer_shares.82.json".

thread 'prop_i8_transfer_shares' (3118483) panicked at /Users/igorfambonatti/.cargo/registry/src/index.crates.io-1949cf8c6b5b557f/soroban-env-host-26.1.3/src/host.rs:907:9:
HostError: Error(Contract, #7)

Event log (newest first):
   0: [Diagnostic Event] topics:[error, Error(Contract, #7)], data:"escalating error to panic"
   1: [Diagnostic Event] topics:[error, Error(Contract, #7)], data:["contract call failed", deposit, [CAAAAAAAAAAAAAAAAAAAAAAAAAAAAAAAAAAAAAAAAAAAAAAAAAAAITA4, 1]]
   2: [Failed Diagnostic Event (not emitted)] contract:CAAAAAAAAAAAAAAAAAAAAAAAAAAAAAAAAAAAAAAAAAAAAAAAAAAAHK3M, topics:[error, Error(Contract, #7)], data:"caught error from function"
   3: [Failed Diagnostic Event (not emitted)] contract:CAAAAAAAAAAAAAAAAAAAAAAAAAAAAAAAAAAAAAAAAAAAAAAAAAAAHK3M, topics:[error, Error(Contract, #7)], data:"escalating error to panic"
   4: [Failed Diagnostic Event (not emitted)] contract:CAAAAAAAAAAAAAAAAAAAAAAAAAAAAAAAAAAAAAAAAAAAAAAAAAAAHK3M, topics:[error, Error(Contract, #7)], data:["failing with contract error", 7]
   5: [Failed Diagnostic Event (not emitted)] contract:CBEPDNVYXQGWB5YUBXKJWYJA7OXTZW5LFLNO5JRRGE6Z6C5OSUZPCCEL, topics:[fn_return, balance], data:1
   6: [Failed Diagnostic Event (not emitted)] contract:CAAAAAAAAAAAAAAAAAAAAAAAAAAAAAAAAAAAAAAAAAAAAAAAAAAAHK3M, topics:[fn_call, CBEPDNVYXQGWB5YUBXKJWYJA7OXTZW5LFLNO5JRRGE6Z6C5OSUZPCCEL, balance], data:CAAAAAAAAAAAAAAAAAAAAAAAAAAAAAAAAAAAAAAAAAAAAAAAAAAAHK3M
   7: [Diagnostic Event] topics:[fn_call, CAAAAAAAAAAAAAAAAAAAAAAAAAAAAAAAAAAAAAAAAAAAAAAAAAAAHK3M, deposit], data:[CAAAAAAAAAAAAAAAAAAAAAAAAAAAAAAAAAAAAAAAAAAAAAAAAAAAITA4, 1]

Writing test snapshot file for test "prop_i8_transfer_shares" to "test_snapshots/prop_i8_transfer_shares.83.json".

thread 'prop_i8_transfer_shares' (3118483) panicked at 04-prototype-development/contracts/soroban-vault/tests/proptest_ai.rs:1084:1:
Test failed: HostError: Error(Contract, #7)

Event log (newest first):
   0: [Diagnostic Event] topics:[error, Error(Contract, #7)], data:"escalating error to panic"
   1: [Diagnostic Event] topics:[error, Error(Contract, #7)], data:["contract call failed", deposit, [CAAAAAAAAAAAAAAAAAAAAAAAAAAAAAAAAAAAAAAAAAAAAAAAAAAAITA4, 1]]
   2: [Failed Diagnostic Event (not emitted)] contract:CAAAAAAAAAAAAAAAAAAAAAAAAAAAAAAAAAAAAAAAAAAAAAAAAAAAHK3M, topics:[error, Error(Contract, #7)], data:"caught error from function"
   3: [Failed Diagnostic Event (not emitted)] contract:CAAAAAAAAAAAAAAAAAAAAAAAAAAAAAAAAAAAAAAAAAAAAAAAAAAAHK3M, topics:[error, Error(Contract, #7)], data:"escalating error to panic"
   4: [Failed Diagnostic Event (not emitted)] contract:CAAAAAAAAAAAAAAAAAAAAAAAAAAAAAAAAAAAAAAAAAAAAAAAAAAAHK3M, topics:[error, Error(Contract, #7)], data:["failing with contract error", 7]
   5: [Failed Diagnostic Event (not emitted)] contract:CBEPDNVYXQGWB5YUBXKJWYJA7OXTZW5LFLNO5JRRGE6Z6C5OSUZPCCEL, topics:[fn_return, balance], data:1
   6: [Failed Diagnostic Event (not emitted)] contract:CAAAAAAAAAAAAAAAAAAAAAAAAAAAAAAAAAAAAAAAAAAAAAAAAAAAHK3M, topics:[fn_call, CBEPDNVYXQGWB5YUBXKJWYJA7OXTZW5LFLNO5JRRGE6Z6C5OSUZPCCEL, balance], data:CAAAAAAAAAAAAAAAAAAAAAAAAAAAAAAAAAAAAAAAAAAAAAAAAAAAHK3M
   7: [Diagnostic Event] topics:[fn_call, CAAAAAAAAAAAAAAAAAAAAAAAAAAAAAAAAAAAAAAAAAAAAAAAAAAAHK3M, deposit], data:[CAAAAAAAAAAAAAAAAAAAAAAAAAAAAAAAAAAAAAAAAAAAAAAAAAAAITA4, 1]
.
minimal failing input: seeder = 0, (from, to) = (
    0,
    0,
), seed = 1, seed2 = 1, shares = 1
	successes: 0
	local rejects: 0
	global rejects: 0


---- prop_exact_share_accounting stdout ----
proptest: FileFailurePersistence::SourceParallel set, but failed to find lib.rs or main.rs
Writing test snapshot file for test "prop_exact_share_accounting" to "test_snapshots/prop_exact_share_accounting.1.json".
Writing test snapshot file for test "prop_exact_share_accounting" to "test_snapshots/prop_exact_share_accounting.2.json".
Writing test snapshot file for test "prop_exact_share_accounting" to "test_snapshots/prop_exact_share_accounting.3.json".
Writing test snapshot file for test "prop_exact_share_accounting" to "test_snapshots/prop_exact_share_accounting.4.json".
Writing test snapshot file for test "prop_exact_share_accounting" to "test_snapshots/prop_exact_share_accounting.5.json".
Writing test snapshot file for test "prop_exact_share_accounting" to "test_snapshots/prop_exact_share_accounting.6.json".
Writing test snapshot file for test "prop_exact_share_accounting" to "test_snapshots/prop_exact_share_accounting.7.json".
Writing test snapshot file for test "prop_exact_share_accounting" to "test_snapshots/prop_exact_share_accounting.8.json".
Writing test snapshot file for test "prop_exact_share_accounting" to "test_snapshots/prop_exact_share_accounting.9.json".
Writing test snapshot file for test "prop_exact_share_accounting" to "test_snapshots/prop_exact_share_accounting.10.json".
Writing test snapshot file for test "prop_exact_share_accounting" to "test_snapshots/prop_exact_share_accounting.11.json".
Writing test snapshot file for test "prop_exact_share_accounting" to "test_snapshots/prop_exact_share_accounting.12.json".
Writing test snapshot file for test "prop_exact_share_accounting" to "test_snapshots/prop_exact_share_accounting.13.json".
Writing test snapshot file for test "prop_exact_share_accounting" to "test_snapshots/prop_exact_share_accounting.14.json".
Writing test snapshot file for test "prop_exact_share_accounting" to "test_snapshots/prop_exact_share_accounting.15.json".
Writing test snapshot file for test "prop_exact_share_accounting" to "test_snapshots/prop_exact_share_accounting.16.json".
Writing test snapshot file for test "prop_exact_share_accounting" to "test_snapshots/prop_exact_share_accounting.17.json".
Writing test snapshot file for test "prop_exact_share_accounting" to "test_snapshots/prop_exact_share_accounting.18.json".
Writing test snapshot file for test "prop_exact_share_accounting" to "test_snapshots/prop_exact_share_accounting.19.json".
Writing test snapshot file for test "prop_exact_share_accounting" to "test_snapshots/prop_exact_share_accounting.20.json".
Writing test snapshot file for test "prop_exact_share_accounting" to "test_snapshots/prop_exact_share_accounting.21.json".
Writing test snapshot file for test "prop_exact_share_accounting" to "test_snapshots/prop_exact_share_accounting.22.json".
Writing test snapshot file for test "prop_exact_share_accounting" to "test_snapshots/prop_exact_share_accounting.23.json".
Writing test snapshot file for test "prop_exact_share_accounting" to "test_snapshots/prop_exact_share_accounting.24.json".
Writing test snapshot file for test "prop_exact_share_accounting" to "test_snapshots/prop_exact_share_accounting.25.json".
Writing test snapshot file for test "prop_exact_share_accounting" to "test_snapshots/prop_exact_share_accounting.26.json".
Writing test snapshot file for test "prop_exact_share_accounting" to "test_snapshots/prop_exact_share_accounting.27.json".
Writing test snapshot file for test "prop_exact_share_accounting" to "test_snapshots/prop_exact_share_accounting.28.json".
Writing test snapshot file for test "prop_exact_share_accounting" to "test_snapshots/prop_exact_share_accounting.29.json".
Writing test snapshot file for test "prop_exact_share_accounting" to "test_snapshots/prop_exact_share_accounting.30.json".
Writing test snapshot file for test "prop_exact_share_accounting" to "test_snapshots/prop_exact_share_accounting.31.json".
Writing test snapshot file for test "prop_exact_share_accounting" to "test_snapshots/prop_exact_share_accounting.32.json".
Writing test snapshot file for test "prop_exact_share_accounting" to "test_snapshots/prop_exact_share_accounting.33.json".
Writing test snapshot file for test "prop_exact_share_accounting" to "test_snapshots/prop_exact_share_accounting.34.json".
Writing test snapshot file for test "prop_exact_share_accounting" to "test_snapshots/prop_exact_share_accounting.35.json".
Writing test snapshot file for test "prop_exact_share_accounting" to "test_snapshots/prop_exact_share_accounting.36.json".
Writing test snapshot file for test "prop_exact_share_accounting" to "test_snapshots/prop_exact_share_accounting.37.json".
Writing test snapshot file for test "prop_exact_share_accounting" to "test_snapshots/prop_exact_share_accounting.38.json".
Writing test snapshot file for test "prop_exact_share_accounting" to "test_snapshots/prop_exact_share_accounting.39.json".
Writing test snapshot file for test "prop_exact_share_accounting" to "test_snapshots/prop_exact_share_accounting.40.json".
Writing test snapshot file for test "prop_exact_share_accounting" to "test_snapshots/prop_exact_share_accounting.41.json".
Writing test snapshot file for test "prop_exact_share_accounting" to "test_snapshots/prop_exact_share_accounting.42.json".
Writing test snapshot file for test "prop_exact_share_accounting" to "test_snapshots/prop_exact_share_accounting.43.json".
Writing test snapshot file for test "prop_exact_share_accounting" to "test_snapshots/prop_exact_share_accounting.44.json".
Writing test snapshot file for test "prop_exact_share_accounting" to "test_snapshots/prop_exact_share_accounting.45.json".
Writing test snapshot file for test "prop_exact_share_accounting" to "test_snapshots/prop_exact_share_accounting.46.json".
Writing test snapshot file for test "prop_exact_share_accounting" to "test_snapshots/prop_exact_share_accounting.47.json".
Writing test snapshot file for test "prop_exact_share_accounting" to "test_snapshots/prop_exact_share_accounting.48.json".
Writing test snapshot file for test "prop_exact_share_accounting" to "test_snapshots/prop_exact_share_accounting.49.json".
Writing test snapshot file for test "prop_exact_share_accounting" to "test_snapshots/prop_exact_share_accounting.50.json".
Writing test snapshot file for test "prop_exact_share_accounting" to "test_snapshots/prop_exact_share_accounting.51.json".
Writing test snapshot file for test "prop_exact_share_accounting" to "test_snapshots/prop_exact_share_accounting.52.json".
Writing test snapshot file for test "prop_exact_share_accounting" to "test_snapshots/prop_exact_share_accounting.53.json".
Writing test snapshot file for test "prop_exact_share_accounting" to "test_snapshots/prop_exact_share_accounting.54.json".
Writing test snapshot file for test "prop_exact_share_accounting" to "test_snapshots/prop_exact_share_accounting.55.json".
Writing test snapshot file for test "prop_exact_share_accounting" to "test_snapshots/prop_exact_share_accounting.56.json".
Writing test snapshot file for test "prop_exact_share_accounting" to "test_snapshots/prop_exact_share_accounting.57.json".
Writing test snapshot file for test "prop_exact_share_accounting" to "test_snapshots/prop_exact_share_accounting.58.json".
Writing test snapshot file for test "prop_exact_share_accounting" to "test_snapshots/prop_exact_share_accounting.59.json".
Writing test snapshot file for test "prop_exact_share_accounting" to "test_snapshots/prop_exact_share_accounting.60.json".
Writing test snapshot file for test "prop_exact_share_accounting" to "test_snapshots/prop_exact_share_accounting.61.json".
Writing test snapshot file for test "prop_exact_share_accounting" to "test_snapshots/prop_exact_share_accounting.62.json".
Writing test snapshot file for test "prop_exact_share_accounting" to "test_snapshots/prop_exact_share_accounting.63.json".
Writing test snapshot file for test "prop_exact_share_accounting" to "test_snapshots/prop_exact_share_accounting.64.json".
Writing test snapshot file for test "prop_exact_share_accounting" to "test_snapshots/prop_exact_share_accounting.65.json".
Writing test snapshot file for test "prop_exact_share_accounting" to "test_snapshots/prop_exact_share_accounting.66.json".
Writing test snapshot file for test "prop_exact_share_accounting" to "test_snapshots/prop_exact_share_accounting.67.json".
Writing test snapshot file for test "prop_exact_share_accounting" to "test_snapshots/prop_exact_share_accounting.68.json".
Writing test snapshot file for test "prop_exact_share_accounting" to "test_snapshots/prop_exact_share_accounting.69.json".
Writing test snapshot file for test "prop_exact_share_accounting" to "test_snapshots/prop_exact_share_accounting.70.json".
Writing test snapshot file for test "prop_exact_share_accounting" to "test_snapshots/prop_exact_share_accounting.71.json".
Writing test snapshot file for test "prop_exact_share_accounting" to "test_snapshots/prop_exact_share_accounting.72.json".
Writing test snapshot file for test "prop_exact_share_accounting" to "test_snapshots/prop_exact_share_accounting.73.json".
Writing test snapshot file for test "prop_exact_share_accounting" to "test_snapshots/prop_exact_share_accounting.74.json".
Writing test snapshot file for test "prop_exact_share_accounting" to "test_snapshots/prop_exact_share_accounting.75.json".
Writing test snapshot file for test "prop_exact_share_accounting" to "test_snapshots/prop_exact_share_accounting.76.json".
Writing test snapshot file for test "prop_exact_share_accounting" to "test_snapshots/prop_exact_share_accounting.77.json".
Writing test snapshot file for test "prop_exact_share_accounting" to "test_snapshots/prop_exact_share_accounting.78.json".
Writing test snapshot file for test "prop_exact_share_accounting" to "test_snapshots/prop_exact_share_accounting.79.json".
Writing test snapshot file for test "prop_exact_share_accounting" to "test_snapshots/prop_exact_share_accounting.80.json".
Writing test snapshot file for test "prop_exact_share_accounting" to "test_snapshots/prop_exact_share_accounting.81.json".
Writing test snapshot file for test "prop_exact_share_accounting" to "test_snapshots/prop_exact_share_accounting.82.json".
Writing test snapshot file for test "prop_exact_share_accounting" to "test_snapshots/prop_exact_share_accounting.83.json".
Writing test snapshot file for test "prop_exact_share_accounting" to "test_snapshots/prop_exact_share_accounting.84.json".
Writing test snapshot file for test "prop_exact_share_accounting" to "test_snapshots/prop_exact_share_accounting.85.json".
Writing test snapshot file for test "prop_exact_share_accounting" to "test_snapshots/prop_exact_share_accounting.86.json".
Writing test snapshot file for test "prop_exact_share_accounting" to "test_snapshots/prop_exact_share_accounting.87.json".

thread 'prop_exact_share_accounting' (3118477) panicked at 04-prototype-development/contracts/soroban-vault/tests/proptest_ai.rs:885:1:
Test failed: after the seed deposit T == -1, expected 1 at 04-prototype-development/contracts/soroban-vault/tests/proptest_ai.rs:915.
minimal failing input: seeder = 0, depositor = 0, d1 = 1, d2 = 1, donation = 0, w = 1
	successes: 0
	local rejects: 0
	global rejects: 0


---- prop_i10_balance_ttl_on_first_write stdout ----
proptest: FileFailurePersistence::SourceParallel set, but failed to find lib.rs or main.rs
Writing test snapshot file for test "prop_i10_balance_ttl_on_first_write" to "test_snapshots/prop_i10_balance_ttl_on_first_write.1.json".
Writing test snapshot file for test "prop_i10_balance_ttl_on_first_write" to "test_snapshots/prop_i10_balance_ttl_on_first_write.2.json".
Writing test snapshot file for test "prop_i10_balance_ttl_on_first_write" to "test_snapshots/prop_i10_balance_ttl_on_first_write.3.json".
Writing test snapshot file for test "prop_i10_balance_ttl_on_first_write" to "test_snapshots/prop_i10_balance_ttl_on_first_write.4.json".
Writing test snapshot file for test "prop_i10_balance_ttl_on_first_write" to "test_snapshots/prop_i10_balance_ttl_on_first_write.5.json".
Writing test snapshot file for test "prop_i10_balance_ttl_on_first_write" to "test_snapshots/prop_i10_balance_ttl_on_first_write.6.json".
Writing test snapshot file for test "prop_i10_balance_ttl_on_first_write" to "test_snapshots/prop_i10_balance_ttl_on_first_write.7.json".
Writing test snapshot file for test "prop_i10_balance_ttl_on_first_write" to "test_snapshots/prop_i10_balance_ttl_on_first_write.8.json".
Writing test snapshot file for test "prop_i10_balance_ttl_on_first_write" to "test_snapshots/prop_i10_balance_ttl_on_first_write.9.json".
Writing test snapshot file for test "prop_i10_balance_ttl_on_first_write" to "test_snapshots/prop_i10_balance_ttl_on_first_write.10.json".
Writing test snapshot file for test "prop_i10_balance_ttl_on_first_write" to "test_snapshots/prop_i10_balance_ttl_on_first_write.11.json".
Writing test snapshot file for test "prop_i10_balance_ttl_on_first_write" to "test_snapshots/prop_i10_balance_ttl_on_first_write.12.json".
Writing test snapshot file for test "prop_i10_balance_ttl_on_first_write" to "test_snapshots/prop_i10_balance_ttl_on_first_write.13.json".
Writing test snapshot file for test "prop_i10_balance_ttl_on_first_write" to "test_snapshots/prop_i10_balance_ttl_on_first_write.14.json".
Writing test snapshot file for test "prop_i10_balance_ttl_on_first_write" to "test_snapshots/prop_i10_balance_ttl_on_first_write.15.json".
Writing test snapshot file for test "prop_i10_balance_ttl_on_first_write" to "test_snapshots/prop_i10_balance_ttl_on_first_write.16.json".
Writing test snapshot file for test "prop_i10_balance_ttl_on_first_write" to "test_snapshots/prop_i10_balance_ttl_on_first_write.17.json".
Writing test snapshot file for test "prop_i10_balance_ttl_on_first_write" to "test_snapshots/prop_i10_balance_ttl_on_first_write.18.json".
Writing test snapshot file for test "prop_i10_balance_ttl_on_first_write" to "test_snapshots/prop_i10_balance_ttl_on_first_write.19.json".
Writing test snapshot file for test "prop_i10_balance_ttl_on_first_write" to "test_snapshots/prop_i10_balance_ttl_on_first_write.20.json".
Writing test snapshot file for test "prop_i10_balance_ttl_on_first_write" to "test_snapshots/prop_i10_balance_ttl_on_first_write.21.json".
Writing test snapshot file for test "prop_i10_balance_ttl_on_first_write" to "test_snapshots/prop_i10_balance_ttl_on_first_write.22.json".
Writing test snapshot file for test "prop_i10_balance_ttl_on_first_write" to "test_snapshots/prop_i10_balance_ttl_on_first_write.23.json".
Writing test snapshot file for test "prop_i10_balance_ttl_on_first_write" to "test_snapshots/prop_i10_balance_ttl_on_first_write.24.json".
Writing test snapshot file for test "prop_i10_balance_ttl_on_first_write" to "test_snapshots/prop_i10_balance_ttl_on_first_write.25.json".
Writing test snapshot file for test "prop_i10_balance_ttl_on_first_write" to "test_snapshots/prop_i10_balance_ttl_on_first_write.26.json".
Writing test snapshot file for test "prop_i10_balance_ttl_on_first_write" to "test_snapshots/prop_i10_balance_ttl_on_first_write.27.json".
Writing test snapshot file for test "prop_i10_balance_ttl_on_first_write" to "test_snapshots/prop_i10_balance_ttl_on_first_write.28.json".
Writing test snapshot file for test "prop_i10_balance_ttl_on_first_write" to "test_snapshots/prop_i10_balance_ttl_on_first_write.29.json".
Writing test snapshot file for test "prop_i10_balance_ttl_on_first_write" to "test_snapshots/prop_i10_balance_ttl_on_first_write.30.json".
Writing test snapshot file for test "prop_i10_balance_ttl_on_first_write" to "test_snapshots/prop_i10_balance_ttl_on_first_write.31.json".
Writing test snapshot file for test "prop_i10_balance_ttl_on_first_write" to "test_snapshots/prop_i10_balance_ttl_on_first_write.32.json".
Writing test snapshot file for test "prop_i10_balance_ttl_on_first_write" to "test_snapshots/prop_i10_balance_ttl_on_first_write.33.json".
Writing test snapshot file for test "prop_i10_balance_ttl_on_first_write" to "test_snapshots/prop_i10_balance_ttl_on_first_write.34.json".
Writing test snapshot file for test "prop_i10_balance_ttl_on_first_write" to "test_snapshots/prop_i10_balance_ttl_on_first_write.35.json".
Writing test snapshot file for test "prop_i10_balance_ttl_on_first_write" to "test_snapshots/prop_i10_balance_ttl_on_first_write.36.json".
Writing test snapshot file for test "prop_i10_balance_ttl_on_first_write" to "test_snapshots/prop_i10_balance_ttl_on_first_write.37.json".
Writing test snapshot file for test "prop_i10_balance_ttl_on_first_write" to "test_snapshots/prop_i10_balance_ttl_on_first_write.38.json".
Writing test snapshot file for test "prop_i10_balance_ttl_on_first_write" to "test_snapshots/prop_i10_balance_ttl_on_first_write.39.json".
Writing test snapshot file for test "prop_i10_balance_ttl_on_first_write" to "test_snapshots/prop_i10_balance_ttl_on_first_write.40.json".
Writing test snapshot file for test "prop_i10_balance_ttl_on_first_write" to "test_snapshots/prop_i10_balance_ttl_on_first_write.41.json".
Writing test snapshot file for test "prop_i10_balance_ttl_on_first_write" to "test_snapshots/prop_i10_balance_ttl_on_first_write.42.json".
Writing test snapshot file for test "prop_i10_balance_ttl_on_first_write" to "test_snapshots/prop_i10_balance_ttl_on_first_write.43.json".
Writing test snapshot file for test "prop_i10_balance_ttl_on_first_write" to "test_snapshots/prop_i10_balance_ttl_on_first_write.44.json".
Writing test snapshot file for test "prop_i10_balance_ttl_on_first_write" to "test_snapshots/prop_i10_balance_ttl_on_first_write.45.json".
Writing test snapshot file for test "prop_i10_balance_ttl_on_first_write" to "test_snapshots/prop_i10_balance_ttl_on_first_write.46.json".
Writing test snapshot file for test "prop_i10_balance_ttl_on_first_write" to "test_snapshots/prop_i10_balance_ttl_on_first_write.47.json".
Writing test snapshot file for test "prop_i10_balance_ttl_on_first_write" to "test_snapshots/prop_i10_balance_ttl_on_first_write.48.json".
Writing test snapshot file for test "prop_i10_balance_ttl_on_first_write" to "test_snapshots/prop_i10_balance_ttl_on_first_write.49.json".
Writing test snapshot file for test "prop_i10_balance_ttl_on_first_write" to "test_snapshots/prop_i10_balance_ttl_on_first_write.50.json".
Writing test snapshot file for test "prop_i10_balance_ttl_on_first_write" to "test_snapshots/prop_i10_balance_ttl_on_first_write.51.json".
Writing test snapshot file for test "prop_i10_balance_ttl_on_first_write" to "test_snapshots/prop_i10_balance_ttl_on_first_write.52.json".
Writing test snapshot file for test "prop_i10_balance_ttl_on_first_write" to "test_snapshots/prop_i10_balance_ttl_on_first_write.53.json".
Writing test snapshot file for test "prop_i10_balance_ttl_on_first_write" to "test_snapshots/prop_i10_balance_ttl_on_first_write.54.json".
Writing test snapshot file for test "prop_i10_balance_ttl_on_first_write" to "test_snapshots/prop_i10_balance_ttl_on_first_write.55.json".
Writing test snapshot file for test "prop_i10_balance_ttl_on_first_write" to "test_snapshots/prop_i10_balance_ttl_on_first_write.56.json".
Writing test snapshot file for test "prop_i10_balance_ttl_on_first_write" to "test_snapshots/prop_i10_balance_ttl_on_first_write.57.json".
Writing test snapshot file for test "prop_i10_balance_ttl_on_first_write" to "test_snapshots/prop_i10_balance_ttl_on_first_write.58.json".
Writing test snapshot file for test "prop_i10_balance_ttl_on_first_write" to "test_snapshots/prop_i10_balance_ttl_on_first_write.59.json".
Writing test snapshot file for test "prop_i10_balance_ttl_on_first_write" to "test_snapshots/prop_i10_balance_ttl_on_first_write.60.json".
Writing test snapshot file for test "prop_i10_balance_ttl_on_first_write" to "test_snapshots/prop_i10_balance_ttl_on_first_write.61.json".
Writing test snapshot file for test "prop_i10_balance_ttl_on_first_write" to "test_snapshots/prop_i10_balance_ttl_on_first_write.62.json".
Writing test snapshot file for test "prop_i10_balance_ttl_on_first_write" to "test_snapshots/prop_i10_balance_ttl_on_first_write.63.json".
Writing test snapshot file for test "prop_i10_balance_ttl_on_first_write" to "test_snapshots/prop_i10_balance_ttl_on_first_write.64.json".
Writing test snapshot file for test "prop_i10_balance_ttl_on_first_write" to "test_snapshots/prop_i10_balance_ttl_on_first_write.65.json".
Writing test snapshot file for test "prop_i10_balance_ttl_on_first_write" to "test_snapshots/prop_i10_balance_ttl_on_first_write.66.json".
Writing test snapshot file for test "prop_i10_balance_ttl_on_first_write" to "test_snapshots/prop_i10_balance_ttl_on_first_write.67.json".
Writing test snapshot file for test "prop_i10_balance_ttl_on_first_write" to "test_snapshots/prop_i10_balance_ttl_on_first_write.68.json".
Writing test snapshot file for test "prop_i10_balance_ttl_on_first_write" to "test_snapshots/prop_i10_balance_ttl_on_first_write.69.json".
Writing test snapshot file for test "prop_i10_balance_ttl_on_first_write" to "test_snapshots/prop_i10_balance_ttl_on_first_write.70.json".
Writing test snapshot file for test "prop_i10_balance_ttl_on_first_write" to "test_snapshots/prop_i10_balance_ttl_on_first_write.71.json".
Writing test snapshot file for test "prop_i10_balance_ttl_on_first_write" to "test_snapshots/prop_i10_balance_ttl_on_first_write.72.json".
Writing test snapshot file for test "prop_i10_balance_ttl_on_first_write" to "test_snapshots/prop_i10_balance_ttl_on_first_write.73.json".
Writing test snapshot file for test "prop_i10_balance_ttl_on_first_write" to "test_snapshots/prop_i10_balance_ttl_on_first_write.74.json".
Writing test snapshot file for test "prop_i10_balance_ttl_on_first_write" to "test_snapshots/prop_i10_balance_ttl_on_first_write.75.json".
Writing test snapshot file for test "prop_i10_balance_ttl_on_first_write" to "test_snapshots/prop_i10_balance_ttl_on_first_write.76.json".
Writing test snapshot file for test "prop_i10_balance_ttl_on_first_write" to "test_snapshots/prop_i10_balance_ttl_on_first_write.77.json".
Writing test snapshot file for test "prop_i10_balance_ttl_on_first_write" to "test_snapshots/prop_i10_balance_ttl_on_first_write.78.json".
Writing test snapshot file for test "prop_i10_balance_ttl_on_first_write" to "test_snapshots/prop_i10_balance_ttl_on_first_write.79.json".
Writing test snapshot file for test "prop_i10_balance_ttl_on_first_write" to "test_snapshots/prop_i10_balance_ttl_on_first_write.80.json".
Writing test snapshot file for test "prop_i10_balance_ttl_on_first_write" to "test_snapshots/prop_i10_balance_ttl_on_first_write.81.json".
Writing test snapshot file for test "prop_i10_balance_ttl_on_first_write" to "test_snapshots/prop_i10_balance_ttl_on_first_write.82.json".
Writing test snapshot file for test "prop_i10_balance_ttl_on_first_write" to "test_snapshots/prop_i10_balance_ttl_on_first_write.83.json".
Writing test snapshot file for test "prop_i10_balance_ttl_on_first_write" to "test_snapshots/prop_i10_balance_ttl_on_first_write.84.json".
Writing test snapshot file for test "prop_i10_balance_ttl_on_first_write" to "test_snapshots/prop_i10_balance_ttl_on_first_write.85.json".
Writing test snapshot file for test "prop_i10_balance_ttl_on_first_write" to "test_snapshots/prop_i10_balance_ttl_on_first_write.86.json".
Writing test snapshot file for test "prop_i10_balance_ttl_on_first_write" to "test_snapshots/prop_i10_balance_ttl_on_first_write.87.json".
Writing test snapshot file for test "prop_i10_balance_ttl_on_first_write" to "test_snapshots/prop_i10_balance_ttl_on_first_write.88.json".
Writing test snapshot file for test "prop_i10_balance_ttl_on_first_write" to "test_snapshots/prop_i10_balance_ttl_on_first_write.89.json".
Writing test snapshot file for test "prop_i10_balance_ttl_on_first_write" to "test_snapshots/prop_i10_balance_ttl_on_first_write.90.json".
Writing test snapshot file for test "prop_i10_balance_ttl_on_first_write" to "test_snapshots/prop_i10_balance_ttl_on_first_write.91.json".
Writing test snapshot file for test "prop_i10_balance_ttl_on_first_write" to "test_snapshots/prop_i10_balance_ttl_on_first_write.92.json".
Writing test snapshot file for test "prop_i10_balance_ttl_on_first_write" to "test_snapshots/prop_i10_balance_ttl_on_first_write.93.json".
Writing test snapshot file for test "prop_i10_balance_ttl_on_first_write" to "test_snapshots/prop_i10_balance_ttl_on_first_write.94.json".
Writing test snapshot file for test "prop_i10_balance_ttl_on_first_write" to "test_snapshots/prop_i10_balance_ttl_on_first_write.95.json".
Writing test snapshot file for test "prop_i10_balance_ttl_on_first_write" to "test_snapshots/prop_i10_balance_ttl_on_first_write.96.json".
Writing test snapshot file for test "prop_i10_balance_ttl_on_first_write" to "test_snapshots/prop_i10_balance_ttl_on_first_write.97.json".
Writing test snapshot file for test "prop_i10_balance_ttl_on_first_write" to "test_snapshots/prop_i10_balance_ttl_on_first_write.98.json".
Writing test snapshot file for test "prop_i10_balance_ttl_on_first_write" to "test_snapshots/prop_i10_balance_ttl_on_first_write.99.json".
Writing test snapshot file for test "prop_i10_balance_ttl_on_first_write" to "test_snapshots/prop_i10_balance_ttl_on_first_write.100.json".
Writing test snapshot file for test "prop_i10_balance_ttl_on_first_write" to "test_snapshots/prop_i10_balance_ttl_on_first_write.101.json".
Writing test snapshot file for test "prop_i10_balance_ttl_on_first_write" to "test_snapshots/prop_i10_balance_ttl_on_first_write.102.json".
Writing test snapshot file for test "prop_i10_balance_ttl_on_first_write" to "test_snapshots/prop_i10_balance_ttl_on_first_write.103.json".
Writing test snapshot file for test "prop_i10_balance_ttl_on_first_write" to "test_snapshots/prop_i10_balance_ttl_on_first_write.104.json".
Writing test snapshot file for test "prop_i10_balance_ttl_on_first_write" to "test_snapshots/prop_i10_balance_ttl_on_first_write.105.json".
Writing test snapshot file for test "prop_i10_balance_ttl_on_first_write" to "test_snapshots/prop_i10_balance_ttl_on_first_write.106.json".
Writing test snapshot file for test "prop_i10_balance_ttl_on_first_write" to "test_snapshots/prop_i10_balance_ttl_on_first_write.107.json".
Writing test snapshot file for test "prop_i10_balance_ttl_on_first_write" to "test_snapshots/prop_i10_balance_ttl_on_first_write.108.json".
Writing test snapshot file for test "prop_i10_balance_ttl_on_first_write" to "test_snapshots/prop_i10_balance_ttl_on_first_write.109.json".
Writing test snapshot file for test "prop_i10_balance_ttl_on_first_write" to "test_snapshots/prop_i10_balance_ttl_on_first_write.110.json".
Writing test snapshot file for test "prop_i10_balance_ttl_on_first_write" to "test_snapshots/prop_i10_balance_ttl_on_first_write.111.json".
Writing test snapshot file for test "prop_i10_balance_ttl_on_first_write" to "test_snapshots/prop_i10_balance_ttl_on_first_write.112.json".
Writing test snapshot file for test "prop_i10_balance_ttl_on_first_write" to "test_snapshots/prop_i10_balance_ttl_on_first_write.113.json".
Writing test snapshot file for test "prop_i10_balance_ttl_on_first_write" to "test_snapshots/prop_i10_balance_ttl_on_first_write.114.json".
Writing test snapshot file for test "prop_i10_balance_ttl_on_first_write" to "test_snapshots/prop_i10_balance_ttl_on_first_write.115.json".
Writing test snapshot file for test "prop_i10_balance_ttl_on_first_write" to "test_snapshots/prop_i10_balance_ttl_on_first_write.116.json".
Writing test snapshot file for test "prop_i10_balance_ttl_on_first_write" to "test_snapshots/prop_i10_balance_ttl_on_first_write.117.json".
Writing test snapshot file for test "prop_i10_balance_ttl_on_first_write" to "test_snapshots/prop_i10_balance_ttl_on_first_write.118.json".
Writing test snapshot file for test "prop_i10_balance_ttl_on_first_write" to "test_snapshots/prop_i10_balance_ttl_on_first_write.119.json".
Writing test snapshot file for test "prop_i10_balance_ttl_on_first_write" to "test_snapshots/prop_i10_balance_ttl_on_first_write.120.json".
Writing test snapshot file for test "prop_i10_balance_ttl_on_first_write" to "test_snapshots/prop_i10_balance_ttl_on_first_write.121.json".
Writing test snapshot file for test "prop_i10_balance_ttl_on_first_write" to "test_snapshots/prop_i10_balance_ttl_on_first_write.122.json".
Writing test snapshot file for test "prop_i10_balance_ttl_on_first_write" to "test_snapshots/prop_i10_balance_ttl_on_first_write.123.json".
Writing test snapshot file for test "prop_i10_balance_ttl_on_first_write" to "test_snapshots/prop_i10_balance_ttl_on_first_write.124.json".
Writing test snapshot file for test "prop_i10_balance_ttl_on_first_write" to "test_snapshots/prop_i10_balance_ttl_on_first_write.125.json".
Writing test snapshot file for test "prop_i10_balance_ttl_on_first_write" to "test_snapshots/prop_i10_balance_ttl_on_first_write.126.json".
Writing test snapshot file for test "prop_i10_balance_ttl_on_first_write" to "test_snapshots/prop_i10_balance_ttl_on_first_write.127.json".
Writing test snapshot file for test "prop_i10_balance_ttl_on_first_write" to "test_snapshots/prop_i10_balance_ttl_on_first_write.128.json".
Writing test snapshot file for test "prop_i10_balance_ttl_on_first_write" to "test_snapshots/prop_i10_balance_ttl_on_first_write.129.json".
Writing test snapshot file for test "prop_i10_balance_ttl_on_first_write" to "test_snapshots/prop_i10_balance_ttl_on_first_write.130.json".
Writing test snapshot file for test "prop_i10_balance_ttl_on_first_write" to "test_snapshots/prop_i10_balance_ttl_on_first_write.131.json".
Writing test snapshot file for test "prop_i10_balance_ttl_on_first_write" to "test_snapshots/prop_i10_balance_ttl_on_first_write.132.json".
Writing test snapshot file for test "prop_i10_balance_ttl_on_first_write" to "test_snapshots/prop_i10_balance_ttl_on_first_write.133.json".
Writing test snapshot file for test "prop_i10_balance_ttl_on_first_write" to "test_snapshots/prop_i10_balance_ttl_on_first_write.134.json".
Writing test snapshot file for test "prop_i10_balance_ttl_on_first_write" to "test_snapshots/prop_i10_balance_ttl_on_first_write.135.json".
Writing test snapshot file for test "prop_i10_balance_ttl_on_first_write" to "test_snapshots/prop_i10_balance_ttl_on_first_write.136.json".
Writing test snapshot file for test "prop_i10_balance_ttl_on_first_write" to "test_snapshots/prop_i10_balance_ttl_on_first_write.137.json".
Writing test snapshot file for test "prop_i10_balance_ttl_on_first_write" to "test_snapshots/prop_i10_balance_ttl_on_first_write.138.json".
Writing test snapshot file for test "prop_i10_balance_ttl_on_first_write" to "test_snapshots/prop_i10_balance_ttl_on_first_write.139.json".
Writing test snapshot file for test "prop_i10_balance_ttl_on_first_write" to "test_snapshots/prop_i10_balance_ttl_on_first_write.140.json".
Writing test snapshot file for test "prop_i10_balance_ttl_on_first_write" to "test_snapshots/prop_i10_balance_ttl_on_first_write.141.json".
Writing test snapshot file for test "prop_i10_balance_ttl_on_first_write" to "test_snapshots/prop_i10_balance_ttl_on_first_write.142.json".
Writing test snapshot file for test "prop_i10_balance_ttl_on_first_write" to "test_snapshots/prop_i10_balance_ttl_on_first_write.143.json".
Writing test snapshot file for test "prop_i10_balance_ttl_on_first_write" to "test_snapshots/prop_i10_balance_ttl_on_first_write.144.json".
Writing test snapshot file for test "prop_i10_balance_ttl_on_first_write" to "test_snapshots/prop_i10_balance_ttl_on_first_write.145.json".
Writing test snapshot file for test "prop_i10_balance_ttl_on_first_write" to "test_snapshots/prop_i10_balance_ttl_on_first_write.146.json".
Writing test snapshot file for test "prop_i10_balance_ttl_on_first_write" to "test_snapshots/prop_i10_balance_ttl_on_first_write.147.json".
Writing test snapshot file for test "prop_i10_balance_ttl_on_first_write" to "test_snapshots/prop_i10_balance_ttl_on_first_write.148.json".
Writing test snapshot file for test "prop_i10_balance_ttl_on_first_write" to "test_snapshots/prop_i10_balance_ttl_on_first_write.149.json".
Writing test snapshot file for test "prop_i10_balance_ttl_on_first_write" to "test_snapshots/prop_i10_balance_ttl_on_first_write.150.json".
Writing test snapshot file for test "prop_i10_balance_ttl_on_first_write" to "test_snapshots/prop_i10_balance_ttl_on_first_write.151.json".
Writing test snapshot file for test "prop_i10_balance_ttl_on_first_write" to "test_snapshots/prop_i10_balance_ttl_on_first_write.152.json".
Writing test snapshot file for test "prop_i10_balance_ttl_on_first_write" to "test_snapshots/prop_i10_balance_ttl_on_first_write.153.json".
Writing test snapshot file for test "prop_i10_balance_ttl_on_first_write" to "test_snapshots/prop_i10_balance_ttl_on_first_write.154.json".
Writing test snapshot file for test "prop_i10_balance_ttl_on_first_write" to "test_snapshots/prop_i10_balance_ttl_on_first_write.155.json".
Writing test snapshot file for test "prop_i10_balance_ttl_on_first_write" to "test_snapshots/prop_i10_balance_ttl_on_first_write.156.json".
Writing test snapshot file for test "prop_i10_balance_ttl_on_first_write" to "test_snapshots/prop_i10_balance_ttl_on_first_write.157.json".
Writing test snapshot file for test "prop_i10_balance_ttl_on_first_write" to "test_snapshots/prop_i10_balance_ttl_on_first_write.158.json".
Writing test snapshot file for test "prop_i10_balance_ttl_on_first_write" to "test_snapshots/prop_i10_balance_ttl_on_first_write.159.json".
Writing test snapshot file for test "prop_i10_balance_ttl_on_first_write" to "test_snapshots/prop_i10_balance_ttl_on_first_write.160.json".
Writing test snapshot file for test "prop_i10_balance_ttl_on_first_write" to "test_snapshots/prop_i10_balance_ttl_on_first_write.161.json".
Writing test snapshot file for test "prop_i10_balance_ttl_on_first_write" to "test_snapshots/prop_i10_balance_ttl_on_first_write.162.json".
Writing test snapshot file for test "prop_i10_balance_ttl_on_first_write" to "test_snapshots/prop_i10_balance_ttl_on_first_write.163.json".
Writing test snapshot file for test "prop_i10_balance_ttl_on_first_write" to "test_snapshots/prop_i10_balance_ttl_on_first_write.164.json".
Writing test snapshot file for test "prop_i10_balance_ttl_on_first_write" to "test_snapshots/prop_i10_balance_ttl_on_first_write.165.json".
Writing test snapshot file for test "prop_i10_balance_ttl_on_first_write" to "test_snapshots/prop_i10_balance_ttl_on_first_write.166.json".
Writing test snapshot file for test "prop_i10_balance_ttl_on_first_write" to "test_snapshots/prop_i10_balance_ttl_on_first_write.167.json".
Writing test snapshot file for test "prop_i10_balance_ttl_on_first_write" to "test_snapshots/prop_i10_balance_ttl_on_first_write.168.json".
Writing test snapshot file for test "prop_i10_balance_ttl_on_first_write" to "test_snapshots/prop_i10_balance_ttl_on_first_write.169.json".
Writing test snapshot file for test "prop_i10_balance_ttl_on_first_write" to "test_snapshots/prop_i10_balance_ttl_on_first_write.170.json".
Writing test snapshot file for test "prop_i10_balance_ttl_on_first_write" to "test_snapshots/prop_i10_balance_ttl_on_first_write.171.json".
Writing test snapshot file for test "prop_i10_balance_ttl_on_first_write" to "test_snapshots/prop_i10_balance_ttl_on_first_write.172.json".
Writing test snapshot file for test "prop_i10_balance_ttl_on_first_write" to "test_snapshots/prop_i10_balance_ttl_on_first_write.173.json".
Writing test snapshot file for test "prop_i10_balance_ttl_on_first_write" to "test_snapshots/prop_i10_balance_ttl_on_first_write.174.json".
Writing test snapshot file for test "prop_i10_balance_ttl_on_first_write" to "test_snapshots/prop_i10_balance_ttl_on_first_write.175.json".
Writing test snapshot file for test "prop_i10_balance_ttl_on_first_write" to "test_snapshots/prop_i10_balance_ttl_on_first_write.176.json".
Writing test snapshot file for test "prop_i10_balance_ttl_on_first_write" to "test_snapshots/prop_i10_balance_ttl_on_first_write.177.json".
Writing test snapshot file for test "prop_i10_balance_ttl_on_first_write" to "test_snapshots/prop_i10_balance_ttl_on_first_write.178.json".
Writing test snapshot file for test "prop_i10_balance_ttl_on_first_write" to "test_snapshots/prop_i10_balance_ttl_on_first_write.179.json".
Writing test snapshot file for test "prop_i10_balance_ttl_on_first_write" to "test_snapshots/prop_i10_balance_ttl_on_first_write.180.json".
Writing test snapshot file for test "prop_i10_balance_ttl_on_first_write" to "test_snapshots/prop_i10_balance_ttl_on_first_write.181.json".
Writing test snapshot file for test "prop_i10_balance_ttl_on_first_write" to "test_snapshots/prop_i10_balance_ttl_on_first_write.182.json".
Writing test snapshot file for test "prop_i10_balance_ttl_on_first_write" to "test_snapshots/prop_i10_balance_ttl_on_first_write.183.json".
Writing test snapshot file for test "prop_i10_balance_ttl_on_first_write" to "test_snapshots/prop_i10_balance_ttl_on_first_write.184.json".
Writing test snapshot file for test "prop_i10_balance_ttl_on_first_write" to "test_snapshots/prop_i10_balance_ttl_on_first_write.185.json".
Writing test snapshot file for test "prop_i10_balance_ttl_on_first_write" to "test_snapshots/prop_i10_balance_ttl_on_first_write.186.json".
Writing test snapshot file for test "prop_i10_balance_ttl_on_first_write" to "test_snapshots/prop_i10_balance_ttl_on_first_write.187.json".
Writing test snapshot file for test "prop_i10_balance_ttl_on_first_write" to "test_snapshots/prop_i10_balance_ttl_on_first_write.188.json".
Writing test snapshot file for test "prop_i10_balance_ttl_on_first_write" to "test_snapshots/prop_i10_balance_ttl_on_first_write.189.json".
Writing test snapshot file for test "prop_i10_balance_ttl_on_first_write" to "test_snapshots/prop_i10_balance_ttl_on_first_write.190.json".
Writing test snapshot file for test "prop_i10_balance_ttl_on_first_write" to "test_snapshots/prop_i10_balance_ttl_on_first_write.191.json".
Writing test snapshot file for test "prop_i10_balance_ttl_on_first_write" to "test_snapshots/prop_i10_balance_ttl_on_first_write.192.json".
Writing test snapshot file for test "prop_i10_balance_ttl_on_first_write" to "test_snapshots/prop_i10_balance_ttl_on_first_write.193.json".
Writing test snapshot file for test "prop_i10_balance_ttl_on_first_write" to "test_snapshots/prop_i10_balance_ttl_on_first_write.194.json".
Writing test snapshot file for test "prop_i10_balance_ttl_on_first_write" to "test_snapshots/prop_i10_balance_ttl_on_first_write.195.json".
Writing test snapshot file for test "prop_i10_balance_ttl_on_first_write" to "test_snapshots/prop_i10_balance_ttl_on_first_write.196.json".
Writing test snapshot file for test "prop_i10_balance_ttl_on_first_write" to "test_snapshots/prop_i10_balance_ttl_on_first_write.197.json".
Writing test snapshot file for test "prop_i10_balance_ttl_on_first_write" to "test_snapshots/prop_i10_balance_ttl_on_first_write.198.json".
Writing test snapshot file for test "prop_i10_balance_ttl_on_first_write" to "test_snapshots/prop_i10_balance_ttl_on_first_write.199.json".
Writing test snapshot file for test "prop_i10_balance_ttl_on_first_write" to "test_snapshots/prop_i10_balance_ttl_on_first_write.200.json".
Writing test snapshot file for test "prop_i10_balance_ttl_on_first_write" to "test_snapshots/prop_i10_balance_ttl_on_first_write.201.json".
Writing test snapshot file for test "prop_i10_balance_ttl_on_first_write" to "test_snapshots/prop_i10_balance_ttl_on_first_write.202.json".
Writing test snapshot file for test "prop_i10_balance_ttl_on_first_write" to "test_snapshots/prop_i10_balance_ttl_on_first_write.203.json".
Writing test snapshot file for test "prop_i10_balance_ttl_on_first_write" to "test_snapshots/prop_i10_balance_ttl_on_first_write.204.json".
Writing test snapshot file for test "prop_i10_balance_ttl_on_first_write" to "test_snapshots/prop_i10_balance_ttl_on_first_write.205.json".
Writing test snapshot file for test "prop_i10_balance_ttl_on_first_write" to "test_snapshots/prop_i10_balance_ttl_on_first_write.206.json".
Writing test snapshot file for test "prop_i10_balance_ttl_on_first_write" to "test_snapshots/prop_i10_balance_ttl_on_first_write.207.json".
Writing test snapshot file for test "prop_i10_balance_ttl_on_first_write" to "test_snapshots/prop_i10_balance_ttl_on_first_write.208.json".
Writing test snapshot file for test "prop_i10_balance_ttl_on_first_write" to "test_snapshots/prop_i10_balance_ttl_on_first_write.209.json".
Writing test snapshot file for test "prop_i10_balance_ttl_on_first_write" to "test_snapshots/prop_i10_balance_ttl_on_first_write.210.json".
Writing test snapshot file for test "prop_i10_balance_ttl_on_first_write" to "test_snapshots/prop_i10_balance_ttl_on_first_write.211.json".
Writing test snapshot file for test "prop_i10_balance_ttl_on_first_write" to "test_snapshots/prop_i10_balance_ttl_on_first_write.212.json".
Writing test snapshot file for test "prop_i10_balance_ttl_on_first_write" to "test_snapshots/prop_i10_balance_ttl_on_first_write.213.json".
Writing test snapshot file for test "prop_i10_balance_ttl_on_first_write" to "test_snapshots/prop_i10_balance_ttl_on_first_write.214.json".
Writing test snapshot file for test "prop_i10_balance_ttl_on_first_write" to "test_snapshots/prop_i10_balance_ttl_on_first_write.215.json".
Writing test snapshot file for test "prop_i10_balance_ttl_on_first_write" to "test_snapshots/prop_i10_balance_ttl_on_first_write.216.json".
Writing test snapshot file for test "prop_i10_balance_ttl_on_first_write" to "test_snapshots/prop_i10_balance_ttl_on_first_write.217.json".
Writing test snapshot file for test "prop_i10_balance_ttl_on_first_write" to "test_snapshots/prop_i10_balance_ttl_on_first_write.218.json".
Writing test snapshot file for test "prop_i10_balance_ttl_on_first_write" to "test_snapshots/prop_i10_balance_ttl_on_first_write.219.json".
Writing test snapshot file for test "prop_i10_balance_ttl_on_first_write" to "test_snapshots/prop_i10_balance_ttl_on_first_write.220.json".
Writing test snapshot file for test "prop_i10_balance_ttl_on_first_write" to "test_snapshots/prop_i10_balance_ttl_on_first_write.221.json".
Writing test snapshot file for test "prop_i10_balance_ttl_on_first_write" to "test_snapshots/prop_i10_balance_ttl_on_first_write.222.json".
Writing test snapshot file for test "prop_i10_balance_ttl_on_first_write" to "test_snapshots/prop_i10_balance_ttl_on_first_write.223.json".
Writing test snapshot file for test "prop_i10_balance_ttl_on_first_write" to "test_snapshots/prop_i10_balance_ttl_on_first_write.224.json".
Writing test snapshot file for test "prop_i10_balance_ttl_on_first_write" to "test_snapshots/prop_i10_balance_ttl_on_first_write.225.json".
Writing test snapshot file for test "prop_i10_balance_ttl_on_first_write" to "test_snapshots/prop_i10_balance_ttl_on_first_write.226.json".
Writing test snapshot file for test "prop_i10_balance_ttl_on_first_write" to "test_snapshots/prop_i10_balance_ttl_on_first_write.227.json".
Writing test snapshot file for test "prop_i10_balance_ttl_on_first_write" to "test_snapshots/prop_i10_balance_ttl_on_first_write.228.json".
Writing test snapshot file for test "prop_i10_balance_ttl_on_first_write" to "test_snapshots/prop_i10_balance_ttl_on_first_write.229.json".
Writing test snapshot file for test "prop_i10_balance_ttl_on_first_write" to "test_snapshots/prop_i10_balance_ttl_on_first_write.230.json".
Writing test snapshot file for test "prop_i10_balance_ttl_on_first_write" to "test_snapshots/prop_i10_balance_ttl_on_first_write.231.json".
Writing test snapshot file for test "prop_i10_balance_ttl_on_first_write" to "test_snapshots/prop_i10_balance_ttl_on_first_write.232.json".
Writing test snapshot file for test "prop_i10_balance_ttl_on_first_write" to "test_snapshots/prop_i10_balance_ttl_on_first_write.233.json".
Writing test snapshot file for test "prop_i10_balance_ttl_on_first_write" to "test_snapshots/prop_i10_balance_ttl_on_first_write.234.json".
Writing test snapshot file for test "prop_i10_balance_ttl_on_first_write" to "test_snapshots/prop_i10_balance_ttl_on_first_write.235.json".
Writing test snapshot file for test "prop_i10_balance_ttl_on_first_write" to "test_snapshots/prop_i10_balance_ttl_on_first_write.236.json".
Writing test snapshot file for test "prop_i10_balance_ttl_on_first_write" to "test_snapshots/prop_i10_balance_ttl_on_first_write.237.json".
Writing test snapshot file for test "prop_i10_balance_ttl_on_first_write" to "test_snapshots/prop_i10_balance_ttl_on_first_write.238.json".
Writing test snapshot file for test "prop_i10_balance_ttl_on_first_write" to "test_snapshots/prop_i10_balance_ttl_on_first_write.239.json".
Writing test snapshot file for test "prop_i10_balance_ttl_on_first_write" to "test_snapshots/prop_i10_balance_ttl_on_first_write.240.json".
Writing test snapshot file for test "prop_i10_balance_ttl_on_first_write" to "test_snapshots/prop_i10_balance_ttl_on_first_write.241.json".
Writing test snapshot file for test "prop_i10_balance_ttl_on_first_write" to "test_snapshots/prop_i10_balance_ttl_on_first_write.242.json".
Writing test snapshot file for test "prop_i10_balance_ttl_on_first_write" to "test_snapshots/prop_i10_balance_ttl_on_first_write.243.json".
Writing test snapshot file for test "prop_i10_balance_ttl_on_first_write" to "test_snapshots/prop_i10_balance_ttl_on_first_write.244.json".
Writing test snapshot file for test "prop_i10_balance_ttl_on_first_write" to "test_snapshots/prop_i10_balance_ttl_on_first_write.245.json".
Writing test snapshot file for test "prop_i10_balance_ttl_on_first_write" to "test_snapshots/prop_i10_balance_ttl_on_first_write.246.json".
Writing test snapshot file for test "prop_i10_balance_ttl_on_first_write" to "test_snapshots/prop_i10_balance_ttl_on_first_write.247.json".
Writing test snapshot file for test "prop_i10_balance_ttl_on_first_write" to "test_snapshots/prop_i10_balance_ttl_on_first_write.248.json".
Writing test snapshot file for test "prop_i10_balance_ttl_on_first_write" to "test_snapshots/prop_i10_balance_ttl_on_first_write.249.json".
Writing test snapshot file for test "prop_i10_balance_ttl_on_first_write" to "test_snapshots/prop_i10_balance_ttl_on_first_write.250.json".
Writing test snapshot file for test "prop_i10_balance_ttl_on_first_write" to "test_snapshots/prop_i10_balance_ttl_on_first_write.251.json".
Writing test snapshot file for test "prop_i10_balance_ttl_on_first_write" to "test_snapshots/prop_i10_balance_ttl_on_first_write.252.json".
Writing test snapshot file for test "prop_i10_balance_ttl_on_first_write" to "test_snapshots/prop_i10_balance_ttl_on_first_write.253.json".
Writing test snapshot file for test "prop_i10_balance_ttl_on_first_write" to "test_snapshots/prop_i10_balance_ttl_on_first_write.254.json".
Writing test snapshot file for test "prop_i10_balance_ttl_on_first_write" to "test_snapshots/prop_i10_balance_ttl_on_first_write.255.json".
Writing test snapshot file for test "prop_i10_balance_ttl_on_first_write" to "test_snapshots/prop_i10_balance_ttl_on_first_write.256.json".
Writing test snapshot file for test "prop_i10_balance_ttl_on_first_write" to "test_snapshots/prop_i10_balance_ttl_on_first_write.257.json".
Writing test snapshot file for test "prop_i10_balance_ttl_on_first_write" to "test_snapshots/prop_i10_balance_ttl_on_first_write.258.json".
Writing test snapshot file for test "prop_i10_balance_ttl_on_first_write" to "test_snapshots/prop_i10_balance_ttl_on_first_write.259.json".
Writing test snapshot file for test "prop_i10_balance_ttl_on_first_write" to "test_snapshots/prop_i10_balance_ttl_on_first_write.260.json".
Writing test snapshot file for test "prop_i10_balance_ttl_on_first_write" to "test_snapshots/prop_i10_balance_ttl_on_first_write.261.json".
Writing test snapshot file for test "prop_i10_balance_ttl_on_first_write" to "test_snapshots/prop_i10_balance_ttl_on_first_write.262.json".
Writing test snapshot file for test "prop_i10_balance_ttl_on_first_write" to "test_snapshots/prop_i10_balance_ttl_on_first_write.263.json".
Writing test snapshot file for test "prop_i10_balance_ttl_on_first_write" to "test_snapshots/prop_i10_balance_ttl_on_first_write.264.json".
Writing test snapshot file for test "prop_i10_balance_ttl_on_first_write" to "test_snapshots/prop_i10_balance_ttl_on_first_write.265.json".
Writing test snapshot file for test "prop_i10_balance_ttl_on_first_write" to "test_snapshots/prop_i10_balance_ttl_on_first_write.266.json".
Writing test snapshot file for test "prop_i10_balance_ttl_on_first_write" to "test_snapshots/prop_i10_balance_ttl_on_first_write.267.json".
Writing test snapshot file for test "prop_i10_balance_ttl_on_first_write" to "test_snapshots/prop_i10_balance_ttl_on_first_write.268.json".
Writing test snapshot file for test "prop_i10_balance_ttl_on_first_write" to "test_snapshots/prop_i10_balance_ttl_on_first_write.269.json".
Writing test snapshot file for test "prop_i10_balance_ttl_on_first_write" to "test_snapshots/prop_i10_balance_ttl_on_first_write.270.json".
Writing test snapshot file for test "prop_i10_balance_ttl_on_first_write" to "test_snapshots/prop_i10_balance_ttl_on_first_write.271.json".
Writing test snapshot file for test "prop_i10_balance_ttl_on_first_write" to "test_snapshots/prop_i10_balance_ttl_on_first_write.272.json".
Writing test snapshot file for test "prop_i10_balance_ttl_on_first_write" to "test_snapshots/prop_i10_balance_ttl_on_first_write.273.json".
Writing test snapshot file for test "prop_i10_balance_ttl_on_first_write" to "test_snapshots/prop_i10_balance_ttl_on_first_write.274.json".
Writing test snapshot file for test "prop_i10_balance_ttl_on_first_write" to "test_snapshots/prop_i10_balance_ttl_on_first_write.275.json".
Writing test snapshot file for test "prop_i10_balance_ttl_on_first_write" to "test_snapshots/prop_i10_balance_ttl_on_first_write.276.json".
Writing test snapshot file for test "prop_i10_balance_ttl_on_first_write" to "test_snapshots/prop_i10_balance_ttl_on_first_write.277.json".
Writing test snapshot file for test "prop_i10_balance_ttl_on_first_write" to "test_snapshots/prop_i10_balance_ttl_on_first_write.278.json".
Writing test snapshot file for test "prop_i10_balance_ttl_on_first_write" to "test_snapshots/prop_i10_balance_ttl_on_first_write.279.json".
Writing test snapshot file for test "prop_i10_balance_ttl_on_first_write" to "test_snapshots/prop_i10_balance_ttl_on_first_write.280.json".
Writing test snapshot file for test "prop_i10_balance_ttl_on_first_write" to "test_snapshots/prop_i10_balance_ttl_on_first_write.281.json".
Writing test snapshot file for test "prop_i10_balance_ttl_on_first_write" to "test_snapshots/prop_i10_balance_ttl_on_first_write.282.json".
Writing test snapshot file for test "prop_i10_balance_ttl_on_first_write" to "test_snapshots/prop_i10_balance_ttl_on_first_write.283.json".
Writing test snapshot file for test "prop_i10_balance_ttl_on_first_write" to "test_snapshots/prop_i10_balance_ttl_on_first_write.284.json".
Writing test snapshot file for test "prop_i10_balance_ttl_on_first_write" to "test_snapshots/prop_i10_balance_ttl_on_first_write.285.json".
Writing test snapshot file for test "prop_i10_balance_ttl_on_first_write" to "test_snapshots/prop_i10_balance_ttl_on_first_write.286.json".
Writing test snapshot file for test "prop_i10_balance_ttl_on_first_write" to "test_snapshots/prop_i10_balance_ttl_on_first_write.287.json".
Writing test snapshot file for test "prop_i10_balance_ttl_on_first_write" to "test_snapshots/prop_i10_balance_ttl_on_first_write.288.json".
Writing test snapshot file for test "prop_i10_balance_ttl_on_first_write" to "test_snapshots/prop_i10_balance_ttl_on_first_write.289.json".
Writing test snapshot file for test "prop_i10_balance_ttl_on_first_write" to "test_snapshots/prop_i10_balance_ttl_on_first_write.290.json".
Writing test snapshot file for test "prop_i10_balance_ttl_on_first_write" to "test_snapshots/prop_i10_balance_ttl_on_first_write.291.json".
Writing test snapshot file for test "prop_i10_balance_ttl_on_first_write" to "test_snapshots/prop_i10_balance_ttl_on_first_write.292.json".
Writing test snapshot file for test "prop_i10_balance_ttl_on_first_write" to "test_snapshots/prop_i10_balance_ttl_on_first_write.293.json".
Writing test snapshot file for test "prop_i10_balance_ttl_on_first_write" to "test_snapshots/prop_i10_balance_ttl_on_first_write.294.json".
Writing test snapshot file for test "prop_i10_balance_ttl_on_first_write" to "test_snapshots/prop_i10_balance_ttl_on_first_write.295.json".
Writing test snapshot file for test "prop_i10_balance_ttl_on_first_write" to "test_snapshots/prop_i10_balance_ttl_on_first_write.296.json".
Writing test snapshot file for test "prop_i10_balance_ttl_on_first_write" to "test_snapshots/prop_i10_balance_ttl_on_first_write.297.json".
Writing test snapshot file for test "prop_i10_balance_ttl_on_first_write" to "test_snapshots/prop_i10_balance_ttl_on_first_write.298.json".
Writing test snapshot file for test "prop_i10_balance_ttl_on_first_write" to "test_snapshots/prop_i10_balance_ttl_on_first_write.299.json".
Writing test snapshot file for test "prop_i10_balance_ttl_on_first_write" to "test_snapshots/prop_i10_balance_ttl_on_first_write.300.json".
Writing test snapshot file for test "prop_i10_balance_ttl_on_first_write" to "test_snapshots/prop_i10_balance_ttl_on_first_write.301.json".
Writing test snapshot file for test "prop_i10_balance_ttl_on_first_write" to "test_snapshots/prop_i10_balance_ttl_on_first_write.302.json".
Writing test snapshot file for test "prop_i10_balance_ttl_on_first_write" to "test_snapshots/prop_i10_balance_ttl_on_first_write.303.json".
Writing test snapshot file for test "prop_i10_balance_ttl_on_first_write" to "test_snapshots/prop_i10_balance_ttl_on_first_write.304.json".
Writing test snapshot file for test "prop_i10_balance_ttl_on_first_write" to "test_snapshots/prop_i10_balance_ttl_on_first_write.305.json".
Writing test snapshot file for test "prop_i10_balance_ttl_on_first_write" to "test_snapshots/prop_i10_balance_ttl_on_first_write.306.json".
Writing test snapshot file for test "prop_i10_balance_ttl_on_first_write" to "test_snapshots/prop_i10_balance_ttl_on_first_write.307.json".
Writing test snapshot file for test "prop_i10_balance_ttl_on_first_write" to "test_snapshots/prop_i10_balance_ttl_on_first_write.308.json".
Writing test snapshot file for test "prop_i10_balance_ttl_on_first_write" to "test_snapshots/prop_i10_balance_ttl_on_first_write.309.json".
Writing test snapshot file for test "prop_i10_balance_ttl_on_first_write" to "test_snapshots/prop_i10_balance_ttl_on_first_write.310.json".
Writing test snapshot file for test "prop_i10_balance_ttl_on_first_write" to "test_snapshots/prop_i10_balance_ttl_on_first_write.311.json".
Writing test snapshot file for test "prop_i10_balance_ttl_on_first_write" to "test_snapshots/prop_i10_balance_ttl_on_first_write.312.json".
Writing test snapshot file for test "prop_i10_balance_ttl_on_first_write" to "test_snapshots/prop_i10_balance_ttl_on_first_write.313.json".
Writing test snapshot file for test "prop_i10_balance_ttl_on_first_write" to "test_snapshots/prop_i10_balance_ttl_on_first_write.314.json".
Writing test snapshot file for test "prop_i10_balance_ttl_on_first_write" to "test_snapshots/prop_i10_balance_ttl_on_first_write.315.json".
Writing test snapshot file for test "prop_i10_balance_ttl_on_first_write" to "test_snapshots/prop_i10_balance_ttl_on_first_write.316.json".
Writing test snapshot file for test "prop_i10_balance_ttl_on_first_write" to "test_snapshots/prop_i10_balance_ttl_on_first_write.317.json".
Writing test snapshot file for test "prop_i10_balance_ttl_on_first_write" to "test_snapshots/prop_i10_balance_ttl_on_first_write.318.json".
Writing test snapshot file for test "prop_i10_balance_ttl_on_first_write" to "test_snapshots/prop_i10_balance_ttl_on_first_write.319.json".
Writing test snapshot file for test "prop_i10_balance_ttl_on_first_write" to "test_snapshots/prop_i10_balance_ttl_on_first_write.320.json".
Writing test snapshot file for test "prop_i10_balance_ttl_on_first_write" to "test_snapshots/prop_i10_balance_ttl_on_first_write.321.json".
Writing test snapshot file for test "prop_i10_balance_ttl_on_first_write" to "test_snapshots/prop_i10_balance_ttl_on_first_write.322.json".
Writing test snapshot file for test "prop_i10_balance_ttl_on_first_write" to "test_snapshots/prop_i10_balance_ttl_on_first_write.323.json".
Writing test snapshot file for test "prop_i10_balance_ttl_on_first_write" to "test_snapshots/prop_i10_balance_ttl_on_first_write.324.json".
Writing test snapshot file for test "prop_i10_balance_ttl_on_first_write" to "test_snapshots/prop_i10_balance_ttl_on_first_write.325.json".
Writing test snapshot file for test "prop_i10_balance_ttl_on_first_write" to "test_snapshots/prop_i10_balance_ttl_on_first_write.326.json".
Writing test snapshot file for test "prop_i10_balance_ttl_on_first_write" to "test_snapshots/prop_i10_balance_ttl_on_first_write.327.json".
Writing test snapshot file for test "prop_i10_balance_ttl_on_first_write" to "test_snapshots/prop_i10_balance_ttl_on_first_write.328.json".
Writing test snapshot file for test "prop_i10_balance_ttl_on_first_write" to "test_snapshots/prop_i10_balance_ttl_on_first_write.329.json".
Writing test snapshot file for test "prop_i10_balance_ttl_on_first_write" to "test_snapshots/prop_i10_balance_ttl_on_first_write.330.json".
Writing test snapshot file for test "prop_i10_balance_ttl_on_first_write" to "test_snapshots/prop_i10_balance_ttl_on_first_write.331.json".
Writing test snapshot file for test "prop_i10_balance_ttl_on_first_write" to "test_snapshots/prop_i10_balance_ttl_on_first_write.332.json".
Writing test snapshot file for test "prop_i10_balance_ttl_on_first_write" to "test_snapshots/prop_i10_balance_ttl_on_first_write.333.json".
Writing test snapshot file for test "prop_i10_balance_ttl_on_first_write" to "test_snapshots/prop_i10_balance_ttl_on_first_write.334.json".
Writing test snapshot file for test "prop_i10_balance_ttl_on_first_write" to "test_snapshots/prop_i10_balance_ttl_on_first_write.335.json".
Writing test snapshot file for test "prop_i10_balance_ttl_on_first_write" to "test_snapshots/prop_i10_balance_ttl_on_first_write.336.json".
Writing test snapshot file for test "prop_i10_balance_ttl_on_first_write" to "test_snapshots/prop_i10_balance_ttl_on_first_write.337.json".
Writing test snapshot file for test "prop_i10_balance_ttl_on_first_write" to "test_snapshots/prop_i10_balance_ttl_on_first_write.338.json".
Writing test snapshot file for test "prop_i10_balance_ttl_on_first_write" to "test_snapshots/prop_i10_balance_ttl_on_first_write.339.json".
Writing test snapshot file for test "prop_i10_balance_ttl_on_first_write" to "test_snapshots/prop_i10_balance_ttl_on_first_write.340.json".
Writing test snapshot file for test "prop_i10_balance_ttl_on_first_write" to "test_snapshots/prop_i10_balance_ttl_on_first_write.341.json".
Writing test snapshot file for test "prop_i10_balance_ttl_on_first_write" to "test_snapshots/prop_i10_balance_ttl_on_first_write.342.json".
Writing test snapshot file for test "prop_i10_balance_ttl_on_first_write" to "test_snapshots/prop_i10_balance_ttl_on_first_write.343.json".
Writing test snapshot file for test "prop_i10_balance_ttl_on_first_write" to "test_snapshots/prop_i10_balance_ttl_on_first_write.344.json".
Writing test snapshot file for test "prop_i10_balance_ttl_on_first_write" to "test_snapshots/prop_i10_balance_ttl_on_first_write.345.json".
Writing test snapshot file for test "prop_i10_balance_ttl_on_first_write" to "test_snapshots/prop_i10_balance_ttl_on_first_write.346.json".
Writing test snapshot file for test "prop_i10_balance_ttl_on_first_write" to "test_snapshots/prop_i10_balance_ttl_on_first_write.347.json".
Writing test snapshot file for test "prop_i10_balance_ttl_on_first_write" to "test_snapshots/prop_i10_balance_ttl_on_first_write.348.json".
Writing test snapshot file for test "prop_i10_balance_ttl_on_first_write" to "test_snapshots/prop_i10_balance_ttl_on_first_write.349.json".
Writing test snapshot file for test "prop_i10_balance_ttl_on_first_write" to "test_snapshots/prop_i10_balance_ttl_on_first_write.350.json".
Writing test snapshot file for test "prop_i10_balance_ttl_on_first_write" to "test_snapshots/prop_i10_balance_ttl_on_first_write.351.json".
Writing test snapshot file for test "prop_i10_balance_ttl_on_first_write" to "test_snapshots/prop_i10_balance_ttl_on_first_write.352.json".
Writing test snapshot file for test "prop_i10_balance_ttl_on_first_write" to "test_snapshots/prop_i10_balance_ttl_on_first_write.353.json".
Writing test snapshot file for test "prop_i10_balance_ttl_on_first_write" to "test_snapshots/prop_i10_balance_ttl_on_first_write.354.json".
Writing test snapshot file for test "prop_i10_balance_ttl_on_first_write" to "test_snapshots/prop_i10_balance_ttl_on_first_write.355.json".
Writing test snapshot file for test "prop_i10_balance_ttl_on_first_write" to "test_snapshots/prop_i10_balance_ttl_on_first_write.356.json".
Writing test snapshot file for test "prop_i10_balance_ttl_on_first_write" to "test_snapshots/prop_i10_balance_ttl_on_first_write.357.json".
Writing test snapshot file for test "prop_i10_balance_ttl_on_first_write" to "test_snapshots/prop_i10_balance_ttl_on_first_write.358.json".
Writing test snapshot file for test "prop_i10_balance_ttl_on_first_write" to "test_snapshots/prop_i10_balance_ttl_on_first_write.359.json".
Writing test snapshot file for test "prop_i10_balance_ttl_on_first_write" to "test_snapshots/prop_i10_balance_ttl_on_first_write.360.json".
Writing test snapshot file for test "prop_i10_balance_ttl_on_first_write" to "test_snapshots/prop_i10_balance_ttl_on_first_write.361.json".
Writing test snapshot file for test "prop_i10_balance_ttl_on_first_write" to "test_snapshots/prop_i10_balance_ttl_on_first_write.362.json".
Writing test snapshot file for test "prop_i10_balance_ttl_on_first_write" to "test_snapshots/prop_i10_balance_ttl_on_first_write.363.json".
Writing test snapshot file for test "prop_i10_balance_ttl_on_first_write" to "test_snapshots/prop_i10_balance_ttl_on_first_write.364.json".
Writing test snapshot file for test "prop_i10_balance_ttl_on_first_write" to "test_snapshots/prop_i10_balance_ttl_on_first_write.365.json".
Writing test snapshot file for test "prop_i10_balance_ttl_on_first_write" to "test_snapshots/prop_i10_balance_ttl_on_first_write.366.json".
Writing test snapshot file for test "prop_i10_balance_ttl_on_first_write" to "test_snapshots/prop_i10_balance_ttl_on_first_write.367.json".
Writing test snapshot file for test "prop_i10_balance_ttl_on_first_write" to "test_snapshots/prop_i10_balance_ttl_on_first_write.368.json".
Writing test snapshot file for test "prop_i10_balance_ttl_on_first_write" to "test_snapshots/prop_i10_balance_ttl_on_first_write.369.json".
Writing test snapshot file for test "prop_i10_balance_ttl_on_first_write" to "test_snapshots/prop_i10_balance_ttl_on_first_write.370.json".
Writing test snapshot file for test "prop_i10_balance_ttl_on_first_write" to "test_snapshots/prop_i10_balance_ttl_on_first_write.371.json".
Writing test snapshot file for test "prop_i10_balance_ttl_on_first_write" to "test_snapshots/prop_i10_balance_ttl_on_first_write.372.json".
Writing test snapshot file for test "prop_i10_balance_ttl_on_first_write" to "test_snapshots/prop_i10_balance_ttl_on_first_write.373.json".
Writing test snapshot file for test "prop_i10_balance_ttl_on_first_write" to "test_snapshots/prop_i10_balance_ttl_on_first_write.374.json".
Writing test snapshot file for test "prop_i10_balance_ttl_on_first_write" to "test_snapshots/prop_i10_balance_ttl_on_first_write.375.json".
Writing test snapshot file for test "prop_i10_balance_ttl_on_first_write" to "test_snapshots/prop_i10_balance_ttl_on_first_write.376.json".
Writing test snapshot file for test "prop_i10_balance_ttl_on_first_write" to "test_snapshots/prop_i10_balance_ttl_on_first_write.377.json".
Writing test snapshot file for test "prop_i10_balance_ttl_on_first_write" to "test_snapshots/prop_i10_balance_ttl_on_first_write.378.json".
Writing test snapshot file for test "prop_i10_balance_ttl_on_first_write" to "test_snapshots/prop_i10_balance_ttl_on_first_write.379.json".
Writing test snapshot file for test "prop_i10_balance_ttl_on_first_write" to "test_snapshots/prop_i10_balance_ttl_on_first_write.380.json".
Writing test snapshot file for test "prop_i10_balance_ttl_on_first_write" to "test_snapshots/prop_i10_balance_ttl_on_first_write.381.json".
Writing test snapshot file for test "prop_i10_balance_ttl_on_first_write" to "test_snapshots/prop_i10_balance_ttl_on_first_write.382.json".
Writing test snapshot file for test "prop_i10_balance_ttl_on_first_write" to "test_snapshots/prop_i10_balance_ttl_on_first_write.383.json".
Writing test snapshot file for test "prop_i10_balance_ttl_on_first_write" to "test_snapshots/prop_i10_balance_ttl_on_first_write.384.json".
Writing test snapshot file for test "prop_i10_balance_ttl_on_first_write" to "test_snapshots/prop_i10_balance_ttl_on_first_write.385.json".
Writing test snapshot file for test "prop_i10_balance_ttl_on_first_write" to "test_snapshots/prop_i10_balance_ttl_on_first_write.386.json".
Writing test snapshot file for test "prop_i10_balance_ttl_on_first_write" to "test_snapshots/prop_i10_balance_ttl_on_first_write.387.json".
Writing test snapshot file for test "prop_i10_balance_ttl_on_first_write" to "test_snapshots/prop_i10_balance_ttl_on_first_write.388.json".
Writing test snapshot file for test "prop_i10_balance_ttl_on_first_write" to "test_snapshots/prop_i10_balance_ttl_on_first_write.389.json".
Writing test snapshot file for test "prop_i10_balance_ttl_on_first_write" to "test_snapshots/prop_i10_balance_ttl_on_first_write.390.json".
Writing test snapshot file for test "prop_i10_balance_ttl_on_first_write" to "test_snapshots/prop_i10_balance_ttl_on_first_write.391.json".
Writing test snapshot file for test "prop_i10_balance_ttl_on_first_write" to "test_snapshots/prop_i10_balance_ttl_on_first_write.392.json".
Writing test snapshot file for test "prop_i10_balance_ttl_on_first_write" to "test_snapshots/prop_i10_balance_ttl_on_first_write.393.json".
Writing test snapshot file for test "prop_i10_balance_ttl_on_first_write" to "test_snapshots/prop_i10_balance_ttl_on_first_write.394.json".
Writing test snapshot file for test "prop_i10_balance_ttl_on_first_write" to "test_snapshots/prop_i10_balance_ttl_on_first_write.395.json".
Writing test snapshot file for test "prop_i10_balance_ttl_on_first_write" to "test_snapshots/prop_i10_balance_ttl_on_first_write.396.json".
Writing test snapshot file for test "prop_i10_balance_ttl_on_first_write" to "test_snapshots/prop_i10_balance_ttl_on_first_write.397.json".
Writing test snapshot file for test "prop_i10_balance_ttl_on_first_write" to "test_snapshots/prop_i10_balance_ttl_on_first_write.398.json".
Writing test snapshot file for test "prop_i10_balance_ttl_on_first_write" to "test_snapshots/prop_i10_balance_ttl_on_first_write.399.json".
Writing test snapshot file for test "prop_i10_balance_ttl_on_first_write" to "test_snapshots/prop_i10_balance_ttl_on_first_write.400.json".
Writing test snapshot file for test "prop_i10_balance_ttl_on_first_write" to "test_snapshots/prop_i10_balance_ttl_on_first_write.401.json".
Writing test snapshot file for test "prop_i10_balance_ttl_on_first_write" to "test_snapshots/prop_i10_balance_ttl_on_first_write.402.json".
Writing test snapshot file for test "prop_i10_balance_ttl_on_first_write" to "test_snapshots/prop_i10_balance_ttl_on_first_write.403.json".
Writing test snapshot file for test "prop_i10_balance_ttl_on_first_write" to "test_snapshots/prop_i10_balance_ttl_on_first_write.404.json".
Writing test snapshot file for test "prop_i10_balance_ttl_on_first_write" to "test_snapshots/prop_i10_balance_ttl_on_first_write.405.json".
Writing test snapshot file for test "prop_i10_balance_ttl_on_first_write" to "test_snapshots/prop_i10_balance_ttl_on_first_write.406.json".
Writing test snapshot file for test "prop_i10_balance_ttl_on_first_write" to "test_snapshots/prop_i10_balance_ttl_on_first_write.407.json".
Writing test snapshot file for test "prop_i10_balance_ttl_on_first_write" to "test_snapshots/prop_i10_balance_ttl_on_first_write.408.json".
Writing test snapshot file for test "prop_i10_balance_ttl_on_first_write" to "test_snapshots/prop_i10_balance_ttl_on_first_write.409.json".
Writing test snapshot file for test "prop_i10_balance_ttl_on_first_write" to "test_snapshots/prop_i10_balance_ttl_on_first_write.410.json".
Writing test snapshot file for test "prop_i10_balance_ttl_on_first_write" to "test_snapshots/prop_i10_balance_ttl_on_first_write.411.json".
Writing test snapshot file for test "prop_i10_balance_ttl_on_first_write" to "test_snapshots/prop_i10_balance_ttl_on_first_write.412.json".
Writing test snapshot file for test "prop_i10_balance_ttl_on_first_write" to "test_snapshots/prop_i10_balance_ttl_on_first_write.413.json".
Writing test snapshot file for test "prop_i10_balance_ttl_on_first_write" to "test_snapshots/prop_i10_balance_ttl_on_first_write.414.json".
Writing test snapshot file for test "prop_i10_balance_ttl_on_first_write" to "test_snapshots/prop_i10_balance_ttl_on_first_write.415.json".
Writing test snapshot file for test "prop_i10_balance_ttl_on_first_write" to "test_snapshots/prop_i10_balance_ttl_on_first_write.416.json".
Writing test snapshot file for test "prop_i10_balance_ttl_on_first_write" to "test_snapshots/prop_i10_balance_ttl_on_first_write.417.json".
Writing test snapshot file for test "prop_i10_balance_ttl_on_first_write" to "test_snapshots/prop_i10_balance_ttl_on_first_write.418.json".
Writing test snapshot file for test "prop_i10_balance_ttl_on_first_write" to "test_snapshots/prop_i10_balance_ttl_on_first_write.419.json".
Writing test snapshot file for test "prop_i10_balance_ttl_on_first_write" to "test_snapshots/prop_i10_balance_ttl_on_first_write.420.json".
Writing test snapshot file for test "prop_i10_balance_ttl_on_first_write" to "test_snapshots/prop_i10_balance_ttl_on_first_write.421.json".
Writing test snapshot file for test "prop_i10_balance_ttl_on_first_write" to "test_snapshots/prop_i10_balance_ttl_on_first_write.422.json".
Writing test snapshot file for test "prop_i10_balance_ttl_on_first_write" to "test_snapshots/prop_i10_balance_ttl_on_first_write.423.json".
Writing test snapshot file for test "prop_i10_balance_ttl_on_first_write" to "test_snapshots/prop_i10_balance_ttl_on_first_write.424.json".
Writing test snapshot file for test "prop_i10_balance_ttl_on_first_write" to "test_snapshots/prop_i10_balance_ttl_on_first_write.425.json".
Writing test snapshot file for test "prop_i10_balance_ttl_on_first_write" to "test_snapshots/prop_i10_balance_ttl_on_first_write.426.json".
Writing test snapshot file for test "prop_i10_balance_ttl_on_first_write" to "test_snapshots/prop_i10_balance_ttl_on_first_write.427.json".
Writing test snapshot file for test "prop_i10_balance_ttl_on_first_write" to "test_snapshots/prop_i10_balance_ttl_on_first_write.428.json".
Writing test snapshot file for test "prop_i10_balance_ttl_on_first_write" to "test_snapshots/prop_i10_balance_ttl_on_first_write.429.json".
Writing test snapshot file for test "prop_i10_balance_ttl_on_first_write" to "test_snapshots/prop_i10_balance_ttl_on_first_write.430.json".
Writing test snapshot file for test "prop_i10_balance_ttl_on_first_write" to "test_snapshots/prop_i10_balance_ttl_on_first_write.431.json".
Writing test snapshot file for test "prop_i10_balance_ttl_on_first_write" to "test_snapshots/prop_i10_balance_ttl_on_first_write.432.json".
Writing test snapshot file for test "prop_i10_balance_ttl_on_first_write" to "test_snapshots/prop_i10_balance_ttl_on_first_write.433.json".
Writing test snapshot file for test "prop_i10_balance_ttl_on_first_write" to "test_snapshots/prop_i10_balance_ttl_on_first_write.434.json".
Writing test snapshot file for test "prop_i10_balance_ttl_on_first_write" to "test_snapshots/prop_i10_balance_ttl_on_first_write.435.json".
Writing test snapshot file for test "prop_i10_balance_ttl_on_first_write" to "test_snapshots/prop_i10_balance_ttl_on_first_write.436.json".
Writing test snapshot file for test "prop_i10_balance_ttl_on_first_write" to "test_snapshots/prop_i10_balance_ttl_on_first_write.437.json".
Writing test snapshot file for test "prop_i10_balance_ttl_on_first_write" to "test_snapshots/prop_i10_balance_ttl_on_first_write.438.json".
Writing test snapshot file for test "prop_i10_balance_ttl_on_first_write" to "test_snapshots/prop_i10_balance_ttl_on_first_write.439.json".
Writing test snapshot file for test "prop_i10_balance_ttl_on_first_write" to "test_snapshots/prop_i10_balance_ttl_on_first_write.440.json".
Writing test snapshot file for test "prop_i10_balance_ttl_on_first_write" to "test_snapshots/prop_i10_balance_ttl_on_first_write.441.json".
Writing test snapshot file for test "prop_i10_balance_ttl_on_first_write" to "test_snapshots/prop_i10_balance_ttl_on_first_write.442.json".
Writing test snapshot file for test "prop_i10_balance_ttl_on_first_write" to "test_snapshots/prop_i10_balance_ttl_on_first_write.443.json".
Writing test snapshot file for test "prop_i10_balance_ttl_on_first_write" to "test_snapshots/prop_i10_balance_ttl_on_first_write.444.json".
Writing test snapshot file for test "prop_i10_balance_ttl_on_first_write" to "test_snapshots/prop_i10_balance_ttl_on_first_write.445.json".
Writing test snapshot file for test "prop_i10_balance_ttl_on_first_write" to "test_snapshots/prop_i10_balance_ttl_on_first_write.446.json".
Writing test snapshot file for test "prop_i10_balance_ttl_on_first_write" to "test_snapshots/prop_i10_balance_ttl_on_first_write.447.json".
Writing test snapshot file for test "prop_i10_balance_ttl_on_first_write" to "test_snapshots/prop_i10_balance_ttl_on_first_write.448.json".
Writing test snapshot file for test "prop_i10_balance_ttl_on_first_write" to "test_snapshots/prop_i10_balance_ttl_on_first_write.449.json".
Writing test snapshot file for test "prop_i10_balance_ttl_on_first_write" to "test_snapshots/prop_i10_balance_ttl_on_first_write.450.json".
Writing test snapshot file for test "prop_i10_balance_ttl_on_first_write" to "test_snapshots/prop_i10_balance_ttl_on_first_write.451.json".
Writing test snapshot file for test "prop_i10_balance_ttl_on_first_write" to "test_snapshots/prop_i10_balance_ttl_on_first_write.452.json".
Writing test snapshot file for test "prop_i10_balance_ttl_on_first_write" to "test_snapshots/prop_i10_balance_ttl_on_first_write.453.json".
Writing test snapshot file for test "prop_i10_balance_ttl_on_first_write" to "test_snapshots/prop_i10_balance_ttl_on_first_write.454.json".
Writing test snapshot file for test "prop_i10_balance_ttl_on_first_write" to "test_snapshots/prop_i10_balance_ttl_on_first_write.455.json".
Writing test snapshot file for test "prop_i10_balance_ttl_on_first_write" to "test_snapshots/prop_i10_balance_ttl_on_first_write.456.json".
Writing test snapshot file for test "prop_i10_balance_ttl_on_first_write" to "test_snapshots/prop_i10_balance_ttl_on_first_write.457.json".
Writing test snapshot file for test "prop_i10_balance_ttl_on_first_write" to "test_snapshots/prop_i10_balance_ttl_on_first_write.458.json".
Writing test snapshot file for test "prop_i10_balance_ttl_on_first_write" to "test_snapshots/prop_i10_balance_ttl_on_first_write.459.json".
Writing test snapshot file for test "prop_i10_balance_ttl_on_first_write" to "test_snapshots/prop_i10_balance_ttl_on_first_write.460.json".
Writing test snapshot file for test "prop_i10_balance_ttl_on_first_write" to "test_snapshots/prop_i10_balance_ttl_on_first_write.461.json".
Writing test snapshot file for test "prop_i10_balance_ttl_on_first_write" to "test_snapshots/prop_i10_balance_ttl_on_first_write.462.json".
Writing test snapshot file for test "prop_i10_balance_ttl_on_first_write" to "test_snapshots/prop_i10_balance_ttl_on_first_write.463.json".
Writing test snapshot file for test "prop_i10_balance_ttl_on_first_write" to "test_snapshots/prop_i10_balance_ttl_on_first_write.464.json".
Writing test snapshot file for test "prop_i10_balance_ttl_on_first_write" to "test_snapshots/prop_i10_balance_ttl_on_first_write.465.json".
Writing test snapshot file for test "prop_i10_balance_ttl_on_first_write" to "test_snapshots/prop_i10_balance_ttl_on_first_write.466.json".
Writing test snapshot file for test "prop_i10_balance_ttl_on_first_write" to "test_snapshots/prop_i10_balance_ttl_on_first_write.467.json".
Writing test snapshot file for test "prop_i10_balance_ttl_on_first_write" to "test_snapshots/prop_i10_balance_ttl_on_first_write.468.json".
Writing test snapshot file for test "prop_i10_balance_ttl_on_first_write" to "test_snapshots/prop_i10_balance_ttl_on_first_write.469.json".
Writing test snapshot file for test "prop_i10_balance_ttl_on_first_write" to "test_snapshots/prop_i10_balance_ttl_on_first_write.470.json".
Writing test snapshot file for test "prop_i10_balance_ttl_on_first_write" to "test_snapshots/prop_i10_balance_ttl_on_first_write.471.json".
Writing test snapshot file for test "prop_i10_balance_ttl_on_first_write" to "test_snapshots/prop_i10_balance_ttl_on_first_write.472.json".
Writing test snapshot file for test "prop_i10_balance_ttl_on_first_write" to "test_snapshots/prop_i10_balance_ttl_on_first_write.473.json".
Writing test snapshot file for test "prop_i10_balance_ttl_on_first_write" to "test_snapshots/prop_i10_balance_ttl_on_first_write.474.json".
Writing test snapshot file for test "prop_i10_balance_ttl_on_first_write" to "test_snapshots/prop_i10_balance_ttl_on_first_write.475.json".
Writing test snapshot file for test "prop_i10_balance_ttl_on_first_write" to "test_snapshots/prop_i10_balance_ttl_on_first_write.476.json".
Writing test snapshot file for test "prop_i10_balance_ttl_on_first_write" to "test_snapshots/prop_i10_balance_ttl_on_first_write.477.json".
Writing test snapshot file for test "prop_i10_balance_ttl_on_first_write" to "test_snapshots/prop_i10_balance_ttl_on_first_write.478.json".
Writing test snapshot file for test "prop_i10_balance_ttl_on_first_write" to "test_snapshots/prop_i10_balance_ttl_on_first_write.479.json".
Writing test snapshot file for test "prop_i10_balance_ttl_on_first_write" to "test_snapshots/prop_i10_balance_ttl_on_first_write.480.json".
Writing test snapshot file for test "prop_i10_balance_ttl_on_first_write" to "test_snapshots/prop_i10_balance_ttl_on_first_write.481.json".
Writing test snapshot file for test "prop_i10_balance_ttl_on_first_write" to "test_snapshots/prop_i10_balance_ttl_on_first_write.482.json".
Writing test snapshot file for test "prop_i10_balance_ttl_on_first_write" to "test_snapshots/prop_i10_balance_ttl_on_first_write.483.json".
Writing test snapshot file for test "prop_i10_balance_ttl_on_first_write" to "test_snapshots/prop_i10_balance_ttl_on_first_write.484.json".
Writing test snapshot file for test "prop_i10_balance_ttl_on_first_write" to "test_snapshots/prop_i10_balance_ttl_on_first_write.485.json".
Writing test snapshot file for test "prop_i10_balance_ttl_on_first_write" to "test_snapshots/prop_i10_balance_ttl_on_first_write.486.json".
Writing test snapshot file for test "prop_i10_balance_ttl_on_first_write" to "test_snapshots/prop_i10_balance_ttl_on_first_write.487.json".
Writing test snapshot file for test "prop_i10_balance_ttl_on_first_write" to "test_snapshots/prop_i10_balance_ttl_on_first_write.488.json".
Writing test snapshot file for test "prop_i10_balance_ttl_on_first_write" to "test_snapshots/prop_i10_balance_ttl_on_first_write.489.json".
Writing test snapshot file for test "prop_i10_balance_ttl_on_first_write" to "test_snapshots/prop_i10_balance_ttl_on_first_write.490.json".
Writing test snapshot file for test "prop_i10_balance_ttl_on_first_write" to "test_snapshots/prop_i10_balance_ttl_on_first_write.491.json".
Writing test snapshot file for test "prop_i10_balance_ttl_on_first_write" to "test_snapshots/prop_i10_balance_ttl_on_first_write.492.json".
Writing test snapshot file for test "prop_i10_balance_ttl_on_first_write" to "test_snapshots/prop_i10_balance_ttl_on_first_write.493.json".
Writing test snapshot file for test "prop_i10_balance_ttl_on_first_write" to "test_snapshots/prop_i10_balance_ttl_on_first_write.494.json".
Writing test snapshot file for test "prop_i10_balance_ttl_on_first_write" to "test_snapshots/prop_i10_balance_ttl_on_first_write.495.json".
Writing test snapshot file for test "prop_i10_balance_ttl_on_first_write" to "test_snapshots/prop_i10_balance_ttl_on_first_write.496.json".
Writing test snapshot file for test "prop_i10_balance_ttl_on_first_write" to "test_snapshots/prop_i10_balance_ttl_on_first_write.497.json".
Writing test snapshot file for test "prop_i10_balance_ttl_on_first_write" to "test_snapshots/prop_i10_balance_ttl_on_first_write.498.json".
Writing test snapshot file for test "prop_i10_balance_ttl_on_first_write" to "test_snapshots/prop_i10_balance_ttl_on_first_write.499.json".
Writing test snapshot file for test "prop_i10_balance_ttl_on_first_write" to "test_snapshots/prop_i10_balance_ttl_on_first_write.500.json".
Writing test snapshot file for test "prop_i10_balance_ttl_on_first_write" to "test_snapshots/prop_i10_balance_ttl_on_first_write.501.json".
Writing test snapshot file for test "prop_i10_balance_ttl_on_first_write" to "test_snapshots/prop_i10_balance_ttl_on_first_write.502.json".
Writing test snapshot file for test "prop_i10_balance_ttl_on_first_write" to "test_snapshots/prop_i10_balance_ttl_on_first_write.503.json".
Writing test snapshot file for test "prop_i10_balance_ttl_on_first_write" to "test_snapshots/prop_i10_balance_ttl_on_first_write.504.json".
Writing test snapshot file for test "prop_i10_balance_ttl_on_first_write" to "test_snapshots/prop_i10_balance_ttl_on_first_write.505.json".
Writing test snapshot file for test "prop_i10_balance_ttl_on_first_write" to "test_snapshots/prop_i10_balance_ttl_on_first_write.506.json".
Writing test snapshot file for test "prop_i10_balance_ttl_on_first_write" to "test_snapshots/prop_i10_balance_ttl_on_first_write.507.json".
Writing test snapshot file for test "prop_i10_balance_ttl_on_first_write" to "test_snapshots/prop_i10_balance_ttl_on_first_write.508.json".
Writing test snapshot file for test "prop_i10_balance_ttl_on_first_write" to "test_snapshots/prop_i10_balance_ttl_on_first_write.509.json".
Writing test snapshot file for test "prop_i10_balance_ttl_on_first_write" to "test_snapshots/prop_i10_balance_ttl_on_first_write.510.json".
Writing test snapshot file for test "prop_i10_balance_ttl_on_first_write" to "test_snapshots/prop_i10_balance_ttl_on_first_write.511.json".
Writing test snapshot file for test "prop_i10_balance_ttl_on_first_write" to "test_snapshots/prop_i10_balance_ttl_on_first_write.512.json".
Writing test snapshot file for test "prop_i10_balance_ttl_on_first_write" to "test_snapshots/prop_i10_balance_ttl_on_first_write.513.json".
Writing test snapshot file for test "prop_i10_balance_ttl_on_first_write" to "test_snapshots/prop_i10_balance_ttl_on_first_write.514.json".
Writing test snapshot file for test "prop_i10_balance_ttl_on_first_write" to "test_snapshots/prop_i10_balance_ttl_on_first_write.515.json".
Writing test snapshot file for test "prop_i10_balance_ttl_on_first_write" to "test_snapshots/prop_i10_balance_ttl_on_first_write.516.json".
Writing test snapshot file for test "prop_i10_balance_ttl_on_first_write" to "test_snapshots/prop_i10_balance_ttl_on_first_write.517.json".
Writing test snapshot file for test "prop_i10_balance_ttl_on_first_write" to "test_snapshots/prop_i10_balance_ttl_on_first_write.518.json".
Writing test snapshot file for test "prop_i10_balance_ttl_on_first_write" to "test_snapshots/prop_i10_balance_ttl_on_first_write.519.json".
Writing test snapshot file for test "prop_i10_balance_ttl_on_first_write" to "test_snapshots/prop_i10_balance_ttl_on_first_write.520.json".
Writing test snapshot file for test "prop_i10_balance_ttl_on_first_write" to "test_snapshots/prop_i10_balance_ttl_on_first_write.521.json".
Writing test snapshot file for test "prop_i10_balance_ttl_on_first_write" to "test_snapshots/prop_i10_balance_ttl_on_first_write.522.json".
Writing test snapshot file for test "prop_i10_balance_ttl_on_first_write" to "test_snapshots/prop_i10_balance_ttl_on_first_write.523.json".
Writing test snapshot file for test "prop_i10_balance_ttl_on_first_write" to "test_snapshots/prop_i10_balance_ttl_on_first_write.524.json".
Writing test snapshot file for test "prop_i10_balance_ttl_on_first_write" to "test_snapshots/prop_i10_balance_ttl_on_first_write.525.json".
Writing test snapshot file for test "prop_i10_balance_ttl_on_first_write" to "test_snapshots/prop_i10_balance_ttl_on_first_write.526.json".
Writing test snapshot file for test "prop_i10_balance_ttl_on_first_write" to "test_snapshots/prop_i10_balance_ttl_on_first_write.527.json".
Writing test snapshot file for test "prop_i10_balance_ttl_on_first_write" to "test_snapshots/prop_i10_balance_ttl_on_first_write.528.json".
Writing test snapshot file for test "prop_i10_balance_ttl_on_first_write" to "test_snapshots/prop_i10_balance_ttl_on_first_write.529.json".
Writing test snapshot file for test "prop_i10_balance_ttl_on_first_write" to "test_snapshots/prop_i10_balance_ttl_on_first_write.530.json".
Writing test snapshot file for test "prop_i10_balance_ttl_on_first_write" to "test_snapshots/prop_i10_balance_ttl_on_first_write.531.json".
Writing test snapshot file for test "prop_i10_balance_ttl_on_first_write" to "test_snapshots/prop_i10_balance_ttl_on_first_write.532.json".
Writing test snapshot file for test "prop_i10_balance_ttl_on_first_write" to "test_snapshots/prop_i10_balance_ttl_on_first_write.533.json".
Writing test snapshot file for test "prop_i10_balance_ttl_on_first_write" to "test_snapshots/prop_i10_balance_ttl_on_first_write.534.json".
Writing test snapshot file for test "prop_i10_balance_ttl_on_first_write" to "test_snapshots/prop_i10_balance_ttl_on_first_write.535.json".
Writing test snapshot file for test "prop_i10_balance_ttl_on_first_write" to "test_snapshots/prop_i10_balance_ttl_on_first_write.536.json".
Writing test snapshot file for test "prop_i10_balance_ttl_on_first_write" to "test_snapshots/prop_i10_balance_ttl_on_first_write.537.json".
Writing test snapshot file for test "prop_i10_balance_ttl_on_first_write" to "test_snapshots/prop_i10_balance_ttl_on_first_write.538.json".
Writing test snapshot file for test "prop_i10_balance_ttl_on_first_write" to "test_snapshots/prop_i10_balance_ttl_on_first_write.539.json".
Writing test snapshot file for test "prop_i10_balance_ttl_on_first_write" to "test_snapshots/prop_i10_balance_ttl_on_first_write.540.json".
Writing test snapshot file for test "prop_i10_balance_ttl_on_first_write" to "test_snapshots/prop_i10_balance_ttl_on_first_write.541.json".
Writing test snapshot file for test "prop_i10_balance_ttl_on_first_write" to "test_snapshots/prop_i10_balance_ttl_on_first_write.542.json".
Writing test snapshot file for test "prop_i10_balance_ttl_on_first_write" to "test_snapshots/prop_i10_balance_ttl_on_first_write.543.json".
Writing test snapshot file for test "prop_i10_balance_ttl_on_first_write" to "test_snapshots/prop_i10_balance_ttl_on_first_write.544.json".
Writing test snapshot file for test "prop_i10_balance_ttl_on_first_write" to "test_snapshots/prop_i10_balance_ttl_on_first_write.545.json".
Writing test snapshot file for test "prop_i10_balance_ttl_on_first_write" to "test_snapshots/prop_i10_balance_ttl_on_first_write.546.json".
Writing test snapshot file for test "prop_i10_balance_ttl_on_first_write" to "test_snapshots/prop_i10_balance_ttl_on_first_write.547.json".
Writing test snapshot file for test "prop_i10_balance_ttl_on_first_write" to "test_snapshots/prop_i10_balance_ttl_on_first_write.548.json".
Writing test snapshot file for test "prop_i10_balance_ttl_on_first_write" to "test_snapshots/prop_i10_balance_ttl_on_first_write.549.json".
Writing test snapshot file for test "prop_i10_balance_ttl_on_first_write" to "test_snapshots/prop_i10_balance_ttl_on_first_write.550.json".
Writing test snapshot file for test "prop_i10_balance_ttl_on_first_write" to "test_snapshots/prop_i10_balance_ttl_on_first_write.551.json".
Writing test snapshot file for test "prop_i10_balance_ttl_on_first_write" to "test_snapshots/prop_i10_balance_ttl_on_first_write.552.json".
Writing test snapshot file for test "prop_i10_balance_ttl_on_first_write" to "test_snapshots/prop_i10_balance_ttl_on_first_write.553.json".
Writing test snapshot file for test "prop_i10_balance_ttl_on_first_write" to "test_snapshots/prop_i10_balance_ttl_on_first_write.554.json".
Writing test snapshot file for test "prop_i10_balance_ttl_on_first_write" to "test_snapshots/prop_i10_balance_ttl_on_first_write.555.json".
Writing test snapshot file for test "prop_i10_balance_ttl_on_first_write" to "test_snapshots/prop_i10_balance_ttl_on_first_write.556.json".
Writing test snapshot file for test "prop_i10_balance_ttl_on_first_write" to "test_snapshots/prop_i10_balance_ttl_on_first_write.557.json".
Writing test snapshot file for test "prop_i10_balance_ttl_on_first_write" to "test_snapshots/prop_i10_balance_ttl_on_first_write.558.json".
Writing test snapshot file for test "prop_i10_balance_ttl_on_first_write" to "test_snapshots/prop_i10_balance_ttl_on_first_write.559.json".
Writing test snapshot file for test "prop_i10_balance_ttl_on_first_write" to "test_snapshots/prop_i10_balance_ttl_on_first_write.560.json".
Writing test snapshot file for test "prop_i10_balance_ttl_on_first_write" to "test_snapshots/prop_i10_balance_ttl_on_first_write.561.json".
Writing test snapshot file for test "prop_i10_balance_ttl_on_first_write" to "test_snapshots/prop_i10_balance_ttl_on_first_write.562.json".
Writing test snapshot file for test "prop_i10_balance_ttl_on_first_write" to "test_snapshots/prop_i10_balance_ttl_on_first_write.563.json".
Writing test snapshot file for test "prop_i10_balance_ttl_on_first_write" to "test_snapshots/prop_i10_balance_ttl_on_first_write.564.json".
Writing test snapshot file for test "prop_i10_balance_ttl_on_first_write" to "test_snapshots/prop_i10_balance_ttl_on_first_write.565.json".
Writing test snapshot file for test "prop_i10_balance_ttl_on_first_write" to "test_snapshots/prop_i10_balance_ttl_on_first_write.566.json".
Writing test snapshot file for test "prop_i10_balance_ttl_on_first_write" to "test_snapshots/prop_i10_balance_ttl_on_first_write.567.json".
Writing test snapshot file for test "prop_i10_balance_ttl_on_first_write" to "test_snapshots/prop_i10_balance_ttl_on_first_write.568.json".
Writing test snapshot file for test "prop_i10_balance_ttl_on_first_write" to "test_snapshots/prop_i10_balance_ttl_on_first_write.569.json".
Writing test snapshot file for test "prop_i10_balance_ttl_on_first_write" to "test_snapshots/prop_i10_balance_ttl_on_first_write.570.json".
Writing test snapshot file for test "prop_i10_balance_ttl_on_first_write" to "test_snapshots/prop_i10_balance_ttl_on_first_write.571.json".
Writing test snapshot file for test "prop_i10_balance_ttl_on_first_write" to "test_snapshots/prop_i10_balance_ttl_on_first_write.572.json".
Writing test snapshot file for test "prop_i10_balance_ttl_on_first_write" to "test_snapshots/prop_i10_balance_ttl_on_first_write.573.json".
Writing test snapshot file for test "prop_i10_balance_ttl_on_first_write" to "test_snapshots/prop_i10_balance_ttl_on_first_write.574.json".
Writing test snapshot file for test "prop_i10_balance_ttl_on_first_write" to "test_snapshots/prop_i10_balance_ttl_on_first_write.575.json".
Writing test snapshot file for test "prop_i10_balance_ttl_on_first_write" to "test_snapshots/prop_i10_balance_ttl_on_first_write.576.json".
Writing test snapshot file for test "prop_i10_balance_ttl_on_first_write" to "test_snapshots/prop_i10_balance_ttl_on_first_write.577.json".
Writing test snapshot file for test "prop_i10_balance_ttl_on_first_write" to "test_snapshots/prop_i10_balance_ttl_on_first_write.578.json".
Writing test snapshot file for test "prop_i10_balance_ttl_on_first_write" to "test_snapshots/prop_i10_balance_ttl_on_first_write.579.json".
Writing test snapshot file for test "prop_i10_balance_ttl_on_first_write" to "test_snapshots/prop_i10_balance_ttl_on_first_write.580.json".
Writing test snapshot file for test "prop_i10_balance_ttl_on_first_write" to "test_snapshots/prop_i10_balance_ttl_on_first_write.581.json".
Writing test snapshot file for test "prop_i10_balance_ttl_on_first_write" to "test_snapshots/prop_i10_balance_ttl_on_first_write.582.json".
Writing test snapshot file for test "prop_i10_balance_ttl_on_first_write" to "test_snapshots/prop_i10_balance_ttl_on_first_write.583.json".
Writing test snapshot file for test "prop_i10_balance_ttl_on_first_write" to "test_snapshots/prop_i10_balance_ttl_on_first_write.584.json".
Writing test snapshot file for test "prop_i10_balance_ttl_on_first_write" to "test_snapshots/prop_i10_balance_ttl_on_first_write.585.json".
Writing test snapshot file for test "prop_i10_balance_ttl_on_first_write" to "test_snapshots/prop_i10_balance_ttl_on_first_write.586.json".
Writing test snapshot file for test "prop_i10_balance_ttl_on_first_write" to "test_snapshots/prop_i10_balance_ttl_on_first_write.587.json".
Writing test snapshot file for test "prop_i10_balance_ttl_on_first_write" to "test_snapshots/prop_i10_balance_ttl_on_first_write.588.json".
Writing test snapshot file for test "prop_i10_balance_ttl_on_first_write" to "test_snapshots/prop_i10_balance_ttl_on_first_write.589.json".
Writing test snapshot file for test "prop_i10_balance_ttl_on_first_write" to "test_snapshots/prop_i10_balance_ttl_on_first_write.590.json".
Writing test snapshot file for test "prop_i10_balance_ttl_on_first_write" to "test_snapshots/prop_i10_balance_ttl_on_first_write.591.json".
Writing test snapshot file for test "prop_i10_balance_ttl_on_first_write" to "test_snapshots/prop_i10_balance_ttl_on_first_write.592.json".
Writing test snapshot file for test "prop_i10_balance_ttl_on_first_write" to "test_snapshots/prop_i10_balance_ttl_on_first_write.593.json".
Writing test snapshot file for test "prop_i10_balance_ttl_on_first_write" to "test_snapshots/prop_i10_balance_ttl_on_first_write.594.json".
Writing test snapshot file for test "prop_i10_balance_ttl_on_first_write" to "test_snapshots/prop_i10_balance_ttl_on_first_write.595.json".
Writing test snapshot file for test "prop_i10_balance_ttl_on_first_write" to "test_snapshots/prop_i10_balance_ttl_on_first_write.596.json".
Writing test snapshot file for test "prop_i10_balance_ttl_on_first_write" to "test_snapshots/prop_i10_balance_ttl_on_first_write.597.json".
Writing test snapshot file for test "prop_i10_balance_ttl_on_first_write" to "test_snapshots/prop_i10_balance_ttl_on_first_write.598.json".
Writing test snapshot file for test "prop_i10_balance_ttl_on_first_write" to "test_snapshots/prop_i10_balance_ttl_on_first_write.599.json".
Writing test snapshot file for test "prop_i10_balance_ttl_on_first_write" to "test_snapshots/prop_i10_balance_ttl_on_first_write.600.json".
Writing test snapshot file for test "prop_i10_balance_ttl_on_first_write" to "test_snapshots/prop_i10_balance_ttl_on_first_write.601.json".
Writing test snapshot file for test "prop_i10_balance_ttl_on_first_write" to "test_snapshots/prop_i10_balance_ttl_on_first_write.602.json".
Writing test snapshot file for test "prop_i10_balance_ttl_on_first_write" to "test_snapshots/prop_i10_balance_ttl_on_first_write.603.json".
Writing test snapshot file for test "prop_i10_balance_ttl_on_first_write" to "test_snapshots/prop_i10_balance_ttl_on_first_write.604.json".
Writing test snapshot file for test "prop_i10_balance_ttl_on_first_write" to "test_snapshots/prop_i10_balance_ttl_on_first_write.605.json".
Writing test snapshot file for test "prop_i10_balance_ttl_on_first_write" to "test_snapshots/prop_i10_balance_ttl_on_first_write.606.json".
Writing test snapshot file for test "prop_i10_balance_ttl_on_first_write" to "test_snapshots/prop_i10_balance_ttl_on_first_write.607.json".
Writing test snapshot file for test "prop_i10_balance_ttl_on_first_write" to "test_snapshots/prop_i10_balance_ttl_on_first_write.608.json".
Writing test snapshot file for test "prop_i10_balance_ttl_on_first_write" to "test_snapshots/prop_i10_balance_ttl_on_first_write.609.json".
Writing test snapshot file for test "prop_i10_balance_ttl_on_first_write" to "test_snapshots/prop_i10_balance_ttl_on_first_write.610.json".
Writing test snapshot file for test "prop_i10_balance_ttl_on_first_write" to "test_snapshots/prop_i10_balance_ttl_on_first_write.611.json".
Writing test snapshot file for test "prop_i10_balance_ttl_on_first_write" to "test_snapshots/prop_i10_balance_ttl_on_first_write.612.json".
Writing test snapshot file for test "prop_i10_balance_ttl_on_first_write" to "test_snapshots/prop_i10_balance_ttl_on_first_write.613.json".
Writing test snapshot file for test "prop_i10_balance_ttl_on_first_write" to "test_snapshots/prop_i10_balance_ttl_on_first_write.614.json".
Writing test snapshot file for test "prop_i10_balance_ttl_on_first_write" to "test_snapshots/prop_i10_balance_ttl_on_first_write.615.json".
Writing test snapshot file for test "prop_i10_balance_ttl_on_first_write" to "test_snapshots/prop_i10_balance_ttl_on_first_write.616.json".
Writing test snapshot file for test "prop_i10_balance_ttl_on_first_write" to "test_snapshots/prop_i10_balance_ttl_on_first_write.617.json".
Writing test snapshot file for test "prop_i10_balance_ttl_on_first_write" to "test_snapshots/prop_i10_balance_ttl_on_first_write.618.json".
Writing test snapshot file for test "prop_i10_balance_ttl_on_first_write" to "test_snapshots/prop_i10_balance_ttl_on_first_write.619.json".
Writing test snapshot file for test "prop_i10_balance_ttl_on_first_write" to "test_snapshots/prop_i10_balance_ttl_on_first_write.620.json".
Writing test snapshot file for test "prop_i10_balance_ttl_on_first_write" to "test_snapshots/prop_i10_balance_ttl_on_first_write.621.json".
Writing test snapshot file for test "prop_i10_balance_ttl_on_first_write" to "test_snapshots/prop_i10_balance_ttl_on_first_write.622.json".
Writing test snapshot file for test "prop_i10_balance_ttl_on_first_write" to "test_snapshots/prop_i10_balance_ttl_on_first_write.623.json".
Writing test snapshot file for test "prop_i10_balance_ttl_on_first_write" to "test_snapshots/prop_i10_balance_ttl_on_first_write.624.json".
Writing test snapshot file for test "prop_i10_balance_ttl_on_first_write" to "test_snapshots/prop_i10_balance_ttl_on_first_write.625.json".
Writing test snapshot file for test "prop_i10_balance_ttl_on_first_write" to "test_snapshots/prop_i10_balance_ttl_on_first_write.626.json".
Writing test snapshot file for test "prop_i10_balance_ttl_on_first_write" to "test_snapshots/prop_i10_balance_ttl_on_first_write.627.json".
Writing test snapshot file for test "prop_i10_balance_ttl_on_first_write" to "test_snapshots/prop_i10_balance_ttl_on_first_write.628.json".
Writing test snapshot file for test "prop_i10_balance_ttl_on_first_write" to "test_snapshots/prop_i10_balance_ttl_on_first_write.629.json".
Writing test snapshot file for test "prop_i10_balance_ttl_on_first_write" to "test_snapshots/prop_i10_balance_ttl_on_first_write.630.json".
Writing test snapshot file for test "prop_i10_balance_ttl_on_first_write" to "test_snapshots/prop_i10_balance_ttl_on_first_write.631.json".
Writing test snapshot file for test "prop_i10_balance_ttl_on_first_write" to "test_snapshots/prop_i10_balance_ttl_on_first_write.632.json".
Writing test snapshot file for test "prop_i10_balance_ttl_on_first_write" to "test_snapshots/prop_i10_balance_ttl_on_first_write.633.json".
Writing test snapshot file for test "prop_i10_balance_ttl_on_first_write" to "test_snapshots/prop_i10_balance_ttl_on_first_write.634.json".
Writing test snapshot file for test "prop_i10_balance_ttl_on_first_write" to "test_snapshots/prop_i10_balance_ttl_on_first_write.635.json".
Writing test snapshot file for test "prop_i10_balance_ttl_on_first_write" to "test_snapshots/prop_i10_balance_ttl_on_first_write.636.json".
Writing test snapshot file for test "prop_i10_balance_ttl_on_first_write" to "test_snapshots/prop_i10_balance_ttl_on_first_write.637.json".
Writing test snapshot file for test "prop_i10_balance_ttl_on_first_write" to "test_snapshots/prop_i10_balance_ttl_on_first_write.638.json".
Writing test snapshot file for test "prop_i10_balance_ttl_on_first_write" to "test_snapshots/prop_i10_balance_ttl_on_first_write.639.json".
Writing test snapshot file for test "prop_i10_balance_ttl_on_first_write" to "test_snapshots/prop_i10_balance_ttl_on_first_write.640.json".
Writing test snapshot file for test "prop_i10_balance_ttl_on_first_write" to "test_snapshots/prop_i10_balance_ttl_on_first_write.641.json".
Writing test snapshot file for test "prop_i10_balance_ttl_on_first_write" to "test_snapshots/prop_i10_balance_ttl_on_first_write.642.json".
Writing test snapshot file for test "prop_i10_balance_ttl_on_first_write" to "test_snapshots/prop_i10_balance_ttl_on_first_write.643.json".
Writing test snapshot file for test "prop_i10_balance_ttl_on_first_write" to "test_snapshots/prop_i10_balance_ttl_on_first_write.644.json".
Writing test snapshot file for test "prop_i10_balance_ttl_on_first_write" to "test_snapshots/prop_i10_balance_ttl_on_first_write.645.json".
Writing test snapshot file for test "prop_i10_balance_ttl_on_first_write" to "test_snapshots/prop_i10_balance_ttl_on_first_write.646.json".
Writing test snapshot file for test "prop_i10_balance_ttl_on_first_write" to "test_snapshots/prop_i10_balance_ttl_on_first_write.647.json".
Writing test snapshot file for test "prop_i10_balance_ttl_on_first_write" to "test_snapshots/prop_i10_balance_ttl_on_first_write.648.json".
Writing test snapshot file for test "prop_i10_balance_ttl_on_first_write" to "test_snapshots/prop_i10_balance_ttl_on_first_write.649.json".
Writing test snapshot file for test "prop_i10_balance_ttl_on_first_write" to "test_snapshots/prop_i10_balance_ttl_on_first_write.650.json".
Writing test snapshot file for test "prop_i10_balance_ttl_on_first_write" to "test_snapshots/prop_i10_balance_ttl_on_first_write.651.json".
Writing test snapshot file for test "prop_i10_balance_ttl_on_first_write" to "test_snapshots/prop_i10_balance_ttl_on_first_write.652.json".
Writing test snapshot file for test "prop_i10_balance_ttl_on_first_write" to "test_snapshots/prop_i10_balance_ttl_on_first_write.653.json".
Writing test snapshot file for test "prop_i10_balance_ttl_on_first_write" to "test_snapshots/prop_i10_balance_ttl_on_first_write.654.json".
Writing test snapshot file for test "prop_i10_balance_ttl_on_first_write" to "test_snapshots/prop_i10_balance_ttl_on_first_write.655.json".
Writing test snapshot file for test "prop_i10_balance_ttl_on_first_write" to "test_snapshots/prop_i10_balance_ttl_on_first_write.656.json".
Writing test snapshot file for test "prop_i10_balance_ttl_on_first_write" to "test_snapshots/prop_i10_balance_ttl_on_first_write.657.json".
Writing test snapshot file for test "prop_i10_balance_ttl_on_first_write" to "test_snapshots/prop_i10_balance_ttl_on_first_write.658.json".
Writing test snapshot file for test "prop_i10_balance_ttl_on_first_write" to "test_snapshots/prop_i10_balance_ttl_on_first_write.659.json".
Writing test snapshot file for test "prop_i10_balance_ttl_on_first_write" to "test_snapshots/prop_i10_balance_ttl_on_first_write.660.json".
Writing test snapshot file for test "prop_i10_balance_ttl_on_first_write" to "test_snapshots/prop_i10_balance_ttl_on_first_write.661.json".
Writing test snapshot file for test "prop_i10_balance_ttl_on_first_write" to "test_snapshots/prop_i10_balance_ttl_on_first_write.662.json".
Writing test snapshot file for test "prop_i10_balance_ttl_on_first_write" to "test_snapshots/prop_i10_balance_ttl_on_first_write.663.json".
Writing test snapshot file for test "prop_i10_balance_ttl_on_first_write" to "test_snapshots/prop_i10_balance_ttl_on_first_write.664.json".
Writing test snapshot file for test "prop_i10_balance_ttl_on_first_write" to "test_snapshots/prop_i10_balance_ttl_on_first_write.665.json".
Writing test snapshot file for test "prop_i10_balance_ttl_on_first_write" to "test_snapshots/prop_i10_balance_ttl_on_first_write.666.json".
Writing test snapshot file for test "prop_i10_balance_ttl_on_first_write" to "test_snapshots/prop_i10_balance_ttl_on_first_write.667.json".
Writing test snapshot file for test "prop_i10_balance_ttl_on_first_write" to "test_snapshots/prop_i10_balance_ttl_on_first_write.668.json".
Writing test snapshot file for test "prop_i10_balance_ttl_on_first_write" to "test_snapshots/prop_i10_balance_ttl_on_first_write.669.json".
Writing test snapshot file for test "prop_i10_balance_ttl_on_first_write" to "test_snapshots/prop_i10_balance_ttl_on_first_write.670.json".
Writing test snapshot file for test "prop_i10_balance_ttl_on_first_write" to "test_snapshots/prop_i10_balance_ttl_on_first_write.671.json".
Writing test snapshot file for test "prop_i10_balance_ttl_on_first_write" to "test_snapshots/prop_i10_balance_ttl_on_first_write.672.json".
Writing test snapshot file for test "prop_i10_balance_ttl_on_first_write" to "test_snapshots/prop_i10_balance_ttl_on_first_write.673.json".
Writing test snapshot file for test "prop_i10_balance_ttl_on_first_write" to "test_snapshots/prop_i10_balance_ttl_on_first_write.674.json".
Writing test snapshot file for test "prop_i10_balance_ttl_on_first_write" to "test_snapshots/prop_i10_balance_ttl_on_first_write.675.json".
Writing test snapshot file for test "prop_i10_balance_ttl_on_first_write" to "test_snapshots/prop_i10_balance_ttl_on_first_write.676.json".
Writing test snapshot file for test "prop_i10_balance_ttl_on_first_write" to "test_snapshots/prop_i10_balance_ttl_on_first_write.677.json".
Writing test snapshot file for test "prop_i10_balance_ttl_on_first_write" to "test_snapshots/prop_i10_balance_ttl_on_first_write.678.json".
Writing test snapshot file for test "prop_i10_balance_ttl_on_first_write" to "test_snapshots/prop_i10_balance_ttl_on_first_write.679.json".
Writing test snapshot file for test "prop_i10_balance_ttl_on_first_write" to "test_snapshots/prop_i10_balance_ttl_on_first_write.680.json".
Writing test snapshot file for test "prop_i10_balance_ttl_on_first_write" to "test_snapshots/prop_i10_balance_ttl_on_first_write.681.json".
Writing test snapshot file for test "prop_i10_balance_ttl_on_first_write" to "test_snapshots/prop_i10_balance_ttl_on_first_write.682.json".
Writing test snapshot file for test "prop_i10_balance_ttl_on_first_write" to "test_snapshots/prop_i10_balance_ttl_on_first_write.683.json".
Writing test snapshot file for test "prop_i10_balance_ttl_on_first_write" to "test_snapshots/prop_i10_balance_ttl_on_first_write.684.json".
Writing test snapshot file for test "prop_i10_balance_ttl_on_first_write" to "test_snapshots/prop_i10_balance_ttl_on_first_write.685.json".
Writing test snapshot file for test "prop_i10_balance_ttl_on_first_write" to "test_snapshots/prop_i10_balance_ttl_on_first_write.686.json".
Writing test snapshot file for test "prop_i10_balance_ttl_on_first_write" to "test_snapshots/prop_i10_balance_ttl_on_first_write.687.json".
Writing test snapshot file for test "prop_i10_balance_ttl_on_first_write" to "test_snapshots/prop_i10_balance_ttl_on_first_write.688.json".
Writing test snapshot file for test "prop_i10_balance_ttl_on_first_write" to "test_snapshots/prop_i10_balance_ttl_on_first_write.689.json".
Writing test snapshot file for test "prop_i10_balance_ttl_on_first_write" to "test_snapshots/prop_i10_balance_ttl_on_first_write.690.json".
Writing test snapshot file for test "prop_i10_balance_ttl_on_first_write" to "test_snapshots/prop_i10_balance_ttl_on_first_write.691.json".
Writing test snapshot file for test "prop_i10_balance_ttl_on_first_write" to "test_snapshots/prop_i10_balance_ttl_on_first_write.692.json".
Writing test snapshot file for test "prop_i10_balance_ttl_on_first_write" to "test_snapshots/prop_i10_balance_ttl_on_first_write.693.json".
Writing test snapshot file for test "prop_i10_balance_ttl_on_first_write" to "test_snapshots/prop_i10_balance_ttl_on_first_write.694.json".
Writing test snapshot file for test "prop_i10_balance_ttl_on_first_write" to "test_snapshots/prop_i10_balance_ttl_on_first_write.695.json".
Writing test snapshot file for test "prop_i10_balance_ttl_on_first_write" to "test_snapshots/prop_i10_balance_ttl_on_first_write.696.json".
Writing test snapshot file for test "prop_i10_balance_ttl_on_first_write" to "test_snapshots/prop_i10_balance_ttl_on_first_write.697.json".
Writing test snapshot file for test "prop_i10_balance_ttl_on_first_write" to "test_snapshots/prop_i10_balance_ttl_on_first_write.698.json".
Writing test snapshot file for test "prop_i10_balance_ttl_on_first_write" to "test_snapshots/prop_i10_balance_ttl_on_first_write.699.json".
Writing test snapshot file for test "prop_i10_balance_ttl_on_first_write" to "test_snapshots/prop_i10_balance_ttl_on_first_write.700.json".
Writing test snapshot file for test "prop_i10_balance_ttl_on_first_write" to "test_snapshots/prop_i10_balance_ttl_on_first_write.701.json".
Writing test snapshot file for test "prop_i10_balance_ttl_on_first_write" to "test_snapshots/prop_i10_balance_ttl_on_first_write.702.json".
Writing test snapshot file for test "prop_i10_balance_ttl_on_first_write" to "test_snapshots/prop_i10_balance_ttl_on_first_write.703.json".
Writing test snapshot file for test "prop_i10_balance_ttl_on_first_write" to "test_snapshots/prop_i10_balance_ttl_on_first_write.704.json".
Writing test snapshot file for test "prop_i10_balance_ttl_on_first_write" to "test_snapshots/prop_i10_balance_ttl_on_first_write.705.json".
Writing test snapshot file for test "prop_i10_balance_ttl_on_first_write" to "test_snapshots/prop_i10_balance_ttl_on_first_write.706.json".
Writing test snapshot file for test "prop_i10_balance_ttl_on_first_write" to "test_snapshots/prop_i10_balance_ttl_on_first_write.707.json".
Writing test snapshot file for test "prop_i10_balance_ttl_on_first_write" to "test_snapshots/prop_i10_balance_ttl_on_first_write.708.json".
Writing test snapshot file for test "prop_i10_balance_ttl_on_first_write" to "test_snapshots/prop_i10_balance_ttl_on_first_write.709.json".
Writing test snapshot file for test "prop_i10_balance_ttl_on_first_write" to "test_snapshots/prop_i10_balance_ttl_on_first_write.710.json".
Writing test snapshot file for test "prop_i10_balance_ttl_on_first_write" to "test_snapshots/prop_i10_balance_ttl_on_first_write.711.json".
Writing test snapshot file for test "prop_i10_balance_ttl_on_first_write" to "test_snapshots/prop_i10_balance_ttl_on_first_write.712.json".
Writing test snapshot file for test "prop_i10_balance_ttl_on_first_write" to "test_snapshots/prop_i10_balance_ttl_on_first_write.713.json".
Writing test snapshot file for test "prop_i10_balance_ttl_on_first_write" to "test_snapshots/prop_i10_balance_ttl_on_first_write.714.json".
Writing test snapshot file for test "prop_i10_balance_ttl_on_first_write" to "test_snapshots/prop_i10_balance_ttl_on_first_write.715.json".
Writing test snapshot file for test "prop_i10_balance_ttl_on_first_write" to "test_snapshots/prop_i10_balance_ttl_on_first_write.716.json".
Writing test snapshot file for test "prop_i10_balance_ttl_on_first_write" to "test_snapshots/prop_i10_balance_ttl_on_first_write.717.json".
Writing test snapshot file for test "prop_i10_balance_ttl_on_first_write" to "test_snapshots/prop_i10_balance_ttl_on_first_write.718.json".
Writing test snapshot file for test "prop_i10_balance_ttl_on_first_write" to "test_snapshots/prop_i10_balance_ttl_on_first_write.719.json".
Writing test snapshot file for test "prop_i10_balance_ttl_on_first_write" to "test_snapshots/prop_i10_balance_ttl_on_first_write.720.json".
Writing test snapshot file for test "prop_i10_balance_ttl_on_first_write" to "test_snapshots/prop_i10_balance_ttl_on_first_write.721.json".
Writing test snapshot file for test "prop_i10_balance_ttl_on_first_write" to "test_snapshots/prop_i10_balance_ttl_on_first_write.722.json".
Writing test snapshot file for test "prop_i10_balance_ttl_on_first_write" to "test_snapshots/prop_i10_balance_ttl_on_first_write.723.json".
Writing test snapshot file for test "prop_i10_balance_ttl_on_first_write" to "test_snapshots/prop_i10_balance_ttl_on_first_write.724.json".
Writing test snapshot file for test "prop_i10_balance_ttl_on_first_write" to "test_snapshots/prop_i10_balance_ttl_on_first_write.725.json".
Writing test snapshot file for test "prop_i10_balance_ttl_on_first_write" to "test_snapshots/prop_i10_balance_ttl_on_first_write.726.json".
Writing test snapshot file for test "prop_i10_balance_ttl_on_first_write" to "test_snapshots/prop_i10_balance_ttl_on_first_write.727.json".
Writing test snapshot file for test "prop_i10_balance_ttl_on_first_write" to "test_snapshots/prop_i10_balance_ttl_on_first_write.728.json".
Writing test snapshot file for test "prop_i10_balance_ttl_on_first_write" to "test_snapshots/prop_i10_balance_ttl_on_first_write.729.json".
Writing test snapshot file for test "prop_i10_balance_ttl_on_first_write" to "test_snapshots/prop_i10_balance_ttl_on_first_write.730.json".
Writing test snapshot file for test "prop_i10_balance_ttl_on_first_write" to "test_snapshots/prop_i10_balance_ttl_on_first_write.731.json".
Writing test snapshot file for test "prop_i10_balance_ttl_on_first_write" to "test_snapshots/prop_i10_balance_ttl_on_first_write.732.json".
Writing test snapshot file for test "prop_i10_balance_ttl_on_first_write" to "test_snapshots/prop_i10_balance_ttl_on_first_write.733.json".
Writing test snapshot file for test "prop_i10_balance_ttl_on_first_write" to "test_snapshots/prop_i10_balance_ttl_on_first_write.734.json".
Writing test snapshot file for test "prop_i10_balance_ttl_on_first_write" to "test_snapshots/prop_i10_balance_ttl_on_first_write.735.json".
Writing test snapshot file for test "prop_i10_balance_ttl_on_first_write" to "test_snapshots/prop_i10_balance_ttl_on_first_write.736.json".
Writing test snapshot file for test "prop_i10_balance_ttl_on_first_write" to "test_snapshots/prop_i10_balance_ttl_on_first_write.737.json".
Writing test snapshot file for test "prop_i10_balance_ttl_on_first_write" to "test_snapshots/prop_i10_balance_ttl_on_first_write.738.json".
Writing test snapshot file for test "prop_i10_balance_ttl_on_first_write" to "test_snapshots/prop_i10_balance_ttl_on_first_write.739.json".
Writing test snapshot file for test "prop_i10_balance_ttl_on_first_write" to "test_snapshots/prop_i10_balance_ttl_on_first_write.740.json".
Writing test snapshot file for test "prop_i10_balance_ttl_on_first_write" to "test_snapshots/prop_i10_balance_ttl_on_first_write.741.json".
Writing test snapshot file for test "prop_i10_balance_ttl_on_first_write" to "test_snapshots/prop_i10_balance_ttl_on_first_write.742.json".
Writing test snapshot file for test "prop_i10_balance_ttl_on_first_write" to "test_snapshots/prop_i10_balance_ttl_on_first_write.743.json".
Writing test snapshot file for test "prop_i10_balance_ttl_on_first_write" to "test_snapshots/prop_i10_balance_ttl_on_first_write.744.json".
Writing test snapshot file for test "prop_i10_balance_ttl_on_first_write" to "test_snapshots/prop_i10_balance_ttl_on_first_write.745.json".
Writing test snapshot file for test "prop_i10_balance_ttl_on_first_write" to "test_snapshots/prop_i10_balance_ttl_on_first_write.746.json".
Writing test snapshot file for test "prop_i10_balance_ttl_on_first_write" to "test_snapshots/prop_i10_balance_ttl_on_first_write.747.json".
Writing test snapshot file for test "prop_i10_balance_ttl_on_first_write" to "test_snapshots/prop_i10_balance_ttl_on_first_write.748.json".
Writing test snapshot file for test "prop_i10_balance_ttl_on_first_write" to "test_snapshots/prop_i10_balance_ttl_on_first_write.749.json".
Writing test snapshot file for test "prop_i10_balance_ttl_on_first_write" to "test_snapshots/prop_i10_balance_ttl_on_first_write.750.json".
Writing test snapshot file for test "prop_i10_balance_ttl_on_first_write" to "test_snapshots/prop_i10_balance_ttl_on_first_write.751.json".
Writing test snapshot file for test "prop_i10_balance_ttl_on_first_write" to "test_snapshots/prop_i10_balance_ttl_on_first_write.752.json".
Writing test snapshot file for test "prop_i10_balance_ttl_on_first_write" to "test_snapshots/prop_i10_balance_ttl_on_first_write.753.json".
Writing test snapshot file for test "prop_i10_balance_ttl_on_first_write" to "test_snapshots/prop_i10_balance_ttl_on_first_write.754.json".
Writing test snapshot file for test "prop_i10_balance_ttl_on_first_write" to "test_snapshots/prop_i10_balance_ttl_on_first_write.755.json".
Writing test snapshot file for test "prop_i10_balance_ttl_on_first_write" to "test_snapshots/prop_i10_balance_ttl_on_first_write.756.json".
Writing test snapshot file for test "prop_i10_balance_ttl_on_first_write" to "test_snapshots/prop_i10_balance_ttl_on_first_write.757.json".
Writing test snapshot file for test "prop_i10_balance_ttl_on_first_write" to "test_snapshots/prop_i10_balance_ttl_on_first_write.758.json".
Writing test snapshot file for test "prop_i10_balance_ttl_on_first_write" to "test_snapshots/prop_i10_balance_ttl_on_first_write.759.json".
Writing test snapshot file for test "prop_i10_balance_ttl_on_first_write" to "test_snapshots/prop_i10_balance_ttl_on_first_write.760.json".
Writing test snapshot file for test "prop_i10_balance_ttl_on_first_write" to "test_snapshots/prop_i10_balance_ttl_on_first_write.761.json".
Writing test snapshot file for test "prop_i10_balance_ttl_on_first_write" to "test_snapshots/prop_i10_balance_ttl_on_first_write.762.json".
Writing test snapshot file for test "prop_i10_balance_ttl_on_first_write" to "test_snapshots/prop_i10_balance_ttl_on_first_write.763.json".
Writing test snapshot file for test "prop_i10_balance_ttl_on_first_write" to "test_snapshots/prop_i10_balance_ttl_on_first_write.764.json".
Writing test snapshot file for test "prop_i10_balance_ttl_on_first_write" to "test_snapshots/prop_i10_balance_ttl_on_first_write.765.json".
Writing test snapshot file for test "prop_i10_balance_ttl_on_first_write" to "test_snapshots/prop_i10_balance_ttl_on_first_write.766.json".
Writing test snapshot file for test "prop_i10_balance_ttl_on_first_write" to "test_snapshots/prop_i10_balance_ttl_on_first_write.767.json".
Writing test snapshot file for test "prop_i10_balance_ttl_on_first_write" to "test_snapshots/prop_i10_balance_ttl_on_first_write.768.json".
Writing test snapshot file for test "prop_i10_balance_ttl_on_first_write" to "test_snapshots/prop_i10_balance_ttl_on_first_write.769.json".

thread 'prop_i10_balance_ttl_on_first_write' (3118478) panicked at 04-prototype-development/contracts/soroban-vault/tests/proptest_ai.rs:1441:1:
Test aborted: Too many global rejects
	successes: 0
	local rejects: 0
	global rejects: 1024
		256 times at 04-prototype-development/contracts/soroban-vault/tests/proptest_ai.rs:1464:9: a != b
		768 times at 04-prototype-development/contracts/soroban-vault/tests/proptest_ai.rs:1498:9: to_move > 0


---- prop_n1_instance_ttl stdout ----
proptest: FileFailurePersistence::SourceParallel set, but failed to find lib.rs or main.rs
Writing test snapshot file for test "prop_n1_instance_ttl" to "test_snapshots/prop_n1_instance_ttl.1.json".
Writing test snapshot file for test "prop_n1_instance_ttl" to "test_snapshots/prop_n1_instance_ttl.2.json".
Writing test snapshot file for test "prop_n1_instance_ttl" to "test_snapshots/prop_n1_instance_ttl.3.json".
Writing test snapshot file for test "prop_n1_instance_ttl" to "test_snapshots/prop_n1_instance_ttl.4.json".
Writing test snapshot file for test "prop_n1_instance_ttl" to "test_snapshots/prop_n1_instance_ttl.5.json".
Writing test snapshot file for test "prop_n1_instance_ttl" to "test_snapshots/prop_n1_instance_ttl.6.json".
Writing test snapshot file for test "prop_n1_instance_ttl" to "test_snapshots/prop_n1_instance_ttl.7.json".
Writing test snapshot file for test "prop_n1_instance_ttl" to "test_snapshots/prop_n1_instance_ttl.8.json".
Writing test snapshot file for test "prop_n1_instance_ttl" to "test_snapshots/prop_n1_instance_ttl.9.json".
Writing test snapshot file for test "prop_n1_instance_ttl" to "test_snapshots/prop_n1_instance_ttl.10.json".
Writing test snapshot file for test "prop_n1_instance_ttl" to "test_snapshots/prop_n1_instance_ttl.11.json".
Writing test snapshot file for test "prop_n1_instance_ttl" to "test_snapshots/prop_n1_instance_ttl.12.json".
Writing test snapshot file for test "prop_n1_instance_ttl" to "test_snapshots/prop_n1_instance_ttl.13.json".
Writing test snapshot file for test "prop_n1_instance_ttl" to "test_snapshots/prop_n1_instance_ttl.14.json".
Writing test snapshot file for test "prop_n1_instance_ttl" to "test_snapshots/prop_n1_instance_ttl.15.json".
Writing test snapshot file for test "prop_n1_instance_ttl" to "test_snapshots/prop_n1_instance_ttl.16.json".
Writing test snapshot file for test "prop_n1_instance_ttl" to "test_snapshots/prop_n1_instance_ttl.17.json".
Writing test snapshot file for test "prop_n1_instance_ttl" to "test_snapshots/prop_n1_instance_ttl.18.json".
Writing test snapshot file for test "prop_n1_instance_ttl" to "test_snapshots/prop_n1_instance_ttl.19.json".
Writing test snapshot file for test "prop_n1_instance_ttl" to "test_snapshots/prop_n1_instance_ttl.20.json".
Writing test snapshot file for test "prop_n1_instance_ttl" to "test_snapshots/prop_n1_instance_ttl.21.json".
Writing test snapshot file for test "prop_n1_instance_ttl" to "test_snapshots/prop_n1_instance_ttl.22.json".
Writing test snapshot file for test "prop_n1_instance_ttl" to "test_snapshots/prop_n1_instance_ttl.23.json".
Writing test snapshot file for test "prop_n1_instance_ttl" to "test_snapshots/prop_n1_instance_ttl.24.json".
Writing test snapshot file for test "prop_n1_instance_ttl" to "test_snapshots/prop_n1_instance_ttl.25.json".
Writing test snapshot file for test "prop_n1_instance_ttl" to "test_snapshots/prop_n1_instance_ttl.26.json".
Writing test snapshot file for test "prop_n1_instance_ttl" to "test_snapshots/prop_n1_instance_ttl.27.json".
Writing test snapshot file for test "prop_n1_instance_ttl" to "test_snapshots/prop_n1_instance_ttl.28.json".
Writing test snapshot file for test "prop_n1_instance_ttl" to "test_snapshots/prop_n1_instance_ttl.29.json".
Writing test snapshot file for test "prop_n1_instance_ttl" to "test_snapshots/prop_n1_instance_ttl.30.json".
Writing test snapshot file for test "prop_n1_instance_ttl" to "test_snapshots/prop_n1_instance_ttl.31.json".
Writing test snapshot file for test "prop_n1_instance_ttl" to "test_snapshots/prop_n1_instance_ttl.32.json".
Writing test snapshot file for test "prop_n1_instance_ttl" to "test_snapshots/prop_n1_instance_ttl.33.json".
Writing test snapshot file for test "prop_n1_instance_ttl" to "test_snapshots/prop_n1_instance_ttl.34.json".
Writing test snapshot file for test "prop_n1_instance_ttl" to "test_snapshots/prop_n1_instance_ttl.35.json".
Writing test snapshot file for test "prop_n1_instance_ttl" to "test_snapshots/prop_n1_instance_ttl.36.json".
Writing test snapshot file for test "prop_n1_instance_ttl" to "test_snapshots/prop_n1_instance_ttl.37.json".
Writing test snapshot file for test "prop_n1_instance_ttl" to "test_snapshots/prop_n1_instance_ttl.38.json".
Writing test snapshot file for test "prop_n1_instance_ttl" to "test_snapshots/prop_n1_instance_ttl.39.json".
Writing test snapshot file for test "prop_n1_instance_ttl" to "test_snapshots/prop_n1_instance_ttl.40.json".
Writing test snapshot file for test "prop_n1_instance_ttl" to "test_snapshots/prop_n1_instance_ttl.41.json".
Writing test snapshot file for test "prop_n1_instance_ttl" to "test_snapshots/prop_n1_instance_ttl.42.json".
Writing test snapshot file for test "prop_n1_instance_ttl" to "test_snapshots/prop_n1_instance_ttl.43.json".
Writing test snapshot file for test "prop_n1_instance_ttl" to "test_snapshots/prop_n1_instance_ttl.44.json".
Writing test snapshot file for test "prop_n1_instance_ttl" to "test_snapshots/prop_n1_instance_ttl.45.json".
Writing test snapshot file for test "prop_n1_instance_ttl" to "test_snapshots/prop_n1_instance_ttl.46.json".
Writing test snapshot file for test "prop_n1_instance_ttl" to "test_snapshots/prop_n1_instance_ttl.47.json".
Writing test snapshot file for test "prop_n1_instance_ttl" to "test_snapshots/prop_n1_instance_ttl.48.json".
Writing test snapshot file for test "prop_n1_instance_ttl" to "test_snapshots/prop_n1_instance_ttl.49.json".
Writing test snapshot file for test "prop_n1_instance_ttl" to "test_snapshots/prop_n1_instance_ttl.50.json".
Writing test snapshot file for test "prop_n1_instance_ttl" to "test_snapshots/prop_n1_instance_ttl.51.json".
Writing test snapshot file for test "prop_n1_instance_ttl" to "test_snapshots/prop_n1_instance_ttl.52.json".
Writing test snapshot file for test "prop_n1_instance_ttl" to "test_snapshots/prop_n1_instance_ttl.53.json".
Writing test snapshot file for test "prop_n1_instance_ttl" to "test_snapshots/prop_n1_instance_ttl.54.json".
Writing test snapshot file for test "prop_n1_instance_ttl" to "test_snapshots/prop_n1_instance_ttl.55.json".
Writing test snapshot file for test "prop_n1_instance_ttl" to "test_snapshots/prop_n1_instance_ttl.56.json".
Writing test snapshot file for test "prop_n1_instance_ttl" to "test_snapshots/prop_n1_instance_ttl.57.json".
Writing test snapshot file for test "prop_n1_instance_ttl" to "test_snapshots/prop_n1_instance_ttl.58.json".
Writing test snapshot file for test "prop_n1_instance_ttl" to "test_snapshots/prop_n1_instance_ttl.59.json".
Writing test snapshot file for test "prop_n1_instance_ttl" to "test_snapshots/prop_n1_instance_ttl.60.json".
Writing test snapshot file for test "prop_n1_instance_ttl" to "test_snapshots/prop_n1_instance_ttl.61.json".
Writing test snapshot file for test "prop_n1_instance_ttl" to "test_snapshots/prop_n1_instance_ttl.62.json".
Writing test snapshot file for test "prop_n1_instance_ttl" to "test_snapshots/prop_n1_instance_ttl.63.json".
Writing test snapshot file for test "prop_n1_instance_ttl" to "test_snapshots/prop_n1_instance_ttl.64.json".
Writing test snapshot file for test "prop_n1_instance_ttl" to "test_snapshots/prop_n1_instance_ttl.65.json".
Writing test snapshot file for test "prop_n1_instance_ttl" to "test_snapshots/prop_n1_instance_ttl.66.json".
Writing test snapshot file for test "prop_n1_instance_ttl" to "test_snapshots/prop_n1_instance_ttl.67.json".
Writing test snapshot file for test "prop_n1_instance_ttl" to "test_snapshots/prop_n1_instance_ttl.68.json".
Writing test snapshot file for test "prop_n1_instance_ttl" to "test_snapshots/prop_n1_instance_ttl.69.json".
Writing test snapshot file for test "prop_n1_instance_ttl" to "test_snapshots/prop_n1_instance_ttl.70.json".
Writing test snapshot file for test "prop_n1_instance_ttl" to "test_snapshots/prop_n1_instance_ttl.71.json".
Writing test snapshot file for test "prop_n1_instance_ttl" to "test_snapshots/prop_n1_instance_ttl.72.json".
Writing test snapshot file for test "prop_n1_instance_ttl" to "test_snapshots/prop_n1_instance_ttl.73.json".
Writing test snapshot file for test "prop_n1_instance_ttl" to "test_snapshots/prop_n1_instance_ttl.74.json".
Writing test snapshot file for test "prop_n1_instance_ttl" to "test_snapshots/prop_n1_instance_ttl.75.json".
Writing test snapshot file for test "prop_n1_instance_ttl" to "test_snapshots/prop_n1_instance_ttl.76.json".
Writing test snapshot file for test "prop_n1_instance_ttl" to "test_snapshots/prop_n1_instance_ttl.77.json".
Writing test snapshot file for test "prop_n1_instance_ttl" to "test_snapshots/prop_n1_instance_ttl.78.json".
Writing test snapshot file for test "prop_n1_instance_ttl" to "test_snapshots/prop_n1_instance_ttl.79.json".
Writing test snapshot file for test "prop_n1_instance_ttl" to "test_snapshots/prop_n1_instance_ttl.80.json".
Writing test snapshot file for test "prop_n1_instance_ttl" to "test_snapshots/prop_n1_instance_ttl.81.json".
Writing test snapshot file for test "prop_n1_instance_ttl" to "test_snapshots/prop_n1_instance_ttl.82.json".
Writing test snapshot file for test "prop_n1_instance_ttl" to "test_snapshots/prop_n1_instance_ttl.83.json".
Writing test snapshot file for test "prop_n1_instance_ttl" to "test_snapshots/prop_n1_instance_ttl.84.json".
Writing test snapshot file for test "prop_n1_instance_ttl" to "test_snapshots/prop_n1_instance_ttl.85.json".
Writing test snapshot file for test "prop_n1_instance_ttl" to "test_snapshots/prop_n1_instance_ttl.86.json".
Writing test snapshot file for test "prop_n1_instance_ttl" to "test_snapshots/prop_n1_instance_ttl.87.json".
Writing test snapshot file for test "prop_n1_instance_ttl" to "test_snapshots/prop_n1_instance_ttl.88.json".
Writing test snapshot file for test "prop_n1_instance_ttl" to "test_snapshots/prop_n1_instance_ttl.89.json".
Writing test snapshot file for test "prop_n1_instance_ttl" to "test_snapshots/prop_n1_instance_ttl.90.json".
Writing test snapshot file for test "prop_n1_instance_ttl" to "test_snapshots/prop_n1_instance_ttl.91.json".
Writing test snapshot file for test "prop_n1_instance_ttl" to "test_snapshots/prop_n1_instance_ttl.92.json".
Writing test snapshot file for test "prop_n1_instance_ttl" to "test_snapshots/prop_n1_instance_ttl.93.json".
Writing test snapshot file for test "prop_n1_instance_ttl" to "test_snapshots/prop_n1_instance_ttl.94.json".
Writing test snapshot file for test "prop_n1_instance_ttl" to "test_snapshots/prop_n1_instance_ttl.95.json".
Writing test snapshot file for test "prop_n1_instance_ttl" to "test_snapshots/prop_n1_instance_ttl.96.json".
Writing test snapshot file for test "prop_n1_instance_ttl" to "test_snapshots/prop_n1_instance_ttl.97.json".
Writing test snapshot file for test "prop_n1_instance_ttl" to "test_snapshots/prop_n1_instance_ttl.98.json".
Writing test snapshot file for test "prop_n1_instance_ttl" to "test_snapshots/prop_n1_instance_ttl.99.json".
Writing test snapshot file for test "prop_n1_instance_ttl" to "test_snapshots/prop_n1_instance_ttl.100.json".
Writing test snapshot file for test "prop_n1_instance_ttl" to "test_snapshots/prop_n1_instance_ttl.101.json".
Writing test snapshot file for test "prop_n1_instance_ttl" to "test_snapshots/prop_n1_instance_ttl.102.json".
Writing test snapshot file for test "prop_n1_instance_ttl" to "test_snapshots/prop_n1_instance_ttl.103.json".
Writing test snapshot file for test "prop_n1_instance_ttl" to "test_snapshots/prop_n1_instance_ttl.104.json".
Writing test snapshot file for test "prop_n1_instance_ttl" to "test_snapshots/prop_n1_instance_ttl.105.json".
Writing test snapshot file for test "prop_n1_instance_ttl" to "test_snapshots/prop_n1_instance_ttl.106.json".
Writing test snapshot file for test "prop_n1_instance_ttl" to "test_snapshots/prop_n1_instance_ttl.107.json".
Writing test snapshot file for test "prop_n1_instance_ttl" to "test_snapshots/prop_n1_instance_ttl.108.json".
Writing test snapshot file for test "prop_n1_instance_ttl" to "test_snapshots/prop_n1_instance_ttl.109.json".
Writing test snapshot file for test "prop_n1_instance_ttl" to "test_snapshots/prop_n1_instance_ttl.110.json".
Writing test snapshot file for test "prop_n1_instance_ttl" to "test_snapshots/prop_n1_instance_ttl.111.json".
Writing test snapshot file for test "prop_n1_instance_ttl" to "test_snapshots/prop_n1_instance_ttl.112.json".
Writing test snapshot file for test "prop_n1_instance_ttl" to "test_snapshots/prop_n1_instance_ttl.113.json".
Writing test snapshot file for test "prop_n1_instance_ttl" to "test_snapshots/prop_n1_instance_ttl.114.json".
Writing test snapshot file for test "prop_n1_instance_ttl" to "test_snapshots/prop_n1_instance_ttl.115.json".
Writing test snapshot file for test "prop_n1_instance_ttl" to "test_snapshots/prop_n1_instance_ttl.116.json".
Writing test snapshot file for test "prop_n1_instance_ttl" to "test_snapshots/prop_n1_instance_ttl.117.json".
Writing test snapshot file for test "prop_n1_instance_ttl" to "test_snapshots/prop_n1_instance_ttl.118.json".
Writing test snapshot file for test "prop_n1_instance_ttl" to "test_snapshots/prop_n1_instance_ttl.119.json".
Writing test snapshot file for test "prop_n1_instance_ttl" to "test_snapshots/prop_n1_instance_ttl.120.json".
Writing test snapshot file for test "prop_n1_instance_ttl" to "test_snapshots/prop_n1_instance_ttl.121.json".
Writing test snapshot file for test "prop_n1_instance_ttl" to "test_snapshots/prop_n1_instance_ttl.122.json".
Writing test snapshot file for test "prop_n1_instance_ttl" to "test_snapshots/prop_n1_instance_ttl.123.json".
Writing test snapshot file for test "prop_n1_instance_ttl" to "test_snapshots/prop_n1_instance_ttl.124.json".
Writing test snapshot file for test "prop_n1_instance_ttl" to "test_snapshots/prop_n1_instance_ttl.125.json".
Writing test snapshot file for test "prop_n1_instance_ttl" to "test_snapshots/prop_n1_instance_ttl.126.json".
Writing test snapshot file for test "prop_n1_instance_ttl" to "test_snapshots/prop_n1_instance_ttl.127.json".
Writing test snapshot file for test "prop_n1_instance_ttl" to "test_snapshots/prop_n1_instance_ttl.128.json".
Writing test snapshot file for test "prop_n1_instance_ttl" to "test_snapshots/prop_n1_instance_ttl.129.json".
Writing test snapshot file for test "prop_n1_instance_ttl" to "test_snapshots/prop_n1_instance_ttl.130.json".
Writing test snapshot file for test "prop_n1_instance_ttl" to "test_snapshots/prop_n1_instance_ttl.131.json".
Writing test snapshot file for test "prop_n1_instance_ttl" to "test_snapshots/prop_n1_instance_ttl.132.json".
Writing test snapshot file for test "prop_n1_instance_ttl" to "test_snapshots/prop_n1_instance_ttl.133.json".
Writing test snapshot file for test "prop_n1_instance_ttl" to "test_snapshots/prop_n1_instance_ttl.134.json".
Writing test snapshot file for test "prop_n1_instance_ttl" to "test_snapshots/prop_n1_instance_ttl.135.json".
Writing test snapshot file for test "prop_n1_instance_ttl" to "test_snapshots/prop_n1_instance_ttl.136.json".
Writing test snapshot file for test "prop_n1_instance_ttl" to "test_snapshots/prop_n1_instance_ttl.137.json".
Writing test snapshot file for test "prop_n1_instance_ttl" to "test_snapshots/prop_n1_instance_ttl.138.json".
Writing test snapshot file for test "prop_n1_instance_ttl" to "test_snapshots/prop_n1_instance_ttl.139.json".
Writing test snapshot file for test "prop_n1_instance_ttl" to "test_snapshots/prop_n1_instance_ttl.140.json".
Writing test snapshot file for test "prop_n1_instance_ttl" to "test_snapshots/prop_n1_instance_ttl.141.json".
Writing test snapshot file for test "prop_n1_instance_ttl" to "test_snapshots/prop_n1_instance_ttl.142.json".
Writing test snapshot file for test "prop_n1_instance_ttl" to "test_snapshots/prop_n1_instance_ttl.143.json".
Writing test snapshot file for test "prop_n1_instance_ttl" to "test_snapshots/prop_n1_instance_ttl.144.json".
Writing test snapshot file for test "prop_n1_instance_ttl" to "test_snapshots/prop_n1_instance_ttl.145.json".
Writing test snapshot file for test "prop_n1_instance_ttl" to "test_snapshots/prop_n1_instance_ttl.146.json".
Writing test snapshot file for test "prop_n1_instance_ttl" to "test_snapshots/prop_n1_instance_ttl.147.json".
Writing test snapshot file for test "prop_n1_instance_ttl" to "test_snapshots/prop_n1_instance_ttl.148.json".
Writing test snapshot file for test "prop_n1_instance_ttl" to "test_snapshots/prop_n1_instance_ttl.149.json".
Writing test snapshot file for test "prop_n1_instance_ttl" to "test_snapshots/prop_n1_instance_ttl.150.json".
Writing test snapshot file for test "prop_n1_instance_ttl" to "test_snapshots/prop_n1_instance_ttl.151.json".
Writing test snapshot file for test "prop_n1_instance_ttl" to "test_snapshots/prop_n1_instance_ttl.152.json".
Writing test snapshot file for test "prop_n1_instance_ttl" to "test_snapshots/prop_n1_instance_ttl.153.json".
Writing test snapshot file for test "prop_n1_instance_ttl" to "test_snapshots/prop_n1_instance_ttl.154.json".
Writing test snapshot file for test "prop_n1_instance_ttl" to "test_snapshots/prop_n1_instance_ttl.155.json".
Writing test snapshot file for test "prop_n1_instance_ttl" to "test_snapshots/prop_n1_instance_ttl.156.json".
Writing test snapshot file for test "prop_n1_instance_ttl" to "test_snapshots/prop_n1_instance_ttl.157.json".
Writing test snapshot file for test "prop_n1_instance_ttl" to "test_snapshots/prop_n1_instance_ttl.158.json".
Writing test snapshot file for test "prop_n1_instance_ttl" to "test_snapshots/prop_n1_instance_ttl.159.json".
Writing test snapshot file for test "prop_n1_instance_ttl" to "test_snapshots/prop_n1_instance_ttl.160.json".
Writing test snapshot file for test "prop_n1_instance_ttl" to "test_snapshots/prop_n1_instance_ttl.161.json".
Writing test snapshot file for test "prop_n1_instance_ttl" to "test_snapshots/prop_n1_instance_ttl.162.json".
Writing test snapshot file for test "prop_n1_instance_ttl" to "test_snapshots/prop_n1_instance_ttl.163.json".
Writing test snapshot file for test "prop_n1_instance_ttl" to "test_snapshots/prop_n1_instance_ttl.164.json".
Writing test snapshot file for test "prop_n1_instance_ttl" to "test_snapshots/prop_n1_instance_ttl.165.json".
Writing test snapshot file for test "prop_n1_instance_ttl" to "test_snapshots/prop_n1_instance_ttl.166.json".
Writing test snapshot file for test "prop_n1_instance_ttl" to "test_snapshots/prop_n1_instance_ttl.167.json".
Writing test snapshot file for test "prop_n1_instance_ttl" to "test_snapshots/prop_n1_instance_ttl.168.json".
Writing test snapshot file for test "prop_n1_instance_ttl" to "test_snapshots/prop_n1_instance_ttl.169.json".
Writing test snapshot file for test "prop_n1_instance_ttl" to "test_snapshots/prop_n1_instance_ttl.170.json".
Writing test snapshot file for test "prop_n1_instance_ttl" to "test_snapshots/prop_n1_instance_ttl.171.json".
Writing test snapshot file for test "prop_n1_instance_ttl" to "test_snapshots/prop_n1_instance_ttl.172.json".
Writing test snapshot file for test "prop_n1_instance_ttl" to "test_snapshots/prop_n1_instance_ttl.173.json".
Writing test snapshot file for test "prop_n1_instance_ttl" to "test_snapshots/prop_n1_instance_ttl.174.json".
Writing test snapshot file for test "prop_n1_instance_ttl" to "test_snapshots/prop_n1_instance_ttl.175.json".
Writing test snapshot file for test "prop_n1_instance_ttl" to "test_snapshots/prop_n1_instance_ttl.176.json".
Writing test snapshot file for test "prop_n1_instance_ttl" to "test_snapshots/prop_n1_instance_ttl.177.json".
Writing test snapshot file for test "prop_n1_instance_ttl" to "test_snapshots/prop_n1_instance_ttl.178.json".
Writing test snapshot file for test "prop_n1_instance_ttl" to "test_snapshots/prop_n1_instance_ttl.179.json".
Writing test snapshot file for test "prop_n1_instance_ttl" to "test_snapshots/prop_n1_instance_ttl.180.json".
Writing test snapshot file for test "prop_n1_instance_ttl" to "test_snapshots/prop_n1_instance_ttl.181.json".
Writing test snapshot file for test "prop_n1_instance_ttl" to "test_snapshots/prop_n1_instance_ttl.182.json".
Writing test snapshot file for test "prop_n1_instance_ttl" to "test_snapshots/prop_n1_instance_ttl.183.json".
Writing test snapshot file for test "prop_n1_instance_ttl" to "test_snapshots/prop_n1_instance_ttl.184.json".
Writing test snapshot file for test "prop_n1_instance_ttl" to "test_snapshots/prop_n1_instance_ttl.185.json".
Writing test snapshot file for test "prop_n1_instance_ttl" to "test_snapshots/prop_n1_instance_ttl.186.json".
Writing test snapshot file for test "prop_n1_instance_ttl" to "test_snapshots/prop_n1_instance_ttl.187.json".
Writing test snapshot file for test "prop_n1_instance_ttl" to "test_snapshots/prop_n1_instance_ttl.188.json".
Writing test snapshot file for test "prop_n1_instance_ttl" to "test_snapshots/prop_n1_instance_ttl.189.json".
Writing test snapshot file for test "prop_n1_instance_ttl" to "test_snapshots/prop_n1_instance_ttl.190.json".
Writing test snapshot file for test "prop_n1_instance_ttl" to "test_snapshots/prop_n1_instance_ttl.191.json".
Writing test snapshot file for test "prop_n1_instance_ttl" to "test_snapshots/prop_n1_instance_ttl.192.json".
Writing test snapshot file for test "prop_n1_instance_ttl" to "test_snapshots/prop_n1_instance_ttl.193.json".
Writing test snapshot file for test "prop_n1_instance_ttl" to "test_snapshots/prop_n1_instance_ttl.194.json".
Writing test snapshot file for test "prop_n1_instance_ttl" to "test_snapshots/prop_n1_instance_ttl.195.json".
Writing test snapshot file for test "prop_n1_instance_ttl" to "test_snapshots/prop_n1_instance_ttl.196.json".
Writing test snapshot file for test "prop_n1_instance_ttl" to "test_snapshots/prop_n1_instance_ttl.197.json".
Writing test snapshot file for test "prop_n1_instance_ttl" to "test_snapshots/prop_n1_instance_ttl.198.json".
Writing test snapshot file for test "prop_n1_instance_ttl" to "test_snapshots/prop_n1_instance_ttl.199.json".
Writing test snapshot file for test "prop_n1_instance_ttl" to "test_snapshots/prop_n1_instance_ttl.200.json".
Writing test snapshot file for test "prop_n1_instance_ttl" to "test_snapshots/prop_n1_instance_ttl.201.json".
Writing test snapshot file for test "prop_n1_instance_ttl" to "test_snapshots/prop_n1_instance_ttl.202.json".
Writing test snapshot file for test "prop_n1_instance_ttl" to "test_snapshots/prop_n1_instance_ttl.203.json".
Writing test snapshot file for test "prop_n1_instance_ttl" to "test_snapshots/prop_n1_instance_ttl.204.json".
Writing test snapshot file for test "prop_n1_instance_ttl" to "test_snapshots/prop_n1_instance_ttl.205.json".
Writing test snapshot file for test "prop_n1_instance_ttl" to "test_snapshots/prop_n1_instance_ttl.206.json".
Writing test snapshot file for test "prop_n1_instance_ttl" to "test_snapshots/prop_n1_instance_ttl.207.json".
Writing test snapshot file for test "prop_n1_instance_ttl" to "test_snapshots/prop_n1_instance_ttl.208.json".
Writing test snapshot file for test "prop_n1_instance_ttl" to "test_snapshots/prop_n1_instance_ttl.209.json".
Writing test snapshot file for test "prop_n1_instance_ttl" to "test_snapshots/prop_n1_instance_ttl.210.json".
Writing test snapshot file for test "prop_n1_instance_ttl" to "test_snapshots/prop_n1_instance_ttl.211.json".
Writing test snapshot file for test "prop_n1_instance_ttl" to "test_snapshots/prop_n1_instance_ttl.212.json".
Writing test snapshot file for test "prop_n1_instance_ttl" to "test_snapshots/prop_n1_instance_ttl.213.json".
Writing test snapshot file for test "prop_n1_instance_ttl" to "test_snapshots/prop_n1_instance_ttl.214.json".
Writing test snapshot file for test "prop_n1_instance_ttl" to "test_snapshots/prop_n1_instance_ttl.215.json".
Writing test snapshot file for test "prop_n1_instance_ttl" to "test_snapshots/prop_n1_instance_ttl.216.json".
Writing test snapshot file for test "prop_n1_instance_ttl" to "test_snapshots/prop_n1_instance_ttl.217.json".
Writing test snapshot file for test "prop_n1_instance_ttl" to "test_snapshots/prop_n1_instance_ttl.218.json".
Writing test snapshot file for test "prop_n1_instance_ttl" to "test_snapshots/prop_n1_instance_ttl.219.json".
Writing test snapshot file for test "prop_n1_instance_ttl" to "test_snapshots/prop_n1_instance_ttl.220.json".
Writing test snapshot file for test "prop_n1_instance_ttl" to "test_snapshots/prop_n1_instance_ttl.221.json".
Writing test snapshot file for test "prop_n1_instance_ttl" to "test_snapshots/prop_n1_instance_ttl.222.json".
Writing test snapshot file for test "prop_n1_instance_ttl" to "test_snapshots/prop_n1_instance_ttl.223.json".
Writing test snapshot file for test "prop_n1_instance_ttl" to "test_snapshots/prop_n1_instance_ttl.224.json".
Writing test snapshot file for test "prop_n1_instance_ttl" to "test_snapshots/prop_n1_instance_ttl.225.json".
Writing test snapshot file for test "prop_n1_instance_ttl" to "test_snapshots/prop_n1_instance_ttl.226.json".
Writing test snapshot file for test "prop_n1_instance_ttl" to "test_snapshots/prop_n1_instance_ttl.227.json".
Writing test snapshot file for test "prop_n1_instance_ttl" to "test_snapshots/prop_n1_instance_ttl.228.json".
Writing test snapshot file for test "prop_n1_instance_ttl" to "test_snapshots/prop_n1_instance_ttl.229.json".
Writing test snapshot file for test "prop_n1_instance_ttl" to "test_snapshots/prop_n1_instance_ttl.230.json".
Writing test snapshot file for test "prop_n1_instance_ttl" to "test_snapshots/prop_n1_instance_ttl.231.json".
Writing test snapshot file for test "prop_n1_instance_ttl" to "test_snapshots/prop_n1_instance_ttl.232.json".
Writing test snapshot file for test "prop_n1_instance_ttl" to "test_snapshots/prop_n1_instance_ttl.233.json".
Writing test snapshot file for test "prop_n1_instance_ttl" to "test_snapshots/prop_n1_instance_ttl.234.json".
Writing test snapshot file for test "prop_n1_instance_ttl" to "test_snapshots/prop_n1_instance_ttl.235.json".
Writing test snapshot file for test "prop_n1_instance_ttl" to "test_snapshots/prop_n1_instance_ttl.236.json".
Writing test snapshot file for test "prop_n1_instance_ttl" to "test_snapshots/prop_n1_instance_ttl.237.json".
Writing test snapshot file for test "prop_n1_instance_ttl" to "test_snapshots/prop_n1_instance_ttl.238.json".
Writing test snapshot file for test "prop_n1_instance_ttl" to "test_snapshots/prop_n1_instance_ttl.239.json".
Writing test snapshot file for test "prop_n1_instance_ttl" to "test_snapshots/prop_n1_instance_ttl.240.json".
Writing test snapshot file for test "prop_n1_instance_ttl" to "test_snapshots/prop_n1_instance_ttl.241.json".
Writing test snapshot file for test "prop_n1_instance_ttl" to "test_snapshots/prop_n1_instance_ttl.242.json".
Writing test snapshot file for test "prop_n1_instance_ttl" to "test_snapshots/prop_n1_instance_ttl.243.json".
Writing test snapshot file for test "prop_n1_instance_ttl" to "test_snapshots/prop_n1_instance_ttl.244.json".
Writing test snapshot file for test "prop_n1_instance_ttl" to "test_snapshots/prop_n1_instance_ttl.245.json".
Writing test snapshot file for test "prop_n1_instance_ttl" to "test_snapshots/prop_n1_instance_ttl.246.json".
Writing test snapshot file for test "prop_n1_instance_ttl" to "test_snapshots/prop_n1_instance_ttl.247.json".
Writing test snapshot file for test "prop_n1_instance_ttl" to "test_snapshots/prop_n1_instance_ttl.248.json".
Writing test snapshot file for test "prop_n1_instance_ttl" to "test_snapshots/prop_n1_instance_ttl.249.json".
Writing test snapshot file for test "prop_n1_instance_ttl" to "test_snapshots/prop_n1_instance_ttl.250.json".
Writing test snapshot file for test "prop_n1_instance_ttl" to "test_snapshots/prop_n1_instance_ttl.251.json".
Writing test snapshot file for test "prop_n1_instance_ttl" to "test_snapshots/prop_n1_instance_ttl.252.json".
Writing test snapshot file for test "prop_n1_instance_ttl" to "test_snapshots/prop_n1_instance_ttl.253.json".
Writing test snapshot file for test "prop_n1_instance_ttl" to "test_snapshots/prop_n1_instance_ttl.254.json".
Writing test snapshot file for test "prop_n1_instance_ttl" to "test_snapshots/prop_n1_instance_ttl.255.json".
Writing test snapshot file for test "prop_n1_instance_ttl" to "test_snapshots/prop_n1_instance_ttl.256.json".
Writing test snapshot file for test "prop_n1_instance_ttl" to "test_snapshots/prop_n1_instance_ttl.257.json".
Writing test snapshot file for test "prop_n1_instance_ttl" to "test_snapshots/prop_n1_instance_ttl.258.json".
Writing test snapshot file for test "prop_n1_instance_ttl" to "test_snapshots/prop_n1_instance_ttl.259.json".
Writing test snapshot file for test "prop_n1_instance_ttl" to "test_snapshots/prop_n1_instance_ttl.260.json".
Writing test snapshot file for test "prop_n1_instance_ttl" to "test_snapshots/prop_n1_instance_ttl.261.json".
Writing test snapshot file for test "prop_n1_instance_ttl" to "test_snapshots/prop_n1_instance_ttl.262.json".
Writing test snapshot file for test "prop_n1_instance_ttl" to "test_snapshots/prop_n1_instance_ttl.263.json".
Writing test snapshot file for test "prop_n1_instance_ttl" to "test_snapshots/prop_n1_instance_ttl.264.json".
Writing test snapshot file for test "prop_n1_instance_ttl" to "test_snapshots/prop_n1_instance_ttl.265.json".
Writing test snapshot file for test "prop_n1_instance_ttl" to "test_snapshots/prop_n1_instance_ttl.266.json".
Writing test snapshot file for test "prop_n1_instance_ttl" to "test_snapshots/prop_n1_instance_ttl.267.json".
Writing test snapshot file for test "prop_n1_instance_ttl" to "test_snapshots/prop_n1_instance_ttl.268.json".
Writing test snapshot file for test "prop_n1_instance_ttl" to "test_snapshots/prop_n1_instance_ttl.269.json".
Writing test snapshot file for test "prop_n1_instance_ttl" to "test_snapshots/prop_n1_instance_ttl.270.json".
Writing test snapshot file for test "prop_n1_instance_ttl" to "test_snapshots/prop_n1_instance_ttl.271.json".
Writing test snapshot file for test "prop_n1_instance_ttl" to "test_snapshots/prop_n1_instance_ttl.272.json".
Writing test snapshot file for test "prop_n1_instance_ttl" to "test_snapshots/prop_n1_instance_ttl.273.json".
Writing test snapshot file for test "prop_n1_instance_ttl" to "test_snapshots/prop_n1_instance_ttl.274.json".
Writing test snapshot file for test "prop_n1_instance_ttl" to "test_snapshots/prop_n1_instance_ttl.275.json".
Writing test snapshot file for test "prop_n1_instance_ttl" to "test_snapshots/prop_n1_instance_ttl.276.json".
Writing test snapshot file for test "prop_n1_instance_ttl" to "test_snapshots/prop_n1_instance_ttl.277.json".
Writing test snapshot file for test "prop_n1_instance_ttl" to "test_snapshots/prop_n1_instance_ttl.278.json".
Writing test snapshot file for test "prop_n1_instance_ttl" to "test_snapshots/prop_n1_instance_ttl.279.json".
Writing test snapshot file for test "prop_n1_instance_ttl" to "test_snapshots/prop_n1_instance_ttl.280.json".
Writing test snapshot file for test "prop_n1_instance_ttl" to "test_snapshots/prop_n1_instance_ttl.281.json".
Writing test snapshot file for test "prop_n1_instance_ttl" to "test_snapshots/prop_n1_instance_ttl.282.json".
Writing test snapshot file for test "prop_n1_instance_ttl" to "test_snapshots/prop_n1_instance_ttl.283.json".
Writing test snapshot file for test "prop_n1_instance_ttl" to "test_snapshots/prop_n1_instance_ttl.284.json".
Writing test snapshot file for test "prop_n1_instance_ttl" to "test_snapshots/prop_n1_instance_ttl.285.json".
Writing test snapshot file for test "prop_n1_instance_ttl" to "test_snapshots/prop_n1_instance_ttl.286.json".
Writing test snapshot file for test "prop_n1_instance_ttl" to "test_snapshots/prop_n1_instance_ttl.287.json".
Writing test snapshot file for test "prop_n1_instance_ttl" to "test_snapshots/prop_n1_instance_ttl.288.json".
Writing test snapshot file for test "prop_n1_instance_ttl" to "test_snapshots/prop_n1_instance_ttl.289.json".
Writing test snapshot file for test "prop_n1_instance_ttl" to "test_snapshots/prop_n1_instance_ttl.290.json".
Writing test snapshot file for test "prop_n1_instance_ttl" to "test_snapshots/prop_n1_instance_ttl.291.json".
Writing test snapshot file for test "prop_n1_instance_ttl" to "test_snapshots/prop_n1_instance_ttl.292.json".
Writing test snapshot file for test "prop_n1_instance_ttl" to "test_snapshots/prop_n1_instance_ttl.293.json".
Writing test snapshot file for test "prop_n1_instance_ttl" to "test_snapshots/prop_n1_instance_ttl.294.json".
Writing test snapshot file for test "prop_n1_instance_ttl" to "test_snapshots/prop_n1_instance_ttl.295.json".
Writing test snapshot file for test "prop_n1_instance_ttl" to "test_snapshots/prop_n1_instance_ttl.296.json".
Writing test snapshot file for test "prop_n1_instance_ttl" to "test_snapshots/prop_n1_instance_ttl.297.json".
Writing test snapshot file for test "prop_n1_instance_ttl" to "test_snapshots/prop_n1_instance_ttl.298.json".
Writing test snapshot file for test "prop_n1_instance_ttl" to "test_snapshots/prop_n1_instance_ttl.299.json".
Writing test snapshot file for test "prop_n1_instance_ttl" to "test_snapshots/prop_n1_instance_ttl.300.json".
Writing test snapshot file for test "prop_n1_instance_ttl" to "test_snapshots/prop_n1_instance_ttl.301.json".
Writing test snapshot file for test "prop_n1_instance_ttl" to "test_snapshots/prop_n1_instance_ttl.302.json".
Writing test snapshot file for test "prop_n1_instance_ttl" to "test_snapshots/prop_n1_instance_ttl.303.json".
Writing test snapshot file for test "prop_n1_instance_ttl" to "test_snapshots/prop_n1_instance_ttl.304.json".
Writing test snapshot file for test "prop_n1_instance_ttl" to "test_snapshots/prop_n1_instance_ttl.305.json".
Writing test snapshot file for test "prop_n1_instance_ttl" to "test_snapshots/prop_n1_instance_ttl.306.json".
Writing test snapshot file for test "prop_n1_instance_ttl" to "test_snapshots/prop_n1_instance_ttl.307.json".
Writing test snapshot file for test "prop_n1_instance_ttl" to "test_snapshots/prop_n1_instance_ttl.308.json".
Writing test snapshot file for test "prop_n1_instance_ttl" to "test_snapshots/prop_n1_instance_ttl.309.json".
Writing test snapshot file for test "prop_n1_instance_ttl" to "test_snapshots/prop_n1_instance_ttl.310.json".
Writing test snapshot file for test "prop_n1_instance_ttl" to "test_snapshots/prop_n1_instance_ttl.311.json".
Writing test snapshot file for test "prop_n1_instance_ttl" to "test_snapshots/prop_n1_instance_ttl.312.json".
Writing test snapshot file for test "prop_n1_instance_ttl" to "test_snapshots/prop_n1_instance_ttl.313.json".
Writing test snapshot file for test "prop_n1_instance_ttl" to "test_snapshots/prop_n1_instance_ttl.314.json".
Writing test snapshot file for test "prop_n1_instance_ttl" to "test_snapshots/prop_n1_instance_ttl.315.json".
Writing test snapshot file for test "prop_n1_instance_ttl" to "test_snapshots/prop_n1_instance_ttl.316.json".
Writing test snapshot file for test "prop_n1_instance_ttl" to "test_snapshots/prop_n1_instance_ttl.317.json".
Writing test snapshot file for test "prop_n1_instance_ttl" to "test_snapshots/prop_n1_instance_ttl.318.json".
Writing test snapshot file for test "prop_n1_instance_ttl" to "test_snapshots/prop_n1_instance_ttl.319.json".
Writing test snapshot file for test "prop_n1_instance_ttl" to "test_snapshots/prop_n1_instance_ttl.320.json".
Writing test snapshot file for test "prop_n1_instance_ttl" to "test_snapshots/prop_n1_instance_ttl.321.json".
Writing test snapshot file for test "prop_n1_instance_ttl" to "test_snapshots/prop_n1_instance_ttl.322.json".
Writing test snapshot file for test "prop_n1_instance_ttl" to "test_snapshots/prop_n1_instance_ttl.323.json".
Writing test snapshot file for test "prop_n1_instance_ttl" to "test_snapshots/prop_n1_instance_ttl.324.json".
Writing test snapshot file for test "prop_n1_instance_ttl" to "test_snapshots/prop_n1_instance_ttl.325.json".
Writing test snapshot file for test "prop_n1_instance_ttl" to "test_snapshots/prop_n1_instance_ttl.326.json".
Writing test snapshot file for test "prop_n1_instance_ttl" to "test_snapshots/prop_n1_instance_ttl.327.json".
Writing test snapshot file for test "prop_n1_instance_ttl" to "test_snapshots/prop_n1_instance_ttl.328.json".
Writing test snapshot file for test "prop_n1_instance_ttl" to "test_snapshots/prop_n1_instance_ttl.329.json".
Writing test snapshot file for test "prop_n1_instance_ttl" to "test_snapshots/prop_n1_instance_ttl.330.json".
Writing test snapshot file for test "prop_n1_instance_ttl" to "test_snapshots/prop_n1_instance_ttl.331.json".
Writing test snapshot file for test "prop_n1_instance_ttl" to "test_snapshots/prop_n1_instance_ttl.332.json".
Writing test snapshot file for test "prop_n1_instance_ttl" to "test_snapshots/prop_n1_instance_ttl.333.json".
Writing test snapshot file for test "prop_n1_instance_ttl" to "test_snapshots/prop_n1_instance_ttl.334.json".
Writing test snapshot file for test "prop_n1_instance_ttl" to "test_snapshots/prop_n1_instance_ttl.335.json".
Writing test snapshot file for test "prop_n1_instance_ttl" to "test_snapshots/prop_n1_instance_ttl.336.json".
Writing test snapshot file for test "prop_n1_instance_ttl" to "test_snapshots/prop_n1_instance_ttl.337.json".
Writing test snapshot file for test "prop_n1_instance_ttl" to "test_snapshots/prop_n1_instance_ttl.338.json".
Writing test snapshot file for test "prop_n1_instance_ttl" to "test_snapshots/prop_n1_instance_ttl.339.json".
Writing test snapshot file for test "prop_n1_instance_ttl" to "test_snapshots/prop_n1_instance_ttl.340.json".
Writing test snapshot file for test "prop_n1_instance_ttl" to "test_snapshots/prop_n1_instance_ttl.341.json".
Writing test snapshot file for test "prop_n1_instance_ttl" to "test_snapshots/prop_n1_instance_ttl.342.json".
Writing test snapshot file for test "prop_n1_instance_ttl" to "test_snapshots/prop_n1_instance_ttl.343.json".
Writing test snapshot file for test "prop_n1_instance_ttl" to "test_snapshots/prop_n1_instance_ttl.344.json".
Writing test snapshot file for test "prop_n1_instance_ttl" to "test_snapshots/prop_n1_instance_ttl.345.json".
Writing test snapshot file for test "prop_n1_instance_ttl" to "test_snapshots/prop_n1_instance_ttl.346.json".
Writing test snapshot file for test "prop_n1_instance_ttl" to "test_snapshots/prop_n1_instance_ttl.347.json".
Writing test snapshot file for test "prop_n1_instance_ttl" to "test_snapshots/prop_n1_instance_ttl.348.json".
Writing test snapshot file for test "prop_n1_instance_ttl" to "test_snapshots/prop_n1_instance_ttl.349.json".
Writing test snapshot file for test "prop_n1_instance_ttl" to "test_snapshots/prop_n1_instance_ttl.350.json".
Writing test snapshot file for test "prop_n1_instance_ttl" to "test_snapshots/prop_n1_instance_ttl.351.json".
Writing test snapshot file for test "prop_n1_instance_ttl" to "test_snapshots/prop_n1_instance_ttl.352.json".
Writing test snapshot file for test "prop_n1_instance_ttl" to "test_snapshots/prop_n1_instance_ttl.353.json".
Writing test snapshot file for test "prop_n1_instance_ttl" to "test_snapshots/prop_n1_instance_ttl.354.json".
Writing test snapshot file for test "prop_n1_instance_ttl" to "test_snapshots/prop_n1_instance_ttl.355.json".
Writing test snapshot file for test "prop_n1_instance_ttl" to "test_snapshots/prop_n1_instance_ttl.356.json".
Writing test snapshot file for test "prop_n1_instance_ttl" to "test_snapshots/prop_n1_instance_ttl.357.json".
Writing test snapshot file for test "prop_n1_instance_ttl" to "test_snapshots/prop_n1_instance_ttl.358.json".
Writing test snapshot file for test "prop_n1_instance_ttl" to "test_snapshots/prop_n1_instance_ttl.359.json".
Writing test snapshot file for test "prop_n1_instance_ttl" to "test_snapshots/prop_n1_instance_ttl.360.json".
Writing test snapshot file for test "prop_n1_instance_ttl" to "test_snapshots/prop_n1_instance_ttl.361.json".
Writing test snapshot file for test "prop_n1_instance_ttl" to "test_snapshots/prop_n1_instance_ttl.362.json".
Writing test snapshot file for test "prop_n1_instance_ttl" to "test_snapshots/prop_n1_instance_ttl.363.json".
Writing test snapshot file for test "prop_n1_instance_ttl" to "test_snapshots/prop_n1_instance_ttl.364.json".
Writing test snapshot file for test "prop_n1_instance_ttl" to "test_snapshots/prop_n1_instance_ttl.365.json".
Writing test snapshot file for test "prop_n1_instance_ttl" to "test_snapshots/prop_n1_instance_ttl.366.json".
Writing test snapshot file for test "prop_n1_instance_ttl" to "test_snapshots/prop_n1_instance_ttl.367.json".
Writing test snapshot file for test "prop_n1_instance_ttl" to "test_snapshots/prop_n1_instance_ttl.368.json".
Writing test snapshot file for test "prop_n1_instance_ttl" to "test_snapshots/prop_n1_instance_ttl.369.json".
Writing test snapshot file for test "prop_n1_instance_ttl" to "test_snapshots/prop_n1_instance_ttl.370.json".
Writing test snapshot file for test "prop_n1_instance_ttl" to "test_snapshots/prop_n1_instance_ttl.371.json".
Writing test snapshot file for test "prop_n1_instance_ttl" to "test_snapshots/prop_n1_instance_ttl.372.json".
Writing test snapshot file for test "prop_n1_instance_ttl" to "test_snapshots/prop_n1_instance_ttl.373.json".
Writing test snapshot file for test "prop_n1_instance_ttl" to "test_snapshots/prop_n1_instance_ttl.374.json".
Writing test snapshot file for test "prop_n1_instance_ttl" to "test_snapshots/prop_n1_instance_ttl.375.json".
Writing test snapshot file for test "prop_n1_instance_ttl" to "test_snapshots/prop_n1_instance_ttl.376.json".
Writing test snapshot file for test "prop_n1_instance_ttl" to "test_snapshots/prop_n1_instance_ttl.377.json".
Writing test snapshot file for test "prop_n1_instance_ttl" to "test_snapshots/prop_n1_instance_ttl.378.json".
Writing test snapshot file for test "prop_n1_instance_ttl" to "test_snapshots/prop_n1_instance_ttl.379.json".
Writing test snapshot file for test "prop_n1_instance_ttl" to "test_snapshots/prop_n1_instance_ttl.380.json".
Writing test snapshot file for test "prop_n1_instance_ttl" to "test_snapshots/prop_n1_instance_ttl.381.json".
Writing test snapshot file for test "prop_n1_instance_ttl" to "test_snapshots/prop_n1_instance_ttl.382.json".
Writing test snapshot file for test "prop_n1_instance_ttl" to "test_snapshots/prop_n1_instance_ttl.383.json".
Writing test snapshot file for test "prop_n1_instance_ttl" to "test_snapshots/prop_n1_instance_ttl.384.json".
Writing test snapshot file for test "prop_n1_instance_ttl" to "test_snapshots/prop_n1_instance_ttl.385.json".
Writing test snapshot file for test "prop_n1_instance_ttl" to "test_snapshots/prop_n1_instance_ttl.386.json".
Writing test snapshot file for test "prop_n1_instance_ttl" to "test_snapshots/prop_n1_instance_ttl.387.json".
Writing test snapshot file for test "prop_n1_instance_ttl" to "test_snapshots/prop_n1_instance_ttl.388.json".
Writing test snapshot file for test "prop_n1_instance_ttl" to "test_snapshots/prop_n1_instance_ttl.389.json".
Writing test snapshot file for test "prop_n1_instance_ttl" to "test_snapshots/prop_n1_instance_ttl.390.json".
Writing test snapshot file for test "prop_n1_instance_ttl" to "test_snapshots/prop_n1_instance_ttl.391.json".
Writing test snapshot file for test "prop_n1_instance_ttl" to "test_snapshots/prop_n1_instance_ttl.392.json".
Writing test snapshot file for test "prop_n1_instance_ttl" to "test_snapshots/prop_n1_instance_ttl.393.json".
Writing test snapshot file for test "prop_n1_instance_ttl" to "test_snapshots/prop_n1_instance_ttl.394.json".
Writing test snapshot file for test "prop_n1_instance_ttl" to "test_snapshots/prop_n1_instance_ttl.395.json".
Writing test snapshot file for test "prop_n1_instance_ttl" to "test_snapshots/prop_n1_instance_ttl.396.json".
Writing test snapshot file for test "prop_n1_instance_ttl" to "test_snapshots/prop_n1_instance_ttl.397.json".
Writing test snapshot file for test "prop_n1_instance_ttl" to "test_snapshots/prop_n1_instance_ttl.398.json".
Writing test snapshot file for test "prop_n1_instance_ttl" to "test_snapshots/prop_n1_instance_ttl.399.json".
Writing test snapshot file for test "prop_n1_instance_ttl" to "test_snapshots/prop_n1_instance_ttl.400.json".
Writing test snapshot file for test "prop_n1_instance_ttl" to "test_snapshots/prop_n1_instance_ttl.401.json".
Writing test snapshot file for test "prop_n1_instance_ttl" to "test_snapshots/prop_n1_instance_ttl.402.json".
Writing test snapshot file for test "prop_n1_instance_ttl" to "test_snapshots/prop_n1_instance_ttl.403.json".
Writing test snapshot file for test "prop_n1_instance_ttl" to "test_snapshots/prop_n1_instance_ttl.404.json".
Writing test snapshot file for test "prop_n1_instance_ttl" to "test_snapshots/prop_n1_instance_ttl.405.json".
Writing test snapshot file for test "prop_n1_instance_ttl" to "test_snapshots/prop_n1_instance_ttl.406.json".
Writing test snapshot file for test "prop_n1_instance_ttl" to "test_snapshots/prop_n1_instance_ttl.407.json".
Writing test snapshot file for test "prop_n1_instance_ttl" to "test_snapshots/prop_n1_instance_ttl.408.json".
Writing test snapshot file for test "prop_n1_instance_ttl" to "test_snapshots/prop_n1_instance_ttl.409.json".
Writing test snapshot file for test "prop_n1_instance_ttl" to "test_snapshots/prop_n1_instance_ttl.410.json".
Writing test snapshot file for test "prop_n1_instance_ttl" to "test_snapshots/prop_n1_instance_ttl.411.json".
Writing test snapshot file for test "prop_n1_instance_ttl" to "test_snapshots/prop_n1_instance_ttl.412.json".
Writing test snapshot file for test "prop_n1_instance_ttl" to "test_snapshots/prop_n1_instance_ttl.413.json".
Writing test snapshot file for test "prop_n1_instance_ttl" to "test_snapshots/prop_n1_instance_ttl.414.json".
Writing test snapshot file for test "prop_n1_instance_ttl" to "test_snapshots/prop_n1_instance_ttl.415.json".
Writing test snapshot file for test "prop_n1_instance_ttl" to "test_snapshots/prop_n1_instance_ttl.416.json".
Writing test snapshot file for test "prop_n1_instance_ttl" to "test_snapshots/prop_n1_instance_ttl.417.json".
Writing test snapshot file for test "prop_n1_instance_ttl" to "test_snapshots/prop_n1_instance_ttl.418.json".
Writing test snapshot file for test "prop_n1_instance_ttl" to "test_snapshots/prop_n1_instance_ttl.419.json".
Writing test snapshot file for test "prop_n1_instance_ttl" to "test_snapshots/prop_n1_instance_ttl.420.json".
Writing test snapshot file for test "prop_n1_instance_ttl" to "test_snapshots/prop_n1_instance_ttl.421.json".
Writing test snapshot file for test "prop_n1_instance_ttl" to "test_snapshots/prop_n1_instance_ttl.422.json".
Writing test snapshot file for test "prop_n1_instance_ttl" to "test_snapshots/prop_n1_instance_ttl.423.json".
Writing test snapshot file for test "prop_n1_instance_ttl" to "test_snapshots/prop_n1_instance_ttl.424.json".
Writing test snapshot file for test "prop_n1_instance_ttl" to "test_snapshots/prop_n1_instance_ttl.425.json".
Writing test snapshot file for test "prop_n1_instance_ttl" to "test_snapshots/prop_n1_instance_ttl.426.json".
Writing test snapshot file for test "prop_n1_instance_ttl" to "test_snapshots/prop_n1_instance_ttl.427.json".
Writing test snapshot file for test "prop_n1_instance_ttl" to "test_snapshots/prop_n1_instance_ttl.428.json".
Writing test snapshot file for test "prop_n1_instance_ttl" to "test_snapshots/prop_n1_instance_ttl.429.json".
Writing test snapshot file for test "prop_n1_instance_ttl" to "test_snapshots/prop_n1_instance_ttl.430.json".
Writing test snapshot file for test "prop_n1_instance_ttl" to "test_snapshots/prop_n1_instance_ttl.431.json".
Writing test snapshot file for test "prop_n1_instance_ttl" to "test_snapshots/prop_n1_instance_ttl.432.json".
Writing test snapshot file for test "prop_n1_instance_ttl" to "test_snapshots/prop_n1_instance_ttl.433.json".
Writing test snapshot file for test "prop_n1_instance_ttl" to "test_snapshots/prop_n1_instance_ttl.434.json".
Writing test snapshot file for test "prop_n1_instance_ttl" to "test_snapshots/prop_n1_instance_ttl.435.json".
Writing test snapshot file for test "prop_n1_instance_ttl" to "test_snapshots/prop_n1_instance_ttl.436.json".
Writing test snapshot file for test "prop_n1_instance_ttl" to "test_snapshots/prop_n1_instance_ttl.437.json".
Writing test snapshot file for test "prop_n1_instance_ttl" to "test_snapshots/prop_n1_instance_ttl.438.json".
Writing test snapshot file for test "prop_n1_instance_ttl" to "test_snapshots/prop_n1_instance_ttl.439.json".
Writing test snapshot file for test "prop_n1_instance_ttl" to "test_snapshots/prop_n1_instance_ttl.440.json".
Writing test snapshot file for test "prop_n1_instance_ttl" to "test_snapshots/prop_n1_instance_ttl.441.json".
Writing test snapshot file for test "prop_n1_instance_ttl" to "test_snapshots/prop_n1_instance_ttl.442.json".
Writing test snapshot file for test "prop_n1_instance_ttl" to "test_snapshots/prop_n1_instance_ttl.443.json".
Writing test snapshot file for test "prop_n1_instance_ttl" to "test_snapshots/prop_n1_instance_ttl.444.json".
Writing test snapshot file for test "prop_n1_instance_ttl" to "test_snapshots/prop_n1_instance_ttl.445.json".
Writing test snapshot file for test "prop_n1_instance_ttl" to "test_snapshots/prop_n1_instance_ttl.446.json".
Writing test snapshot file for test "prop_n1_instance_ttl" to "test_snapshots/prop_n1_instance_ttl.447.json".
Writing test snapshot file for test "prop_n1_instance_ttl" to "test_snapshots/prop_n1_instance_ttl.448.json".
Writing test snapshot file for test "prop_n1_instance_ttl" to "test_snapshots/prop_n1_instance_ttl.449.json".
Writing test snapshot file for test "prop_n1_instance_ttl" to "test_snapshots/prop_n1_instance_ttl.450.json".
Writing test snapshot file for test "prop_n1_instance_ttl" to "test_snapshots/prop_n1_instance_ttl.451.json".
Writing test snapshot file for test "prop_n1_instance_ttl" to "test_snapshots/prop_n1_instance_ttl.452.json".
Writing test snapshot file for test "prop_n1_instance_ttl" to "test_snapshots/prop_n1_instance_ttl.453.json".
Writing test snapshot file for test "prop_n1_instance_ttl" to "test_snapshots/prop_n1_instance_ttl.454.json".
Writing test snapshot file for test "prop_n1_instance_ttl" to "test_snapshots/prop_n1_instance_ttl.455.json".
Writing test snapshot file for test "prop_n1_instance_ttl" to "test_snapshots/prop_n1_instance_ttl.456.json".
Writing test snapshot file for test "prop_n1_instance_ttl" to "test_snapshots/prop_n1_instance_ttl.457.json".
Writing test snapshot file for test "prop_n1_instance_ttl" to "test_snapshots/prop_n1_instance_ttl.458.json".
Writing test snapshot file for test "prop_n1_instance_ttl" to "test_snapshots/prop_n1_instance_ttl.459.json".
Writing test snapshot file for test "prop_n1_instance_ttl" to "test_snapshots/prop_n1_instance_ttl.460.json".
Writing test snapshot file for test "prop_n1_instance_ttl" to "test_snapshots/prop_n1_instance_ttl.461.json".
Writing test snapshot file for test "prop_n1_instance_ttl" to "test_snapshots/prop_n1_instance_ttl.462.json".
Writing test snapshot file for test "prop_n1_instance_ttl" to "test_snapshots/prop_n1_instance_ttl.463.json".
Writing test snapshot file for test "prop_n1_instance_ttl" to "test_snapshots/prop_n1_instance_ttl.464.json".
Writing test snapshot file for test "prop_n1_instance_ttl" to "test_snapshots/prop_n1_instance_ttl.465.json".
Writing test snapshot file for test "prop_n1_instance_ttl" to "test_snapshots/prop_n1_instance_ttl.466.json".
Writing test snapshot file for test "prop_n1_instance_ttl" to "test_snapshots/prop_n1_instance_ttl.467.json".
Writing test snapshot file for test "prop_n1_instance_ttl" to "test_snapshots/prop_n1_instance_ttl.468.json".
Writing test snapshot file for test "prop_n1_instance_ttl" to "test_snapshots/prop_n1_instance_ttl.469.json".
Writing test snapshot file for test "prop_n1_instance_ttl" to "test_snapshots/prop_n1_instance_ttl.470.json".
Writing test snapshot file for test "prop_n1_instance_ttl" to "test_snapshots/prop_n1_instance_ttl.471.json".
Writing test snapshot file for test "prop_n1_instance_ttl" to "test_snapshots/prop_n1_instance_ttl.472.json".
Writing test snapshot file for test "prop_n1_instance_ttl" to "test_snapshots/prop_n1_instance_ttl.473.json".
Writing test snapshot file for test "prop_n1_instance_ttl" to "test_snapshots/prop_n1_instance_ttl.474.json".
Writing test snapshot file for test "prop_n1_instance_ttl" to "test_snapshots/prop_n1_instance_ttl.475.json".
Writing test snapshot file for test "prop_n1_instance_ttl" to "test_snapshots/prop_n1_instance_ttl.476.json".
Writing test snapshot file for test "prop_n1_instance_ttl" to "test_snapshots/prop_n1_instance_ttl.477.json".
Writing test snapshot file for test "prop_n1_instance_ttl" to "test_snapshots/prop_n1_instance_ttl.478.json".
Writing test snapshot file for test "prop_n1_instance_ttl" to "test_snapshots/prop_n1_instance_ttl.479.json".
Writing test snapshot file for test "prop_n1_instance_ttl" to "test_snapshots/prop_n1_instance_ttl.480.json".
Writing test snapshot file for test "prop_n1_instance_ttl" to "test_snapshots/prop_n1_instance_ttl.481.json".
Writing test snapshot file for test "prop_n1_instance_ttl" to "test_snapshots/prop_n1_instance_ttl.482.json".
Writing test snapshot file for test "prop_n1_instance_ttl" to "test_snapshots/prop_n1_instance_ttl.483.json".
Writing test snapshot file for test "prop_n1_instance_ttl" to "test_snapshots/prop_n1_instance_ttl.484.json".
Writing test snapshot file for test "prop_n1_instance_ttl" to "test_snapshots/prop_n1_instance_ttl.485.json".
Writing test snapshot file for test "prop_n1_instance_ttl" to "test_snapshots/prop_n1_instance_ttl.486.json".
Writing test snapshot file for test "prop_n1_instance_ttl" to "test_snapshots/prop_n1_instance_ttl.487.json".
Writing test snapshot file for test "prop_n1_instance_ttl" to "test_snapshots/prop_n1_instance_ttl.488.json".
Writing test snapshot file for test "prop_n1_instance_ttl" to "test_snapshots/prop_n1_instance_ttl.489.json".
Writing test snapshot file for test "prop_n1_instance_ttl" to "test_snapshots/prop_n1_instance_ttl.490.json".
Writing test snapshot file for test "prop_n1_instance_ttl" to "test_snapshots/prop_n1_instance_ttl.491.json".
Writing test snapshot file for test "prop_n1_instance_ttl" to "test_snapshots/prop_n1_instance_ttl.492.json".
Writing test snapshot file for test "prop_n1_instance_ttl" to "test_snapshots/prop_n1_instance_ttl.493.json".
Writing test snapshot file for test "prop_n1_instance_ttl" to "test_snapshots/prop_n1_instance_ttl.494.json".
Writing test snapshot file for test "prop_n1_instance_ttl" to "test_snapshots/prop_n1_instance_ttl.495.json".
Writing test snapshot file for test "prop_n1_instance_ttl" to "test_snapshots/prop_n1_instance_ttl.496.json".
Writing test snapshot file for test "prop_n1_instance_ttl" to "test_snapshots/prop_n1_instance_ttl.497.json".
Writing test snapshot file for test "prop_n1_instance_ttl" to "test_snapshots/prop_n1_instance_ttl.498.json".
Writing test snapshot file for test "prop_n1_instance_ttl" to "test_snapshots/prop_n1_instance_ttl.499.json".
Writing test snapshot file for test "prop_n1_instance_ttl" to "test_snapshots/prop_n1_instance_ttl.500.json".
Writing test snapshot file for test "prop_n1_instance_ttl" to "test_snapshots/prop_n1_instance_ttl.501.json".
Writing test snapshot file for test "prop_n1_instance_ttl" to "test_snapshots/prop_n1_instance_ttl.502.json".
Writing test snapshot file for test "prop_n1_instance_ttl" to "test_snapshots/prop_n1_instance_ttl.503.json".
Writing test snapshot file for test "prop_n1_instance_ttl" to "test_snapshots/prop_n1_instance_ttl.504.json".
Writing test snapshot file for test "prop_n1_instance_ttl" to "test_snapshots/prop_n1_instance_ttl.505.json".
Writing test snapshot file for test "prop_n1_instance_ttl" to "test_snapshots/prop_n1_instance_ttl.506.json".
Writing test snapshot file for test "prop_n1_instance_ttl" to "test_snapshots/prop_n1_instance_ttl.507.json".
Writing test snapshot file for test "prop_n1_instance_ttl" to "test_snapshots/prop_n1_instance_ttl.508.json".
Writing test snapshot file for test "prop_n1_instance_ttl" to "test_snapshots/prop_n1_instance_ttl.509.json".
Writing test snapshot file for test "prop_n1_instance_ttl" to "test_snapshots/prop_n1_instance_ttl.510.json".
Writing test snapshot file for test "prop_n1_instance_ttl" to "test_snapshots/prop_n1_instance_ttl.511.json".
Writing test snapshot file for test "prop_n1_instance_ttl" to "test_snapshots/prop_n1_instance_ttl.512.json".
Writing test snapshot file for test "prop_n1_instance_ttl" to "test_snapshots/prop_n1_instance_ttl.513.json".
Writing test snapshot file for test "prop_n1_instance_ttl" to "test_snapshots/prop_n1_instance_ttl.514.json".
Writing test snapshot file for test "prop_n1_instance_ttl" to "test_snapshots/prop_n1_instance_ttl.515.json".
Writing test snapshot file for test "prop_n1_instance_ttl" to "test_snapshots/prop_n1_instance_ttl.516.json".
Writing test snapshot file for test "prop_n1_instance_ttl" to "test_snapshots/prop_n1_instance_ttl.517.json".
Writing test snapshot file for test "prop_n1_instance_ttl" to "test_snapshots/prop_n1_instance_ttl.518.json".
Writing test snapshot file for test "prop_n1_instance_ttl" to "test_snapshots/prop_n1_instance_ttl.519.json".
Writing test snapshot file for test "prop_n1_instance_ttl" to "test_snapshots/prop_n1_instance_ttl.520.json".
Writing test snapshot file for test "prop_n1_instance_ttl" to "test_snapshots/prop_n1_instance_ttl.521.json".
Writing test snapshot file for test "prop_n1_instance_ttl" to "test_snapshots/prop_n1_instance_ttl.522.json".
Writing test snapshot file for test "prop_n1_instance_ttl" to "test_snapshots/prop_n1_instance_ttl.523.json".
Writing test snapshot file for test "prop_n1_instance_ttl" to "test_snapshots/prop_n1_instance_ttl.524.json".
Writing test snapshot file for test "prop_n1_instance_ttl" to "test_snapshots/prop_n1_instance_ttl.525.json".
Writing test snapshot file for test "prop_n1_instance_ttl" to "test_snapshots/prop_n1_instance_ttl.526.json".
Writing test snapshot file for test "prop_n1_instance_ttl" to "test_snapshots/prop_n1_instance_ttl.527.json".
Writing test snapshot file for test "prop_n1_instance_ttl" to "test_snapshots/prop_n1_instance_ttl.528.json".
Writing test snapshot file for test "prop_n1_instance_ttl" to "test_snapshots/prop_n1_instance_ttl.529.json".
Writing test snapshot file for test "prop_n1_instance_ttl" to "test_snapshots/prop_n1_instance_ttl.530.json".
Writing test snapshot file for test "prop_n1_instance_ttl" to "test_snapshots/prop_n1_instance_ttl.531.json".
Writing test snapshot file for test "prop_n1_instance_ttl" to "test_snapshots/prop_n1_instance_ttl.532.json".
Writing test snapshot file for test "prop_n1_instance_ttl" to "test_snapshots/prop_n1_instance_ttl.533.json".
Writing test snapshot file for test "prop_n1_instance_ttl" to "test_snapshots/prop_n1_instance_ttl.534.json".
Writing test snapshot file for test "prop_n1_instance_ttl" to "test_snapshots/prop_n1_instance_ttl.535.json".
Writing test snapshot file for test "prop_n1_instance_ttl" to "test_snapshots/prop_n1_instance_ttl.536.json".
Writing test snapshot file for test "prop_n1_instance_ttl" to "test_snapshots/prop_n1_instance_ttl.537.json".
Writing test snapshot file for test "prop_n1_instance_ttl" to "test_snapshots/prop_n1_instance_ttl.538.json".
Writing test snapshot file for test "prop_n1_instance_ttl" to "test_snapshots/prop_n1_instance_ttl.539.json".
Writing test snapshot file for test "prop_n1_instance_ttl" to "test_snapshots/prop_n1_instance_ttl.540.json".
Writing test snapshot file for test "prop_n1_instance_ttl" to "test_snapshots/prop_n1_instance_ttl.541.json".
Writing test snapshot file for test "prop_n1_instance_ttl" to "test_snapshots/prop_n1_instance_ttl.542.json".
Writing test snapshot file for test "prop_n1_instance_ttl" to "test_snapshots/prop_n1_instance_ttl.543.json".
Writing test snapshot file for test "prop_n1_instance_ttl" to "test_snapshots/prop_n1_instance_ttl.544.json".
Writing test snapshot file for test "prop_n1_instance_ttl" to "test_snapshots/prop_n1_instance_ttl.545.json".
Writing test snapshot file for test "prop_n1_instance_ttl" to "test_snapshots/prop_n1_instance_ttl.546.json".
Writing test snapshot file for test "prop_n1_instance_ttl" to "test_snapshots/prop_n1_instance_ttl.547.json".
Writing test snapshot file for test "prop_n1_instance_ttl" to "test_snapshots/prop_n1_instance_ttl.548.json".
Writing test snapshot file for test "prop_n1_instance_ttl" to "test_snapshots/prop_n1_instance_ttl.549.json".
Writing test snapshot file for test "prop_n1_instance_ttl" to "test_snapshots/prop_n1_instance_ttl.550.json".
Writing test snapshot file for test "prop_n1_instance_ttl" to "test_snapshots/prop_n1_instance_ttl.551.json".
Writing test snapshot file for test "prop_n1_instance_ttl" to "test_snapshots/prop_n1_instance_ttl.552.json".
Writing test snapshot file for test "prop_n1_instance_ttl" to "test_snapshots/prop_n1_instance_ttl.553.json".
Writing test snapshot file for test "prop_n1_instance_ttl" to "test_snapshots/prop_n1_instance_ttl.554.json".
Writing test snapshot file for test "prop_n1_instance_ttl" to "test_snapshots/prop_n1_instance_ttl.555.json".
Writing test snapshot file for test "prop_n1_instance_ttl" to "test_snapshots/prop_n1_instance_ttl.556.json".
Writing test snapshot file for test "prop_n1_instance_ttl" to "test_snapshots/prop_n1_instance_ttl.557.json".
Writing test snapshot file for test "prop_n1_instance_ttl" to "test_snapshots/prop_n1_instance_ttl.558.json".
Writing test snapshot file for test "prop_n1_instance_ttl" to "test_snapshots/prop_n1_instance_ttl.559.json".
Writing test snapshot file for test "prop_n1_instance_ttl" to "test_snapshots/prop_n1_instance_ttl.560.json".
Writing test snapshot file for test "prop_n1_instance_ttl" to "test_snapshots/prop_n1_instance_ttl.561.json".
Writing test snapshot file for test "prop_n1_instance_ttl" to "test_snapshots/prop_n1_instance_ttl.562.json".
Writing test snapshot file for test "prop_n1_instance_ttl" to "test_snapshots/prop_n1_instance_ttl.563.json".
Writing test snapshot file for test "prop_n1_instance_ttl" to "test_snapshots/prop_n1_instance_ttl.564.json".
Writing test snapshot file for test "prop_n1_instance_ttl" to "test_snapshots/prop_n1_instance_ttl.565.json".
Writing test snapshot file for test "prop_n1_instance_ttl" to "test_snapshots/prop_n1_instance_ttl.566.json".
Writing test snapshot file for test "prop_n1_instance_ttl" to "test_snapshots/prop_n1_instance_ttl.567.json".
Writing test snapshot file for test "prop_n1_instance_ttl" to "test_snapshots/prop_n1_instance_ttl.568.json".
Writing test snapshot file for test "prop_n1_instance_ttl" to "test_snapshots/prop_n1_instance_ttl.569.json".
Writing test snapshot file for test "prop_n1_instance_ttl" to "test_snapshots/prop_n1_instance_ttl.570.json".
Writing test snapshot file for test "prop_n1_instance_ttl" to "test_snapshots/prop_n1_instance_ttl.571.json".
Writing test snapshot file for test "prop_n1_instance_ttl" to "test_snapshots/prop_n1_instance_ttl.572.json".
Writing test snapshot file for test "prop_n1_instance_ttl" to "test_snapshots/prop_n1_instance_ttl.573.json".
Writing test snapshot file for test "prop_n1_instance_ttl" to "test_snapshots/prop_n1_instance_ttl.574.json".
Writing test snapshot file for test "prop_n1_instance_ttl" to "test_snapshots/prop_n1_instance_ttl.575.json".
Writing test snapshot file for test "prop_n1_instance_ttl" to "test_snapshots/prop_n1_instance_ttl.576.json".
Writing test snapshot file for test "prop_n1_instance_ttl" to "test_snapshots/prop_n1_instance_ttl.577.json".
Writing test snapshot file for test "prop_n1_instance_ttl" to "test_snapshots/prop_n1_instance_ttl.578.json".
Writing test snapshot file for test "prop_n1_instance_ttl" to "test_snapshots/prop_n1_instance_ttl.579.json".
Writing test snapshot file for test "prop_n1_instance_ttl" to "test_snapshots/prop_n1_instance_ttl.580.json".
Writing test snapshot file for test "prop_n1_instance_ttl" to "test_snapshots/prop_n1_instance_ttl.581.json".
Writing test snapshot file for test "prop_n1_instance_ttl" to "test_snapshots/prop_n1_instance_ttl.582.json".
Writing test snapshot file for test "prop_n1_instance_ttl" to "test_snapshots/prop_n1_instance_ttl.583.json".
Writing test snapshot file for test "prop_n1_instance_ttl" to "test_snapshots/prop_n1_instance_ttl.584.json".
Writing test snapshot file for test "prop_n1_instance_ttl" to "test_snapshots/prop_n1_instance_ttl.585.json".
Writing test snapshot file for test "prop_n1_instance_ttl" to "test_snapshots/prop_n1_instance_ttl.586.json".
Writing test snapshot file for test "prop_n1_instance_ttl" to "test_snapshots/prop_n1_instance_ttl.587.json".
Writing test snapshot file for test "prop_n1_instance_ttl" to "test_snapshots/prop_n1_instance_ttl.588.json".
Writing test snapshot file for test "prop_n1_instance_ttl" to "test_snapshots/prop_n1_instance_ttl.589.json".
Writing test snapshot file for test "prop_n1_instance_ttl" to "test_snapshots/prop_n1_instance_ttl.590.json".
Writing test snapshot file for test "prop_n1_instance_ttl" to "test_snapshots/prop_n1_instance_ttl.591.json".
Writing test snapshot file for test "prop_n1_instance_ttl" to "test_snapshots/prop_n1_instance_ttl.592.json".
Writing test snapshot file for test "prop_n1_instance_ttl" to "test_snapshots/prop_n1_instance_ttl.593.json".
Writing test snapshot file for test "prop_n1_instance_ttl" to "test_snapshots/prop_n1_instance_ttl.594.json".
Writing test snapshot file for test "prop_n1_instance_ttl" to "test_snapshots/prop_n1_instance_ttl.595.json".
Writing test snapshot file for test "prop_n1_instance_ttl" to "test_snapshots/prop_n1_instance_ttl.596.json".
Writing test snapshot file for test "prop_n1_instance_ttl" to "test_snapshots/prop_n1_instance_ttl.597.json".
Writing test snapshot file for test "prop_n1_instance_ttl" to "test_snapshots/prop_n1_instance_ttl.598.json".
Writing test snapshot file for test "prop_n1_instance_ttl" to "test_snapshots/prop_n1_instance_ttl.599.json".
Writing test snapshot file for test "prop_n1_instance_ttl" to "test_snapshots/prop_n1_instance_ttl.600.json".
Writing test snapshot file for test "prop_n1_instance_ttl" to "test_snapshots/prop_n1_instance_ttl.601.json".
Writing test snapshot file for test "prop_n1_instance_ttl" to "test_snapshots/prop_n1_instance_ttl.602.json".
Writing test snapshot file for test "prop_n1_instance_ttl" to "test_snapshots/prop_n1_instance_ttl.603.json".
Writing test snapshot file for test "prop_n1_instance_ttl" to "test_snapshots/prop_n1_instance_ttl.604.json".
Writing test snapshot file for test "prop_n1_instance_ttl" to "test_snapshots/prop_n1_instance_ttl.605.json".
Writing test snapshot file for test "prop_n1_instance_ttl" to "test_snapshots/prop_n1_instance_ttl.606.json".
Writing test snapshot file for test "prop_n1_instance_ttl" to "test_snapshots/prop_n1_instance_ttl.607.json".
Writing test snapshot file for test "prop_n1_instance_ttl" to "test_snapshots/prop_n1_instance_ttl.608.json".
Writing test snapshot file for test "prop_n1_instance_ttl" to "test_snapshots/prop_n1_instance_ttl.609.json".
Writing test snapshot file for test "prop_n1_instance_ttl" to "test_snapshots/prop_n1_instance_ttl.610.json".
Writing test snapshot file for test "prop_n1_instance_ttl" to "test_snapshots/prop_n1_instance_ttl.611.json".
Writing test snapshot file for test "prop_n1_instance_ttl" to "test_snapshots/prop_n1_instance_ttl.612.json".
Writing test snapshot file for test "prop_n1_instance_ttl" to "test_snapshots/prop_n1_instance_ttl.613.json".
Writing test snapshot file for test "prop_n1_instance_ttl" to "test_snapshots/prop_n1_instance_ttl.614.json".
Writing test snapshot file for test "prop_n1_instance_ttl" to "test_snapshots/prop_n1_instance_ttl.615.json".
Writing test snapshot file for test "prop_n1_instance_ttl" to "test_snapshots/prop_n1_instance_ttl.616.json".
Writing test snapshot file for test "prop_n1_instance_ttl" to "test_snapshots/prop_n1_instance_ttl.617.json".
Writing test snapshot file for test "prop_n1_instance_ttl" to "test_snapshots/prop_n1_instance_ttl.618.json".
Writing test snapshot file for test "prop_n1_instance_ttl" to "test_snapshots/prop_n1_instance_ttl.619.json".
Writing test snapshot file for test "prop_n1_instance_ttl" to "test_snapshots/prop_n1_instance_ttl.620.json".
Writing test snapshot file for test "prop_n1_instance_ttl" to "test_snapshots/prop_n1_instance_ttl.621.json".
Writing test snapshot file for test "prop_n1_instance_ttl" to "test_snapshots/prop_n1_instance_ttl.622.json".
Writing test snapshot file for test "prop_n1_instance_ttl" to "test_snapshots/prop_n1_instance_ttl.623.json".
Writing test snapshot file for test "prop_n1_instance_ttl" to "test_snapshots/prop_n1_instance_ttl.624.json".
Writing test snapshot file for test "prop_n1_instance_ttl" to "test_snapshots/prop_n1_instance_ttl.625.json".
Writing test snapshot file for test "prop_n1_instance_ttl" to "test_snapshots/prop_n1_instance_ttl.626.json".
Writing test snapshot file for test "prop_n1_instance_ttl" to "test_snapshots/prop_n1_instance_ttl.627.json".
Writing test snapshot file for test "prop_n1_instance_ttl" to "test_snapshots/prop_n1_instance_ttl.628.json".
Writing test snapshot file for test "prop_n1_instance_ttl" to "test_snapshots/prop_n1_instance_ttl.629.json".
Writing test snapshot file for test "prop_n1_instance_ttl" to "test_snapshots/prop_n1_instance_ttl.630.json".
Writing test snapshot file for test "prop_n1_instance_ttl" to "test_snapshots/prop_n1_instance_ttl.631.json".
Writing test snapshot file for test "prop_n1_instance_ttl" to "test_snapshots/prop_n1_instance_ttl.632.json".
Writing test snapshot file for test "prop_n1_instance_ttl" to "test_snapshots/prop_n1_instance_ttl.633.json".
Writing test snapshot file for test "prop_n1_instance_ttl" to "test_snapshots/prop_n1_instance_ttl.634.json".
Writing test snapshot file for test "prop_n1_instance_ttl" to "test_snapshots/prop_n1_instance_ttl.635.json".
Writing test snapshot file for test "prop_n1_instance_ttl" to "test_snapshots/prop_n1_instance_ttl.636.json".
Writing test snapshot file for test "prop_n1_instance_ttl" to "test_snapshots/prop_n1_instance_ttl.637.json".
Writing test snapshot file for test "prop_n1_instance_ttl" to "test_snapshots/prop_n1_instance_ttl.638.json".
Writing test snapshot file for test "prop_n1_instance_ttl" to "test_snapshots/prop_n1_instance_ttl.639.json".
Writing test snapshot file for test "prop_n1_instance_ttl" to "test_snapshots/prop_n1_instance_ttl.640.json".
Writing test snapshot file for test "prop_n1_instance_ttl" to "test_snapshots/prop_n1_instance_ttl.641.json".
Writing test snapshot file for test "prop_n1_instance_ttl" to "test_snapshots/prop_n1_instance_ttl.642.json".
Writing test snapshot file for test "prop_n1_instance_ttl" to "test_snapshots/prop_n1_instance_ttl.643.json".
Writing test snapshot file for test "prop_n1_instance_ttl" to "test_snapshots/prop_n1_instance_ttl.644.json".
Writing test snapshot file for test "prop_n1_instance_ttl" to "test_snapshots/prop_n1_instance_ttl.645.json".
Writing test snapshot file for test "prop_n1_instance_ttl" to "test_snapshots/prop_n1_instance_ttl.646.json".
Writing test snapshot file for test "prop_n1_instance_ttl" to "test_snapshots/prop_n1_instance_ttl.647.json".
Writing test snapshot file for test "prop_n1_instance_ttl" to "test_snapshots/prop_n1_instance_ttl.648.json".
Writing test snapshot file for test "prop_n1_instance_ttl" to "test_snapshots/prop_n1_instance_ttl.649.json".
Writing test snapshot file for test "prop_n1_instance_ttl" to "test_snapshots/prop_n1_instance_ttl.650.json".
Writing test snapshot file for test "prop_n1_instance_ttl" to "test_snapshots/prop_n1_instance_ttl.651.json".
Writing test snapshot file for test "prop_n1_instance_ttl" to "test_snapshots/prop_n1_instance_ttl.652.json".
Writing test snapshot file for test "prop_n1_instance_ttl" to "test_snapshots/prop_n1_instance_ttl.653.json".
Writing test snapshot file for test "prop_n1_instance_ttl" to "test_snapshots/prop_n1_instance_ttl.654.json".
Writing test snapshot file for test "prop_n1_instance_ttl" to "test_snapshots/prop_n1_instance_ttl.655.json".
Writing test snapshot file for test "prop_n1_instance_ttl" to "test_snapshots/prop_n1_instance_ttl.656.json".
Writing test snapshot file for test "prop_n1_instance_ttl" to "test_snapshots/prop_n1_instance_ttl.657.json".
Writing test snapshot file for test "prop_n1_instance_ttl" to "test_snapshots/prop_n1_instance_ttl.658.json".
Writing test snapshot file for test "prop_n1_instance_ttl" to "test_snapshots/prop_n1_instance_ttl.659.json".
Writing test snapshot file for test "prop_n1_instance_ttl" to "test_snapshots/prop_n1_instance_ttl.660.json".
Writing test snapshot file for test "prop_n1_instance_ttl" to "test_snapshots/prop_n1_instance_ttl.661.json".
Writing test snapshot file for test "prop_n1_instance_ttl" to "test_snapshots/prop_n1_instance_ttl.662.json".
Writing test snapshot file for test "prop_n1_instance_ttl" to "test_snapshots/prop_n1_instance_ttl.663.json".
Writing test snapshot file for test "prop_n1_instance_ttl" to "test_snapshots/prop_n1_instance_ttl.664.json".
Writing test snapshot file for test "prop_n1_instance_ttl" to "test_snapshots/prop_n1_instance_ttl.665.json".
Writing test snapshot file for test "prop_n1_instance_ttl" to "test_snapshots/prop_n1_instance_ttl.666.json".
Writing test snapshot file for test "prop_n1_instance_ttl" to "test_snapshots/prop_n1_instance_ttl.667.json".
Writing test snapshot file for test "prop_n1_instance_ttl" to "test_snapshots/prop_n1_instance_ttl.668.json".
Writing test snapshot file for test "prop_n1_instance_ttl" to "test_snapshots/prop_n1_instance_ttl.669.json".
Writing test snapshot file for test "prop_n1_instance_ttl" to "test_snapshots/prop_n1_instance_ttl.670.json".
Writing test snapshot file for test "prop_n1_instance_ttl" to "test_snapshots/prop_n1_instance_ttl.671.json".
Writing test snapshot file for test "prop_n1_instance_ttl" to "test_snapshots/prop_n1_instance_ttl.672.json".
Writing test snapshot file for test "prop_n1_instance_ttl" to "test_snapshots/prop_n1_instance_ttl.673.json".
Writing test snapshot file for test "prop_n1_instance_ttl" to "test_snapshots/prop_n1_instance_ttl.674.json".
Writing test snapshot file for test "prop_n1_instance_ttl" to "test_snapshots/prop_n1_instance_ttl.675.json".
Writing test snapshot file for test "prop_n1_instance_ttl" to "test_snapshots/prop_n1_instance_ttl.676.json".
Writing test snapshot file for test "prop_n1_instance_ttl" to "test_snapshots/prop_n1_instance_ttl.677.json".
Writing test snapshot file for test "prop_n1_instance_ttl" to "test_snapshots/prop_n1_instance_ttl.678.json".
Writing test snapshot file for test "prop_n1_instance_ttl" to "test_snapshots/prop_n1_instance_ttl.679.json".
Writing test snapshot file for test "prop_n1_instance_ttl" to "test_snapshots/prop_n1_instance_ttl.680.json".
Writing test snapshot file for test "prop_n1_instance_ttl" to "test_snapshots/prop_n1_instance_ttl.681.json".
Writing test snapshot file for test "prop_n1_instance_ttl" to "test_snapshots/prop_n1_instance_ttl.682.json".
Writing test snapshot file for test "prop_n1_instance_ttl" to "test_snapshots/prop_n1_instance_ttl.683.json".
Writing test snapshot file for test "prop_n1_instance_ttl" to "test_snapshots/prop_n1_instance_ttl.684.json".
Writing test snapshot file for test "prop_n1_instance_ttl" to "test_snapshots/prop_n1_instance_ttl.685.json".
Writing test snapshot file for test "prop_n1_instance_ttl" to "test_snapshots/prop_n1_instance_ttl.686.json".
Writing test snapshot file for test "prop_n1_instance_ttl" to "test_snapshots/prop_n1_instance_ttl.687.json".
Writing test snapshot file for test "prop_n1_instance_ttl" to "test_snapshots/prop_n1_instance_ttl.688.json".
Writing test snapshot file for test "prop_n1_instance_ttl" to "test_snapshots/prop_n1_instance_ttl.689.json".
Writing test snapshot file for test "prop_n1_instance_ttl" to "test_snapshots/prop_n1_instance_ttl.690.json".
Writing test snapshot file for test "prop_n1_instance_ttl" to "test_snapshots/prop_n1_instance_ttl.691.json".
Writing test snapshot file for test "prop_n1_instance_ttl" to "test_snapshots/prop_n1_instance_ttl.692.json".
Writing test snapshot file for test "prop_n1_instance_ttl" to "test_snapshots/prop_n1_instance_ttl.693.json".
Writing test snapshot file for test "prop_n1_instance_ttl" to "test_snapshots/prop_n1_instance_ttl.694.json".
Writing test snapshot file for test "prop_n1_instance_ttl" to "test_snapshots/prop_n1_instance_ttl.695.json".
Writing test snapshot file for test "prop_n1_instance_ttl" to "test_snapshots/prop_n1_instance_ttl.696.json".
Writing test snapshot file for test "prop_n1_instance_ttl" to "test_snapshots/prop_n1_instance_ttl.697.json".
Writing test snapshot file for test "prop_n1_instance_ttl" to "test_snapshots/prop_n1_instance_ttl.698.json".
Writing test snapshot file for test "prop_n1_instance_ttl" to "test_snapshots/prop_n1_instance_ttl.699.json".
Writing test snapshot file for test "prop_n1_instance_ttl" to "test_snapshots/prop_n1_instance_ttl.700.json".
Writing test snapshot file for test "prop_n1_instance_ttl" to "test_snapshots/prop_n1_instance_ttl.701.json".
Writing test snapshot file for test "prop_n1_instance_ttl" to "test_snapshots/prop_n1_instance_ttl.702.json".
Writing test snapshot file for test "prop_n1_instance_ttl" to "test_snapshots/prop_n1_instance_ttl.703.json".
Writing test snapshot file for test "prop_n1_instance_ttl" to "test_snapshots/prop_n1_instance_ttl.704.json".
Writing test snapshot file for test "prop_n1_instance_ttl" to "test_snapshots/prop_n1_instance_ttl.705.json".
Writing test snapshot file for test "prop_n1_instance_ttl" to "test_snapshots/prop_n1_instance_ttl.706.json".
Writing test snapshot file for test "prop_n1_instance_ttl" to "test_snapshots/prop_n1_instance_ttl.707.json".
Writing test snapshot file for test "prop_n1_instance_ttl" to "test_snapshots/prop_n1_instance_ttl.708.json".
Writing test snapshot file for test "prop_n1_instance_ttl" to "test_snapshots/prop_n1_instance_ttl.709.json".
Writing test snapshot file for test "prop_n1_instance_ttl" to "test_snapshots/prop_n1_instance_ttl.710.json".
Writing test snapshot file for test "prop_n1_instance_ttl" to "test_snapshots/prop_n1_instance_ttl.711.json".
Writing test snapshot file for test "prop_n1_instance_ttl" to "test_snapshots/prop_n1_instance_ttl.712.json".
Writing test snapshot file for test "prop_n1_instance_ttl" to "test_snapshots/prop_n1_instance_ttl.713.json".
Writing test snapshot file for test "prop_n1_instance_ttl" to "test_snapshots/prop_n1_instance_ttl.714.json".
Writing test snapshot file for test "prop_n1_instance_ttl" to "test_snapshots/prop_n1_instance_ttl.715.json".
Writing test snapshot file for test "prop_n1_instance_ttl" to "test_snapshots/prop_n1_instance_ttl.716.json".
Writing test snapshot file for test "prop_n1_instance_ttl" to "test_snapshots/prop_n1_instance_ttl.717.json".
Writing test snapshot file for test "prop_n1_instance_ttl" to "test_snapshots/prop_n1_instance_ttl.718.json".
Writing test snapshot file for test "prop_n1_instance_ttl" to "test_snapshots/prop_n1_instance_ttl.719.json".
Writing test snapshot file for test "prop_n1_instance_ttl" to "test_snapshots/prop_n1_instance_ttl.720.json".
Writing test snapshot file for test "prop_n1_instance_ttl" to "test_snapshots/prop_n1_instance_ttl.721.json".
Writing test snapshot file for test "prop_n1_instance_ttl" to "test_snapshots/prop_n1_instance_ttl.722.json".
Writing test snapshot file for test "prop_n1_instance_ttl" to "test_snapshots/prop_n1_instance_ttl.723.json".
Writing test snapshot file for test "prop_n1_instance_ttl" to "test_snapshots/prop_n1_instance_ttl.724.json".
Writing test snapshot file for test "prop_n1_instance_ttl" to "test_snapshots/prop_n1_instance_ttl.725.json".
Writing test snapshot file for test "prop_n1_instance_ttl" to "test_snapshots/prop_n1_instance_ttl.726.json".
Writing test snapshot file for test "prop_n1_instance_ttl" to "test_snapshots/prop_n1_instance_ttl.727.json".
Writing test snapshot file for test "prop_n1_instance_ttl" to "test_snapshots/prop_n1_instance_ttl.728.json".
Writing test snapshot file for test "prop_n1_instance_ttl" to "test_snapshots/prop_n1_instance_ttl.729.json".
Writing test snapshot file for test "prop_n1_instance_ttl" to "test_snapshots/prop_n1_instance_ttl.730.json".
Writing test snapshot file for test "prop_n1_instance_ttl" to "test_snapshots/prop_n1_instance_ttl.731.json".
Writing test snapshot file for test "prop_n1_instance_ttl" to "test_snapshots/prop_n1_instance_ttl.732.json".
Writing test snapshot file for test "prop_n1_instance_ttl" to "test_snapshots/prop_n1_instance_ttl.733.json".
Writing test snapshot file for test "prop_n1_instance_ttl" to "test_snapshots/prop_n1_instance_ttl.734.json".
Writing test snapshot file for test "prop_n1_instance_ttl" to "test_snapshots/prop_n1_instance_ttl.735.json".
Writing test snapshot file for test "prop_n1_instance_ttl" to "test_snapshots/prop_n1_instance_ttl.736.json".
Writing test snapshot file for test "prop_n1_instance_ttl" to "test_snapshots/prop_n1_instance_ttl.737.json".
Writing test snapshot file for test "prop_n1_instance_ttl" to "test_snapshots/prop_n1_instance_ttl.738.json".
Writing test snapshot file for test "prop_n1_instance_ttl" to "test_snapshots/prop_n1_instance_ttl.739.json".
Writing test snapshot file for test "prop_n1_instance_ttl" to "test_snapshots/prop_n1_instance_ttl.740.json".
Writing test snapshot file for test "prop_n1_instance_ttl" to "test_snapshots/prop_n1_instance_ttl.741.json".
Writing test snapshot file for test "prop_n1_instance_ttl" to "test_snapshots/prop_n1_instance_ttl.742.json".
Writing test snapshot file for test "prop_n1_instance_ttl" to "test_snapshots/prop_n1_instance_ttl.743.json".
Writing test snapshot file for test "prop_n1_instance_ttl" to "test_snapshots/prop_n1_instance_ttl.744.json".
Writing test snapshot file for test "prop_n1_instance_ttl" to "test_snapshots/prop_n1_instance_ttl.745.json".
Writing test snapshot file for test "prop_n1_instance_ttl" to "test_snapshots/prop_n1_instance_ttl.746.json".
Writing test snapshot file for test "prop_n1_instance_ttl" to "test_snapshots/prop_n1_instance_ttl.747.json".
Writing test snapshot file for test "prop_n1_instance_ttl" to "test_snapshots/prop_n1_instance_ttl.748.json".
Writing test snapshot file for test "prop_n1_instance_ttl" to "test_snapshots/prop_n1_instance_ttl.749.json".
Writing test snapshot file for test "prop_n1_instance_ttl" to "test_snapshots/prop_n1_instance_ttl.750.json".
Writing test snapshot file for test "prop_n1_instance_ttl" to "test_snapshots/prop_n1_instance_ttl.751.json".
Writing test snapshot file for test "prop_n1_instance_ttl" to "test_snapshots/prop_n1_instance_ttl.752.json".
Writing test snapshot file for test "prop_n1_instance_ttl" to "test_snapshots/prop_n1_instance_ttl.753.json".
Writing test snapshot file for test "prop_n1_instance_ttl" to "test_snapshots/prop_n1_instance_ttl.754.json".
Writing test snapshot file for test "prop_n1_instance_ttl" to "test_snapshots/prop_n1_instance_ttl.755.json".
Writing test snapshot file for test "prop_n1_instance_ttl" to "test_snapshots/prop_n1_instance_ttl.756.json".
Writing test snapshot file for test "prop_n1_instance_ttl" to "test_snapshots/prop_n1_instance_ttl.757.json".
Writing test snapshot file for test "prop_n1_instance_ttl" to "test_snapshots/prop_n1_instance_ttl.758.json".
Writing test snapshot file for test "prop_n1_instance_ttl" to "test_snapshots/prop_n1_instance_ttl.759.json".
Writing test snapshot file for test "prop_n1_instance_ttl" to "test_snapshots/prop_n1_instance_ttl.760.json".
Writing test snapshot file for test "prop_n1_instance_ttl" to "test_snapshots/prop_n1_instance_ttl.761.json".
Writing test snapshot file for test "prop_n1_instance_ttl" to "test_snapshots/prop_n1_instance_ttl.762.json".
Writing test snapshot file for test "prop_n1_instance_ttl" to "test_snapshots/prop_n1_instance_ttl.763.json".
Writing test snapshot file for test "prop_n1_instance_ttl" to "test_snapshots/prop_n1_instance_ttl.764.json".
Writing test snapshot file for test "prop_n1_instance_ttl" to "test_snapshots/prop_n1_instance_ttl.765.json".
Writing test snapshot file for test "prop_n1_instance_ttl" to "test_snapshots/prop_n1_instance_ttl.766.json".
Writing test snapshot file for test "prop_n1_instance_ttl" to "test_snapshots/prop_n1_instance_ttl.767.json".
Writing test snapshot file for test "prop_n1_instance_ttl" to "test_snapshots/prop_n1_instance_ttl.768.json".
Writing test snapshot file for test "prop_n1_instance_ttl" to "test_snapshots/prop_n1_instance_ttl.769.json".
Writing test snapshot file for test "prop_n1_instance_ttl" to "test_snapshots/prop_n1_instance_ttl.770.json".
Writing test snapshot file for test "prop_n1_instance_ttl" to "test_snapshots/prop_n1_instance_ttl.771.json".
Writing test snapshot file for test "prop_n1_instance_ttl" to "test_snapshots/prop_n1_instance_ttl.772.json".
Writing test snapshot file for test "prop_n1_instance_ttl" to "test_snapshots/prop_n1_instance_ttl.773.json".
Writing test snapshot file for test "prop_n1_instance_ttl" to "test_snapshots/prop_n1_instance_ttl.774.json".
Writing test snapshot file for test "prop_n1_instance_ttl" to "test_snapshots/prop_n1_instance_ttl.775.json".
Writing test snapshot file for test "prop_n1_instance_ttl" to "test_snapshots/prop_n1_instance_ttl.776.json".
Writing test snapshot file for test "prop_n1_instance_ttl" to "test_snapshots/prop_n1_instance_ttl.777.json".
Writing test snapshot file for test "prop_n1_instance_ttl" to "test_snapshots/prop_n1_instance_ttl.778.json".
Writing test snapshot file for test "prop_n1_instance_ttl" to "test_snapshots/prop_n1_instance_ttl.779.json".
Writing test snapshot file for test "prop_n1_instance_ttl" to "test_snapshots/prop_n1_instance_ttl.780.json".
Writing test snapshot file for test "prop_n1_instance_ttl" to "test_snapshots/prop_n1_instance_ttl.781.json".
Writing test snapshot file for test "prop_n1_instance_ttl" to "test_snapshots/prop_n1_instance_ttl.782.json".
Writing test snapshot file for test "prop_n1_instance_ttl" to "test_snapshots/prop_n1_instance_ttl.783.json".
Writing test snapshot file for test "prop_n1_instance_ttl" to "test_snapshots/prop_n1_instance_ttl.784.json".
Writing test snapshot file for test "prop_n1_instance_ttl" to "test_snapshots/prop_n1_instance_ttl.785.json".
Writing test snapshot file for test "prop_n1_instance_ttl" to "test_snapshots/prop_n1_instance_ttl.786.json".
Writing test snapshot file for test "prop_n1_instance_ttl" to "test_snapshots/prop_n1_instance_ttl.787.json".
Writing test snapshot file for test "prop_n1_instance_ttl" to "test_snapshots/prop_n1_instance_ttl.788.json".
Writing test snapshot file for test "prop_n1_instance_ttl" to "test_snapshots/prop_n1_instance_ttl.789.json".
Writing test snapshot file for test "prop_n1_instance_ttl" to "test_snapshots/prop_n1_instance_ttl.790.json".
Writing test snapshot file for test "prop_n1_instance_ttl" to "test_snapshots/prop_n1_instance_ttl.791.json".
Writing test snapshot file for test "prop_n1_instance_ttl" to "test_snapshots/prop_n1_instance_ttl.792.json".
Writing test snapshot file for test "prop_n1_instance_ttl" to "test_snapshots/prop_n1_instance_ttl.793.json".
Writing test snapshot file for test "prop_n1_instance_ttl" to "test_snapshots/prop_n1_instance_ttl.794.json".
Writing test snapshot file for test "prop_n1_instance_ttl" to "test_snapshots/prop_n1_instance_ttl.795.json".
Writing test snapshot file for test "prop_n1_instance_ttl" to "test_snapshots/prop_n1_instance_ttl.796.json".
Writing test snapshot file for test "prop_n1_instance_ttl" to "test_snapshots/prop_n1_instance_ttl.797.json".
Writing test snapshot file for test "prop_n1_instance_ttl" to "test_snapshots/prop_n1_instance_ttl.798.json".
Writing test snapshot file for test "prop_n1_instance_ttl" to "test_snapshots/prop_n1_instance_ttl.799.json".
Writing test snapshot file for test "prop_n1_instance_ttl" to "test_snapshots/prop_n1_instance_ttl.800.json".
Writing test snapshot file for test "prop_n1_instance_ttl" to "test_snapshots/prop_n1_instance_ttl.801.json".
Writing test snapshot file for test "prop_n1_instance_ttl" to "test_snapshots/prop_n1_instance_ttl.802.json".
Writing test snapshot file for test "prop_n1_instance_ttl" to "test_snapshots/prop_n1_instance_ttl.803.json".
Writing test snapshot file for test "prop_n1_instance_ttl" to "test_snapshots/prop_n1_instance_ttl.804.json".
Writing test snapshot file for test "prop_n1_instance_ttl" to "test_snapshots/prop_n1_instance_ttl.805.json".
Writing test snapshot file for test "prop_n1_instance_ttl" to "test_snapshots/prop_n1_instance_ttl.806.json".
Writing test snapshot file for test "prop_n1_instance_ttl" to "test_snapshots/prop_n1_instance_ttl.807.json".
Writing test snapshot file for test "prop_n1_instance_ttl" to "test_snapshots/prop_n1_instance_ttl.808.json".
Writing test snapshot file for test "prop_n1_instance_ttl" to "test_snapshots/prop_n1_instance_ttl.809.json".
Writing test snapshot file for test "prop_n1_instance_ttl" to "test_snapshots/prop_n1_instance_ttl.810.json".
Writing test snapshot file for test "prop_n1_instance_ttl" to "test_snapshots/prop_n1_instance_ttl.811.json".
Writing test snapshot file for test "prop_n1_instance_ttl" to "test_snapshots/prop_n1_instance_ttl.812.json".
Writing test snapshot file for test "prop_n1_instance_ttl" to "test_snapshots/prop_n1_instance_ttl.813.json".
Writing test snapshot file for test "prop_n1_instance_ttl" to "test_snapshots/prop_n1_instance_ttl.814.json".
Writing test snapshot file for test "prop_n1_instance_ttl" to "test_snapshots/prop_n1_instance_ttl.815.json".
Writing test snapshot file for test "prop_n1_instance_ttl" to "test_snapshots/prop_n1_instance_ttl.816.json".
Writing test snapshot file for test "prop_n1_instance_ttl" to "test_snapshots/prop_n1_instance_ttl.817.json".
Writing test snapshot file for test "prop_n1_instance_ttl" to "test_snapshots/prop_n1_instance_ttl.818.json".
Writing test snapshot file for test "prop_n1_instance_ttl" to "test_snapshots/prop_n1_instance_ttl.819.json".
Writing test snapshot file for test "prop_n1_instance_ttl" to "test_snapshots/prop_n1_instance_ttl.820.json".
Writing test snapshot file for test "prop_n1_instance_ttl" to "test_snapshots/prop_n1_instance_ttl.821.json".
Writing test snapshot file for test "prop_n1_instance_ttl" to "test_snapshots/prop_n1_instance_ttl.822.json".
Writing test snapshot file for test "prop_n1_instance_ttl" to "test_snapshots/prop_n1_instance_ttl.823.json".
Writing test snapshot file for test "prop_n1_instance_ttl" to "test_snapshots/prop_n1_instance_ttl.824.json".
Writing test snapshot file for test "prop_n1_instance_ttl" to "test_snapshots/prop_n1_instance_ttl.825.json".
Writing test snapshot file for test "prop_n1_instance_ttl" to "test_snapshots/prop_n1_instance_ttl.826.json".
Writing test snapshot file for test "prop_n1_instance_ttl" to "test_snapshots/prop_n1_instance_ttl.827.json".
Writing test snapshot file for test "prop_n1_instance_ttl" to "test_snapshots/prop_n1_instance_ttl.828.json".
Writing test snapshot file for test "prop_n1_instance_ttl" to "test_snapshots/prop_n1_instance_ttl.829.json".
Writing test snapshot file for test "prop_n1_instance_ttl" to "test_snapshots/prop_n1_instance_ttl.830.json".
Writing test snapshot file for test "prop_n1_instance_ttl" to "test_snapshots/prop_n1_instance_ttl.831.json".
Writing test snapshot file for test "prop_n1_instance_ttl" to "test_snapshots/prop_n1_instance_ttl.832.json".
Writing test snapshot file for test "prop_n1_instance_ttl" to "test_snapshots/prop_n1_instance_ttl.833.json".
Writing test snapshot file for test "prop_n1_instance_ttl" to "test_snapshots/prop_n1_instance_ttl.834.json".
Writing test snapshot file for test "prop_n1_instance_ttl" to "test_snapshots/prop_n1_instance_ttl.835.json".
Writing test snapshot file for test "prop_n1_instance_ttl" to "test_snapshots/prop_n1_instance_ttl.836.json".
Writing test snapshot file for test "prop_n1_instance_ttl" to "test_snapshots/prop_n1_instance_ttl.837.json".
Writing test snapshot file for test "prop_n1_instance_ttl" to "test_snapshots/prop_n1_instance_ttl.838.json".
Writing test snapshot file for test "prop_n1_instance_ttl" to "test_snapshots/prop_n1_instance_ttl.839.json".
Writing test snapshot file for test "prop_n1_instance_ttl" to "test_snapshots/prop_n1_instance_ttl.840.json".
Writing test snapshot file for test "prop_n1_instance_ttl" to "test_snapshots/prop_n1_instance_ttl.841.json".
Writing test snapshot file for test "prop_n1_instance_ttl" to "test_snapshots/prop_n1_instance_ttl.842.json".
Writing test snapshot file for test "prop_n1_instance_ttl" to "test_snapshots/prop_n1_instance_ttl.843.json".
Writing test snapshot file for test "prop_n1_instance_ttl" to "test_snapshots/prop_n1_instance_ttl.844.json".
Writing test snapshot file for test "prop_n1_instance_ttl" to "test_snapshots/prop_n1_instance_ttl.845.json".
Writing test snapshot file for test "prop_n1_instance_ttl" to "test_snapshots/prop_n1_instance_ttl.846.json".
Writing test snapshot file for test "prop_n1_instance_ttl" to "test_snapshots/prop_n1_instance_ttl.847.json".
Writing test snapshot file for test "prop_n1_instance_ttl" to "test_snapshots/prop_n1_instance_ttl.848.json".
Writing test snapshot file for test "prop_n1_instance_ttl" to "test_snapshots/prop_n1_instance_ttl.849.json".
Writing test snapshot file for test "prop_n1_instance_ttl" to "test_snapshots/prop_n1_instance_ttl.850.json".
Writing test snapshot file for test "prop_n1_instance_ttl" to "test_snapshots/prop_n1_instance_ttl.851.json".
Writing test snapshot file for test "prop_n1_instance_ttl" to "test_snapshots/prop_n1_instance_ttl.852.json".
Writing test snapshot file for test "prop_n1_instance_ttl" to "test_snapshots/prop_n1_instance_ttl.853.json".
Writing test snapshot file for test "prop_n1_instance_ttl" to "test_snapshots/prop_n1_instance_ttl.854.json".
Writing test snapshot file for test "prop_n1_instance_ttl" to "test_snapshots/prop_n1_instance_ttl.855.json".
Writing test snapshot file for test "prop_n1_instance_ttl" to "test_snapshots/prop_n1_instance_ttl.856.json".
Writing test snapshot file for test "prop_n1_instance_ttl" to "test_snapshots/prop_n1_instance_ttl.857.json".
Writing test snapshot file for test "prop_n1_instance_ttl" to "test_snapshots/prop_n1_instance_ttl.858.json".
Writing test snapshot file for test "prop_n1_instance_ttl" to "test_snapshots/prop_n1_instance_ttl.859.json".
Writing test snapshot file for test "prop_n1_instance_ttl" to "test_snapshots/prop_n1_instance_ttl.860.json".
Writing test snapshot file for test "prop_n1_instance_ttl" to "test_snapshots/prop_n1_instance_ttl.861.json".
Writing test snapshot file for test "prop_n1_instance_ttl" to "test_snapshots/prop_n1_instance_ttl.862.json".
Writing test snapshot file for test "prop_n1_instance_ttl" to "test_snapshots/prop_n1_instance_ttl.863.json".
Writing test snapshot file for test "prop_n1_instance_ttl" to "test_snapshots/prop_n1_instance_ttl.864.json".
Writing test snapshot file for test "prop_n1_instance_ttl" to "test_snapshots/prop_n1_instance_ttl.865.json".
Writing test snapshot file for test "prop_n1_instance_ttl" to "test_snapshots/prop_n1_instance_ttl.866.json".
Writing test snapshot file for test "prop_n1_instance_ttl" to "test_snapshots/prop_n1_instance_ttl.867.json".
Writing test snapshot file for test "prop_n1_instance_ttl" to "test_snapshots/prop_n1_instance_ttl.868.json".
Writing test snapshot file for test "prop_n1_instance_ttl" to "test_snapshots/prop_n1_instance_ttl.869.json".
Writing test snapshot file for test "prop_n1_instance_ttl" to "test_snapshots/prop_n1_instance_ttl.870.json".
Writing test snapshot file for test "prop_n1_instance_ttl" to "test_snapshots/prop_n1_instance_ttl.871.json".
Writing test snapshot file for test "prop_n1_instance_ttl" to "test_snapshots/prop_n1_instance_ttl.872.json".
Writing test snapshot file for test "prop_n1_instance_ttl" to "test_snapshots/prop_n1_instance_ttl.873.json".
Writing test snapshot file for test "prop_n1_instance_ttl" to "test_snapshots/prop_n1_instance_ttl.874.json".
Writing test snapshot file for test "prop_n1_instance_ttl" to "test_snapshots/prop_n1_instance_ttl.875.json".
Writing test snapshot file for test "prop_n1_instance_ttl" to "test_snapshots/prop_n1_instance_ttl.876.json".
Writing test snapshot file for test "prop_n1_instance_ttl" to "test_snapshots/prop_n1_instance_ttl.877.json".
Writing test snapshot file for test "prop_n1_instance_ttl" to "test_snapshots/prop_n1_instance_ttl.878.json".
Writing test snapshot file for test "prop_n1_instance_ttl" to "test_snapshots/prop_n1_instance_ttl.879.json".
Writing test snapshot file for test "prop_n1_instance_ttl" to "test_snapshots/prop_n1_instance_ttl.880.json".
Writing test snapshot file for test "prop_n1_instance_ttl" to "test_snapshots/prop_n1_instance_ttl.881.json".
Writing test snapshot file for test "prop_n1_instance_ttl" to "test_snapshots/prop_n1_instance_ttl.882.json".
Writing test snapshot file for test "prop_n1_instance_ttl" to "test_snapshots/prop_n1_instance_ttl.883.json".
Writing test snapshot file for test "prop_n1_instance_ttl" to "test_snapshots/prop_n1_instance_ttl.884.json".
Writing test snapshot file for test "prop_n1_instance_ttl" to "test_snapshots/prop_n1_instance_ttl.885.json".
Writing test snapshot file for test "prop_n1_instance_ttl" to "test_snapshots/prop_n1_instance_ttl.886.json".
Writing test snapshot file for test "prop_n1_instance_ttl" to "test_snapshots/prop_n1_instance_ttl.887.json".
Writing test snapshot file for test "prop_n1_instance_ttl" to "test_snapshots/prop_n1_instance_ttl.888.json".
Writing test snapshot file for test "prop_n1_instance_ttl" to "test_snapshots/prop_n1_instance_ttl.889.json".
Writing test snapshot file for test "prop_n1_instance_ttl" to "test_snapshots/prop_n1_instance_ttl.890.json".
Writing test snapshot file for test "prop_n1_instance_ttl" to "test_snapshots/prop_n1_instance_ttl.891.json".
Writing test snapshot file for test "prop_n1_instance_ttl" to "test_snapshots/prop_n1_instance_ttl.892.json".
Writing test snapshot file for test "prop_n1_instance_ttl" to "test_snapshots/prop_n1_instance_ttl.893.json".
Writing test snapshot file for test "prop_n1_instance_ttl" to "test_snapshots/prop_n1_instance_ttl.894.json".
Writing test snapshot file for test "prop_n1_instance_ttl" to "test_snapshots/prop_n1_instance_ttl.895.json".
Writing test snapshot file for test "prop_n1_instance_ttl" to "test_snapshots/prop_n1_instance_ttl.896.json".
Writing test snapshot file for test "prop_n1_instance_ttl" to "test_snapshots/prop_n1_instance_ttl.897.json".
Writing test snapshot file for test "prop_n1_instance_ttl" to "test_snapshots/prop_n1_instance_ttl.898.json".
Writing test snapshot file for test "prop_n1_instance_ttl" to "test_snapshots/prop_n1_instance_ttl.899.json".
Writing test snapshot file for test "prop_n1_instance_ttl" to "test_snapshots/prop_n1_instance_ttl.900.json".
Writing test snapshot file for test "prop_n1_instance_ttl" to "test_snapshots/prop_n1_instance_ttl.901.json".
Writing test snapshot file for test "prop_n1_instance_ttl" to "test_snapshots/prop_n1_instance_ttl.902.json".
Writing test snapshot file for test "prop_n1_instance_ttl" to "test_snapshots/prop_n1_instance_ttl.903.json".
Writing test snapshot file for test "prop_n1_instance_ttl" to "test_snapshots/prop_n1_instance_ttl.904.json".
Writing test snapshot file for test "prop_n1_instance_ttl" to "test_snapshots/prop_n1_instance_ttl.905.json".
Writing test snapshot file for test "prop_n1_instance_ttl" to "test_snapshots/prop_n1_instance_ttl.906.json".
Writing test snapshot file for test "prop_n1_instance_ttl" to "test_snapshots/prop_n1_instance_ttl.907.json".
Writing test snapshot file for test "prop_n1_instance_ttl" to "test_snapshots/prop_n1_instance_ttl.908.json".
Writing test snapshot file for test "prop_n1_instance_ttl" to "test_snapshots/prop_n1_instance_ttl.909.json".
Writing test snapshot file for test "prop_n1_instance_ttl" to "test_snapshots/prop_n1_instance_ttl.910.json".
Writing test snapshot file for test "prop_n1_instance_ttl" to "test_snapshots/prop_n1_instance_ttl.911.json".
Writing test snapshot file for test "prop_n1_instance_ttl" to "test_snapshots/prop_n1_instance_ttl.912.json".
Writing test snapshot file for test "prop_n1_instance_ttl" to "test_snapshots/prop_n1_instance_ttl.913.json".
Writing test snapshot file for test "prop_n1_instance_ttl" to "test_snapshots/prop_n1_instance_ttl.914.json".
Writing test snapshot file for test "prop_n1_instance_ttl" to "test_snapshots/prop_n1_instance_ttl.915.json".
Writing test snapshot file for test "prop_n1_instance_ttl" to "test_snapshots/prop_n1_instance_ttl.916.json".
Writing test snapshot file for test "prop_n1_instance_ttl" to "test_snapshots/prop_n1_instance_ttl.917.json".
Writing test snapshot file for test "prop_n1_instance_ttl" to "test_snapshots/prop_n1_instance_ttl.918.json".
Writing test snapshot file for test "prop_n1_instance_ttl" to "test_snapshots/prop_n1_instance_ttl.919.json".
Writing test snapshot file for test "prop_n1_instance_ttl" to "test_snapshots/prop_n1_instance_ttl.920.json".
Writing test snapshot file for test "prop_n1_instance_ttl" to "test_snapshots/prop_n1_instance_ttl.921.json".
Writing test snapshot file for test "prop_n1_instance_ttl" to "test_snapshots/prop_n1_instance_ttl.922.json".
Writing test snapshot file for test "prop_n1_instance_ttl" to "test_snapshots/prop_n1_instance_ttl.923.json".
Writing test snapshot file for test "prop_n1_instance_ttl" to "test_snapshots/prop_n1_instance_ttl.924.json".
Writing test snapshot file for test "prop_n1_instance_ttl" to "test_snapshots/prop_n1_instance_ttl.925.json".
Writing test snapshot file for test "prop_n1_instance_ttl" to "test_snapshots/prop_n1_instance_ttl.926.json".
Writing test snapshot file for test "prop_n1_instance_ttl" to "test_snapshots/prop_n1_instance_ttl.927.json".
Writing test snapshot file for test "prop_n1_instance_ttl" to "test_snapshots/prop_n1_instance_ttl.928.json".
Writing test snapshot file for test "prop_n1_instance_ttl" to "test_snapshots/prop_n1_instance_ttl.929.json".
Writing test snapshot file for test "prop_n1_instance_ttl" to "test_snapshots/prop_n1_instance_ttl.930.json".
Writing test snapshot file for test "prop_n1_instance_ttl" to "test_snapshots/prop_n1_instance_ttl.931.json".
Writing test snapshot file for test "prop_n1_instance_ttl" to "test_snapshots/prop_n1_instance_ttl.932.json".
Writing test snapshot file for test "prop_n1_instance_ttl" to "test_snapshots/prop_n1_instance_ttl.933.json".
Writing test snapshot file for test "prop_n1_instance_ttl" to "test_snapshots/prop_n1_instance_ttl.934.json".
Writing test snapshot file for test "prop_n1_instance_ttl" to "test_snapshots/prop_n1_instance_ttl.935.json".
Writing test snapshot file for test "prop_n1_instance_ttl" to "test_snapshots/prop_n1_instance_ttl.936.json".
Writing test snapshot file for test "prop_n1_instance_ttl" to "test_snapshots/prop_n1_instance_ttl.937.json".
Writing test snapshot file for test "prop_n1_instance_ttl" to "test_snapshots/prop_n1_instance_ttl.938.json".
Writing test snapshot file for test "prop_n1_instance_ttl" to "test_snapshots/prop_n1_instance_ttl.939.json".
Writing test snapshot file for test "prop_n1_instance_ttl" to "test_snapshots/prop_n1_instance_ttl.940.json".
Writing test snapshot file for test "prop_n1_instance_ttl" to "test_snapshots/prop_n1_instance_ttl.941.json".
Writing test snapshot file for test "prop_n1_instance_ttl" to "test_snapshots/prop_n1_instance_ttl.942.json".
Writing test snapshot file for test "prop_n1_instance_ttl" to "test_snapshots/prop_n1_instance_ttl.943.json".
Writing test snapshot file for test "prop_n1_instance_ttl" to "test_snapshots/prop_n1_instance_ttl.944.json".
Writing test snapshot file for test "prop_n1_instance_ttl" to "test_snapshots/prop_n1_instance_ttl.945.json".
Writing test snapshot file for test "prop_n1_instance_ttl" to "test_snapshots/prop_n1_instance_ttl.946.json".
Writing test snapshot file for test "prop_n1_instance_ttl" to "test_snapshots/prop_n1_instance_ttl.947.json".
Writing test snapshot file for test "prop_n1_instance_ttl" to "test_snapshots/prop_n1_instance_ttl.948.json".
Writing test snapshot file for test "prop_n1_instance_ttl" to "test_snapshots/prop_n1_instance_ttl.949.json".
Writing test snapshot file for test "prop_n1_instance_ttl" to "test_snapshots/prop_n1_instance_ttl.950.json".
Writing test snapshot file for test "prop_n1_instance_ttl" to "test_snapshots/prop_n1_instance_ttl.951.json".
Writing test snapshot file for test "prop_n1_instance_ttl" to "test_snapshots/prop_n1_instance_ttl.952.json".
Writing test snapshot file for test "prop_n1_instance_ttl" to "test_snapshots/prop_n1_instance_ttl.953.json".
Writing test snapshot file for test "prop_n1_instance_ttl" to "test_snapshots/prop_n1_instance_ttl.954.json".
Writing test snapshot file for test "prop_n1_instance_ttl" to "test_snapshots/prop_n1_instance_ttl.955.json".
Writing test snapshot file for test "prop_n1_instance_ttl" to "test_snapshots/prop_n1_instance_ttl.956.json".
Writing test snapshot file for test "prop_n1_instance_ttl" to "test_snapshots/prop_n1_instance_ttl.957.json".
Writing test snapshot file for test "prop_n1_instance_ttl" to "test_snapshots/prop_n1_instance_ttl.958.json".
Writing test snapshot file for test "prop_n1_instance_ttl" to "test_snapshots/prop_n1_instance_ttl.959.json".
Writing test snapshot file for test "prop_n1_instance_ttl" to "test_snapshots/prop_n1_instance_ttl.960.json".
Writing test snapshot file for test "prop_n1_instance_ttl" to "test_snapshots/prop_n1_instance_ttl.961.json".
Writing test snapshot file for test "prop_n1_instance_ttl" to "test_snapshots/prop_n1_instance_ttl.962.json".
Writing test snapshot file for test "prop_n1_instance_ttl" to "test_snapshots/prop_n1_instance_ttl.963.json".
Writing test snapshot file for test "prop_n1_instance_ttl" to "test_snapshots/prop_n1_instance_ttl.964.json".
Writing test snapshot file for test "prop_n1_instance_ttl" to "test_snapshots/prop_n1_instance_ttl.965.json".
Writing test snapshot file for test "prop_n1_instance_ttl" to "test_snapshots/prop_n1_instance_ttl.966.json".
Writing test snapshot file for test "prop_n1_instance_ttl" to "test_snapshots/prop_n1_instance_ttl.967.json".
Writing test snapshot file for test "prop_n1_instance_ttl" to "test_snapshots/prop_n1_instance_ttl.968.json".
Writing test snapshot file for test "prop_n1_instance_ttl" to "test_snapshots/prop_n1_instance_ttl.969.json".
Writing test snapshot file for test "prop_n1_instance_ttl" to "test_snapshots/prop_n1_instance_ttl.970.json".
Writing test snapshot file for test "prop_n1_instance_ttl" to "test_snapshots/prop_n1_instance_ttl.971.json".
Writing test snapshot file for test "prop_n1_instance_ttl" to "test_snapshots/prop_n1_instance_ttl.972.json".
Writing test snapshot file for test "prop_n1_instance_ttl" to "test_snapshots/prop_n1_instance_ttl.973.json".
Writing test snapshot file for test "prop_n1_instance_ttl" to "test_snapshots/prop_n1_instance_ttl.974.json".
Writing test snapshot file for test "prop_n1_instance_ttl" to "test_snapshots/prop_n1_instance_ttl.975.json".
Writing test snapshot file for test "prop_n1_instance_ttl" to "test_snapshots/prop_n1_instance_ttl.976.json".
Writing test snapshot file for test "prop_n1_instance_ttl" to "test_snapshots/prop_n1_instance_ttl.977.json".
Writing test snapshot file for test "prop_n1_instance_ttl" to "test_snapshots/prop_n1_instance_ttl.978.json".
Writing test snapshot file for test "prop_n1_instance_ttl" to "test_snapshots/prop_n1_instance_ttl.979.json".
Writing test snapshot file for test "prop_n1_instance_ttl" to "test_snapshots/prop_n1_instance_ttl.980.json".
Writing test snapshot file for test "prop_n1_instance_ttl" to "test_snapshots/prop_n1_instance_ttl.981.json".
Writing test snapshot file for test "prop_n1_instance_ttl" to "test_snapshots/prop_n1_instance_ttl.982.json".
Writing test snapshot file for test "prop_n1_instance_ttl" to "test_snapshots/prop_n1_instance_ttl.983.json".
Writing test snapshot file for test "prop_n1_instance_ttl" to "test_snapshots/prop_n1_instance_ttl.984.json".
Writing test snapshot file for test "prop_n1_instance_ttl" to "test_snapshots/prop_n1_instance_ttl.985.json".
Writing test snapshot file for test "prop_n1_instance_ttl" to "test_snapshots/prop_n1_instance_ttl.986.json".
Writing test snapshot file for test "prop_n1_instance_ttl" to "test_snapshots/prop_n1_instance_ttl.987.json".
Writing test snapshot file for test "prop_n1_instance_ttl" to "test_snapshots/prop_n1_instance_ttl.988.json".
Writing test snapshot file for test "prop_n1_instance_ttl" to "test_snapshots/prop_n1_instance_ttl.989.json".
Writing test snapshot file for test "prop_n1_instance_ttl" to "test_snapshots/prop_n1_instance_ttl.990.json".
Writing test snapshot file for test "prop_n1_instance_ttl" to "test_snapshots/prop_n1_instance_ttl.991.json".
Writing test snapshot file for test "prop_n1_instance_ttl" to "test_snapshots/prop_n1_instance_ttl.992.json".
Writing test snapshot file for test "prop_n1_instance_ttl" to "test_snapshots/prop_n1_instance_ttl.993.json".
Writing test snapshot file for test "prop_n1_instance_ttl" to "test_snapshots/prop_n1_instance_ttl.994.json".
Writing test snapshot file for test "prop_n1_instance_ttl" to "test_snapshots/prop_n1_instance_ttl.995.json".
Writing test snapshot file for test "prop_n1_instance_ttl" to "test_snapshots/prop_n1_instance_ttl.996.json".
Writing test snapshot file for test "prop_n1_instance_ttl" to "test_snapshots/prop_n1_instance_ttl.997.json".
Writing test snapshot file for test "prop_n1_instance_ttl" to "test_snapshots/prop_n1_instance_ttl.998.json".
Writing test snapshot file for test "prop_n1_instance_ttl" to "test_snapshots/prop_n1_instance_ttl.999.json".
Writing test snapshot file for test "prop_n1_instance_ttl" to "test_snapshots/prop_n1_instance_ttl.1000.json".
Writing test snapshot file for test "prop_n1_instance_ttl" to "test_snapshots/prop_n1_instance_ttl.1001.json".
Writing test snapshot file for test "prop_n1_instance_ttl" to "test_snapshots/prop_n1_instance_ttl.1002.json".
Writing test snapshot file for test "prop_n1_instance_ttl" to "test_snapshots/prop_n1_instance_ttl.1003.json".
Writing test snapshot file for test "prop_n1_instance_ttl" to "test_snapshots/prop_n1_instance_ttl.1004.json".
Writing test snapshot file for test "prop_n1_instance_ttl" to "test_snapshots/prop_n1_instance_ttl.1005.json".
Writing test snapshot file for test "prop_n1_instance_ttl" to "test_snapshots/prop_n1_instance_ttl.1006.json".
Writing test snapshot file for test "prop_n1_instance_ttl" to "test_snapshots/prop_n1_instance_ttl.1007.json".
Writing test snapshot file for test "prop_n1_instance_ttl" to "test_snapshots/prop_n1_instance_ttl.1008.json".
Writing test snapshot file for test "prop_n1_instance_ttl" to "test_snapshots/prop_n1_instance_ttl.1009.json".
Writing test snapshot file for test "prop_n1_instance_ttl" to "test_snapshots/prop_n1_instance_ttl.1010.json".
Writing test snapshot file for test "prop_n1_instance_ttl" to "test_snapshots/prop_n1_instance_ttl.1011.json".
Writing test snapshot file for test "prop_n1_instance_ttl" to "test_snapshots/prop_n1_instance_ttl.1012.json".
Writing test snapshot file for test "prop_n1_instance_ttl" to "test_snapshots/prop_n1_instance_ttl.1013.json".
Writing test snapshot file for test "prop_n1_instance_ttl" to "test_snapshots/prop_n1_instance_ttl.1014.json".
Writing test snapshot file for test "prop_n1_instance_ttl" to "test_snapshots/prop_n1_instance_ttl.1015.json".
Writing test snapshot file for test "prop_n1_instance_ttl" to "test_snapshots/prop_n1_instance_ttl.1016.json".
Writing test snapshot file for test "prop_n1_instance_ttl" to "test_snapshots/prop_n1_instance_ttl.1017.json".
Writing test snapshot file for test "prop_n1_instance_ttl" to "test_snapshots/prop_n1_instance_ttl.1018.json".
Writing test snapshot file for test "prop_n1_instance_ttl" to "test_snapshots/prop_n1_instance_ttl.1019.json".
Writing test snapshot file for test "prop_n1_instance_ttl" to "test_snapshots/prop_n1_instance_ttl.1020.json".
Writing test snapshot file for test "prop_n1_instance_ttl" to "test_snapshots/prop_n1_instance_ttl.1021.json".
Writing test snapshot file for test "prop_n1_instance_ttl" to "test_snapshots/prop_n1_instance_ttl.1022.json".
Writing test snapshot file for test "prop_n1_instance_ttl" to "test_snapshots/prop_n1_instance_ttl.1023.json".
Writing test snapshot file for test "prop_n1_instance_ttl" to "test_snapshots/prop_n1_instance_ttl.1024.json".
Writing test snapshot file for test "prop_n1_instance_ttl" to "test_snapshots/prop_n1_instance_ttl.1025.json".

thread 'prop_n1_instance_ttl' (3118485) panicked at 04-prototype-development/contracts/soroban-vault/tests/proptest_ai.rs:1522:1:
Test aborted: Too many global rejects
	successes: 0
	local rejects: 0
	global rejects: 1024
		1024 times at 04-prototype-development/contracts/soroban-vault/tests/proptest_ai.rs:1559:9: held > 0



failures:
    prop_exact_share_accounting
    prop_i10_balance_ttl_on_first_write
    prop_i5_no_auth_cannot_decrease_balance
    prop_i8_transfer_shares
    prop_n1_instance_ttl
    prop_n3_views_are_pure
    prop_sequence_state_invariants

test result: FAILED. 4 passed; 7 failed; 0 ignored; 0 measured; 0 filtered out; finished in 146.17s

error: test failed, to rerun pass `-p soroban-vault --test proptest_ai`

*** result: Failure(101)
